-- V3 测试种子数据脚本
-- 配套脚本: inventory_back/sql/V3__init.sql
-- 说明: 所有 URL 均为站内 mock 地址，不包含真实外链

USE inventory;

SET FOREIGN_KEY_CHECKS = 0;

DELETE FROM `inventory_log`;
DELETE FROM `inventory`;
DELETE FROM `inbound_item`;
DELETE FROM `inbound`;
DELETE FROM `arrival_item`;
DELETE FROM `arrival`;
DELETE FROM `purchase_order_item`;
DELETE FROM `purchase_order`;
DELETE FROM `purchase_request_review`;
DELETE FROM `purchase_request_item`;
DELETE FROM `purchase_request`;
DELETE FROM `supplier_file`;
DELETE FROM `supplier`;
DELETE FROM `warehouse`;
DELETE FROM `material`;
DELETE FROM `user_role`;
DELETE FROM `role`;
DELETE FROM `user`;

ALTER TABLE `role` AUTO_INCREMENT = 1;
ALTER TABLE `user` AUTO_INCREMENT = 1;
ALTER TABLE `user_role` AUTO_INCREMENT = 1;
ALTER TABLE `material` AUTO_INCREMENT = 1;
ALTER TABLE `warehouse` AUTO_INCREMENT = 1;
ALTER TABLE `supplier` AUTO_INCREMENT = 1;
ALTER TABLE `supplier_file` AUTO_INCREMENT = 1;
ALTER TABLE `purchase_request` AUTO_INCREMENT = 1;
ALTER TABLE `purchase_request_item` AUTO_INCREMENT = 1;
ALTER TABLE `purchase_request_review` AUTO_INCREMENT = 1;
ALTER TABLE `purchase_order` AUTO_INCREMENT = 1;
ALTER TABLE `purchase_order_item` AUTO_INCREMENT = 1;
ALTER TABLE `arrival` AUTO_INCREMENT = 1;
ALTER TABLE `arrival_item` AUTO_INCREMENT = 1;
ALTER TABLE `inbound` AUTO_INCREMENT = 1;
ALTER TABLE `inbound_item` AUTO_INCREMENT = 1;
ALTER TABLE `inventory` AUTO_INCREMENT = 1;
ALTER TABLE `inventory_log` AUTO_INCREMENT = 1;

INSERT INTO `role` (`id`, `code`, `name`, `sort_number`, `status`, `remark`, `create_time`, `update_time`, `deleted`) VALUES
    (1, 'ADMIN', '系统管理员', 1, 'ENABLED', '系统内置角色', '2026-01-01 09:00:00', '2026-01-01 09:00:00', 0),
    (2, 'PURCHASER', '采购员', 2, 'ENABLED', '系统内置角色', '2026-01-01 09:05:00', '2026-01-01 09:05:00', 0),
    (3, 'PURCHASE_MANAGER', '采购主管', 3, 'ENABLED', '系统内置角色', '2026-01-01 09:10:00', '2026-01-01 09:10:00', 0),
    (4, 'WAREHOUSE', '仓库岗', 4, 'ENABLED', '系统内置角色', '2026-01-01 09:15:00', '2026-01-01 09:15:00', 0),
    (5, 'SUPPLIER', '供应商', 5, 'ENABLED', '系统内置角色', '2026-01-01 09:20:00', '2026-01-01 09:20:00', 0);

INSERT INTO `user` (`id`, `username`, `password`, `name`, `phone`, `email`, `dept`, `status`, `last_login_time`, `remark`, `create_time`, `update_time`, `deleted`) VALUES
    (1, 'admin001', '{noop}123456', '系统管理员001', '13800000001', 'admin001@mock.inventory.local', '平台运营', 'ENABLED', '2026-01-03 14:00:00', '系统管理员测试账号001', '2026-01-02 12:00:00', '2026-01-03 12:00:00', 0),
    (2, 'admin002', '{noop}123456', '系统管理员002', '13800000002', 'admin002@mock.inventory.local', '平台运营', 'ENABLED', '2026-01-04 18:00:00', '系统管理员测试账号002', '2026-01-02 16:00:00', '2026-01-04 16:00:00', 0),
    (3, 'admin003', '{noop}123456', '系统管理员003', '13800000003', 'admin003@mock.inventory.local', '平台运营', 'ENABLED', '2026-01-05 22:00:00', '系统管理员测试账号003', '2026-01-02 20:00:00', '2026-01-05 20:00:00', 0),
    (4, 'admin004', '{noop}123456', '系统管理员004', '13800000004', 'admin004@mock.inventory.local', '平台运营', 'ENABLED', '2026-01-07 02:00:00', '系统管理员测试账号004', '2026-01-03 00:00:00', '2026-01-07 00:00:00', 0),
    (5, 'admin005', '{noop}123456', '系统管理员005', '13800000005', 'admin005@mock.inventory.local', '平台运营', 'ENABLED', '2026-01-08 06:00:00', '批量初始化测试账号', '2026-01-03 04:00:00', '2026-01-08 04:00:00', 0),
    (6, 'admin006', '{noop}123456', '系统管理员006', '13800000006', 'admin006@mock.inventory.local', '平台运营', 'ENABLED', NULL, '系统管理员测试账号006', '2026-01-03 08:00:00', '2026-01-09 08:00:00', 0),
    (7, 'admin007', '{noop}123456', '系统管理员007', '13800000007', 'admin007@mock.inventory.local', '平台运营', 'ENABLED', '2026-01-10 14:00:00', '系统管理员测试账号007', '2026-01-03 12:00:00', '2026-01-10 12:00:00', 0),
    (8, 'admin008', '{noop}123456', '系统管理员008', '13800000008', 'admin008@mock.inventory.local', '平台运营', 'ENABLED', '2026-01-11 18:00:00', '系统管理员测试账号008', '2026-01-03 16:00:00', '2026-01-11 16:00:00', 0),
    (9, 'admin009', '{noop}123456', '系统管理员009', '13800000009', 'admin009@mock.inventory.local', '平台运营', 'ENABLED', '2026-01-03 22:00:00', '系统管理员测试账号009', '2026-01-03 20:00:00', '2026-01-03 20:00:00', 0),
    (10, 'admin010', '{noop}123456', '系统管理员010', '13800000010', 'admin010@mock.inventory.local', '平台运营', 'ENABLED', '2026-01-05 02:00:00', '批量初始化测试账号', '2026-01-04 00:00:00', '2026-01-05 00:00:00', 0),
    (11, 'purchaser001', '{noop}123456', '采购员001', '13800000011', 'purchaser001@mock.inventory.local', '采购部', 'ENABLED', '2026-01-06 06:00:00', '采购员测试账号001', '2026-01-04 04:00:00', '2026-01-06 04:00:00', 0),
    (12, 'purchaser002', '{noop}123456', '采购员002', '13800000012', 'purchaser002@mock.inventory.local', '采购部', 'ENABLED', NULL, '采购员测试账号002', '2026-01-04 08:00:00', '2026-01-07 08:00:00', 0),
    (13, 'purchaser003', '{noop}123456', '采购员003', '13800000013', 'purchaser003@mock.inventory.local', '采购部', 'ENABLED', '2026-01-08 14:00:00', '采购员测试账号003', '2026-01-04 12:00:00', '2026-01-08 12:00:00', 0),
    (14, 'purchaser004', '{noop}123456', '采购员004', '13800000014', 'purchaser004@mock.inventory.local', '采购部', 'ENABLED', '2026-01-09 18:00:00', '采购员测试账号004', '2026-01-04 16:00:00', '2026-01-09 16:00:00', 0),
    (15, 'purchaser005', '{noop}123456', '采购员005', '13800000015', 'purchaser005@mock.inventory.local', '采购部', 'ENABLED', '2026-01-10 22:00:00', '批量初始化测试账号', '2026-01-04 20:00:00', '2026-01-10 20:00:00', 0),
    (16, 'purchaser006', '{noop}123456', '采购员006', '13800000016', 'purchaser006@mock.inventory.local', '采购部', 'ENABLED', '2026-01-12 02:00:00', '采购员测试账号006', '2026-01-05 00:00:00', '2026-01-12 00:00:00', 0),
    (17, 'purchaser007', '{noop}123456', '采购员007', '13800000017', 'purchaser007@mock.inventory.local', '采购部', 'ENABLED', '2026-01-13 06:00:00', '采购员测试账号007', '2026-01-05 04:00:00', '2026-01-13 04:00:00', 0),
    (18, 'purchaser008', '{noop}123456', '采购员008', '13800000018', 'purchaser008@mock.inventory.local', '采购部', 'ENABLED', NULL, '采购员测试账号008', '2026-01-05 08:00:00', '2026-01-05 08:00:00', 0),
    (19, 'purchaser009', '{noop}123456', '采购员009', '13800000019', 'purchaser009@mock.inventory.local', '采购部', 'ENABLED', '2026-01-06 14:00:00', '采购员测试账号009', '2026-01-05 12:00:00', '2026-01-06 12:00:00', 0),
    (20, 'purchaser010', '{noop}123456', '采购员010', '13800000020', 'purchaser010@mock.inventory.local', '采购部', 'ENABLED', '2026-01-07 18:00:00', '批量初始化测试账号', '2026-01-05 16:00:00', '2026-01-07 16:00:00', 0),
    (21, 'purchaser011', '{noop}123456', '采购员011', '13800000021', 'purchaser011@mock.inventory.local', '采购部', 'ENABLED', '2026-01-08 22:00:00', '采购员测试账号011', '2026-01-05 20:00:00', '2026-01-08 20:00:00', 0),
    (22, 'purchaser012', '{noop}123456', '采购员012', '13800000022', 'purchaser012@mock.inventory.local', '采购部', 'ENABLED', '2026-01-10 02:00:00', '采购员测试账号012', '2026-01-06 00:00:00', '2026-01-10 00:00:00', 0),
    (23, 'purchaser013', '{noop}123456', '采购员013', '13800000023', 'purchaser013@mock.inventory.local', '采购部', 'ENABLED', '2026-01-11 06:00:00', '采购员测试账号013', '2026-01-06 04:00:00', '2026-01-11 04:00:00', 0),
    (24, 'purchaser014', '{noop}123456', '采购员014', '13800000024', 'purchaser014@mock.inventory.local', '采购部', 'ENABLED', NULL, '采购员测试账号014', '2026-01-06 08:00:00', '2026-01-12 08:00:00', 0),
    (25, 'purchaser015', '{noop}123456', '采购员015', '13800000025', 'purchaser015@mock.inventory.local', '采购部', 'ENABLED', '2026-01-13 14:00:00', '批量初始化测试账号', '2026-01-06 12:00:00', '2026-01-13 12:00:00', 0),
    (26, 'manager001', '{noop}123456', '采购主管001', '13800000026', 'manager001@mock.inventory.local', '采购部', 'ENABLED', '2026-01-14 18:00:00', '采购主管测试账号001', '2026-01-06 16:00:00', '2026-01-14 16:00:00', 0),
    (27, 'manager002', '{noop}123456', '采购主管002', '13800000027', 'manager002@mock.inventory.local', '采购部', 'ENABLED', '2026-01-06 22:00:00', '采购主管测试账号002', '2026-01-06 20:00:00', '2026-01-06 20:00:00', 0),
    (28, 'manager003', '{noop}123456', '采购主管003', '13800000028', 'manager003@mock.inventory.local', '采购部', 'ENABLED', '2026-01-08 02:00:00', '采购主管测试账号003', '2026-01-07 00:00:00', '2026-01-08 00:00:00', 0),
    (29, 'manager004', '{noop}123456', '采购主管004', '13800000029', 'manager004@mock.inventory.local', '采购部', 'ENABLED', '2026-01-09 06:00:00', '采购主管测试账号004', '2026-01-07 04:00:00', '2026-01-09 04:00:00', 0),
    (30, 'manager005', '{noop}123456', '采购主管005', '13800000030', 'manager005@mock.inventory.local', '采购部', 'ENABLED', NULL, '批量初始化测试账号', '2026-01-07 08:00:00', '2026-01-10 08:00:00', 0),
    (31, 'manager006', '{noop}123456', '采购主管006', '13800000031', 'manager006@mock.inventory.local', '采购部', 'ENABLED', '2026-01-11 14:00:00', '采购主管测试账号006', '2026-01-07 12:00:00', '2026-01-11 12:00:00', 0),
    (32, 'manager007', '{noop}123456', '采购主管007', '13800000032', 'manager007@mock.inventory.local', '采购部', 'ENABLED', '2026-01-12 18:00:00', '采购主管测试账号007', '2026-01-07 16:00:00', '2026-01-12 16:00:00', 0),
    (33, 'manager008', '{noop}123456', '采购主管008', '13800000033', 'manager008@mock.inventory.local', '采购部', 'ENABLED', '2026-01-13 22:00:00', '采购主管测试账号008', '2026-01-07 20:00:00', '2026-01-13 20:00:00', 0),
    (34, 'manager009', '{noop}123456', '采购主管009', '13800000034', 'manager009@mock.inventory.local', '采购部', 'ENABLED', '2026-01-15 02:00:00', '采购主管测试账号009', '2026-01-08 00:00:00', '2026-01-15 00:00:00', 0),
    (35, 'manager010', '{noop}123456', '采购主管010', '13800000035', 'manager010@mock.inventory.local', '采购部', 'ENABLED', '2026-01-16 06:00:00', '批量初始化测试账号', '2026-01-08 04:00:00', '2026-01-16 04:00:00', 0),
    (36, 'warehouse001', '{noop}123456', '仓库岗001', '13800000036', 'warehouse001@mock.inventory.local', '仓储部', 'ENABLED', NULL, '仓库岗测试账号001', '2026-01-08 08:00:00', '2026-01-08 08:00:00', 0),
    (37, 'warehouse002', '{noop}123456', '仓库岗002', '13800000037', 'warehouse002@mock.inventory.local', '仓储部', 'ENABLED', '2026-01-09 14:00:00', '仓库岗测试账号002', '2026-01-08 12:00:00', '2026-01-09 12:00:00', 0),
    (38, 'warehouse003', '{noop}123456', '仓库岗003', '13800000038', 'warehouse003@mock.inventory.local', '仓储部', 'ENABLED', '2026-01-10 18:00:00', '仓库岗测试账号003', '2026-01-08 16:00:00', '2026-01-10 16:00:00', 0),
    (39, 'warehouse004', '{noop}123456', '仓库岗004', '13800000039', 'warehouse004@mock.inventory.local', '仓储部', 'ENABLED', '2026-01-11 22:00:00', '仓库岗测试账号004', '2026-01-08 20:00:00', '2026-01-11 20:00:00', 0),
    (40, 'warehouse005', '{noop}123456', '仓库岗005', '13800000040', 'warehouse005@mock.inventory.local', '仓储部', 'ENABLED', '2026-01-13 02:00:00', '批量初始化测试账号', '2026-01-09 00:00:00', '2026-01-13 00:00:00', 0),
    (41, 'warehouse006', '{noop}123456', '仓库岗006', '13800000041', 'warehouse006@mock.inventory.local', '仓储部', 'ENABLED', '2026-01-14 06:00:00', '仓库岗测试账号006', '2026-01-09 04:00:00', '2026-01-14 04:00:00', 0),
    (42, 'warehouse007', '{noop}123456', '仓库岗007', '13800000042', 'warehouse007@mock.inventory.local', '仓储部', 'ENABLED', NULL, '仓库岗测试账号007', '2026-01-09 08:00:00', '2026-01-15 08:00:00', 0),
    (43, 'warehouse008', '{noop}123456', '仓库岗008', '13800000043', 'warehouse008@mock.inventory.local', '仓储部', 'ENABLED', '2026-01-16 14:00:00', '仓库岗测试账号008', '2026-01-09 12:00:00', '2026-01-16 12:00:00', 0),
    (44, 'warehouse009', '{noop}123456', '仓库岗009', '13800000044', 'warehouse009@mock.inventory.local', '仓储部', 'ENABLED', '2026-01-17 18:00:00', '仓库岗测试账号009', '2026-01-09 16:00:00', '2026-01-17 16:00:00', 0),
    (45, 'warehouse010', '{noop}123456', '仓库岗010', '13800000045', 'warehouse010@mock.inventory.local', '仓储部', 'ENABLED', '2026-01-09 22:00:00', '批量初始化测试账号', '2026-01-09 20:00:00', '2026-01-09 20:00:00', 0),
    (46, 'warehouse011', '{noop}123456', '仓库岗011', '13800000046', 'warehouse011@mock.inventory.local', '仓储部', 'ENABLED', '2026-01-11 02:00:00', '仓库岗测试账号011', '2026-01-10 00:00:00', '2026-01-11 00:00:00', 0),
    (47, 'warehouse012', '{noop}123456', '仓库岗012', '13800000047', 'warehouse012@mock.inventory.local', '仓储部', 'ENABLED', '2026-01-12 06:00:00', '仓库岗测试账号012', '2026-01-10 04:00:00', '2026-01-12 04:00:00', 0),
    (48, 'warehouse013', '{noop}123456', '仓库岗013', '13800000048', 'warehouse013@mock.inventory.local', '仓储部', 'ENABLED', NULL, '仓库岗测试账号013', '2026-01-10 08:00:00', '2026-01-13 08:00:00', 0),
    (49, 'warehouse014', '{noop}123456', '仓库岗014', '13800000049', 'warehouse014@mock.inventory.local', '仓储部', 'ENABLED', '2026-01-14 14:00:00', '仓库岗测试账号014', '2026-01-10 12:00:00', '2026-01-14 12:00:00', 0),
    (50, 'warehouse015', '{noop}123456', '仓库岗015', '13800000050', 'warehouse015@mock.inventory.local', '仓储部', 'ENABLED', '2026-01-15 18:00:00', '批量初始化测试账号', '2026-01-10 16:00:00', '2026-01-15 16:00:00', 0),
    (51, 'supplier001', '{noop}123456', '供应商用户001', '13800000051', 'supplier001@mock.inventory.local', '供应商', 'ENABLED', '2026-01-16 22:00:00', '供应商用户测试账号001', '2026-01-10 20:00:00', '2026-01-16 20:00:00', 0),
    (52, 'supplier002', '{noop}123456', '供应商用户002', '13800000052', 'supplier002@mock.inventory.local', '供应商', 'ENABLED', '2026-01-18 02:00:00', '供应商用户测试账号002', '2026-01-11 00:00:00', '2026-01-18 00:00:00', 0),
    (53, 'supplier003', '{noop}123456', '供应商用户003', '13800000053', 'supplier003@mock.inventory.local', '供应商', 'ENABLED', '2026-01-19 06:00:00', '供应商用户测试账号003', '2026-01-11 04:00:00', '2026-01-19 04:00:00', 0),
    (54, 'supplier004', '{noop}123456', '供应商用户004', '13800000054', 'supplier004@mock.inventory.local', '供应商', 'ENABLED', NULL, '供应商用户测试账号004', '2026-01-11 08:00:00', '2026-01-11 08:00:00', 0),
    (55, 'supplier005', '{noop}123456', '供应商用户005', '13800000055', 'supplier005@mock.inventory.local', '供应商', 'ENABLED', '2026-01-12 14:00:00', '批量初始化测试账号', '2026-01-11 12:00:00', '2026-01-12 12:00:00', 0),
    (56, 'supplier006', '{noop}123456', '供应商用户006', '13800000056', 'supplier006@mock.inventory.local', '供应商', 'ENABLED', '2026-01-13 18:00:00', '供应商用户测试账号006', '2026-01-11 16:00:00', '2026-01-13 16:00:00', 0),
    (57, 'supplier007', '{noop}123456', '供应商用户007', '13800000057', 'supplier007@mock.inventory.local', '供应商', 'ENABLED', '2026-01-14 22:00:00', '供应商用户测试账号007', '2026-01-11 20:00:00', '2026-01-14 20:00:00', 0),
    (58, 'supplier008', '{noop}123456', '供应商用户008', '13800000058', 'supplier008@mock.inventory.local', '供应商', 'ENABLED', '2026-01-16 02:00:00', '供应商用户测试账号008', '2026-01-12 00:00:00', '2026-01-16 00:00:00', 0),
    (59, 'supplier009', '{noop}123456', '供应商用户009', '13800000059', 'supplier009@mock.inventory.local', '供应商', 'ENABLED', '2026-01-17 06:00:00', '供应商用户测试账号009', '2026-01-12 04:00:00', '2026-01-17 04:00:00', 0),
    (60, 'supplier010', '{noop}123456', '供应商用户010', '13800000060', 'supplier010@mock.inventory.local', '供应商', 'ENABLED', NULL, '批量初始化测试账号', '2026-01-12 08:00:00', '2026-01-18 08:00:00', 0),
    (61, 'supplier011', '{noop}123456', '供应商用户011', '13800000061', 'supplier011@mock.inventory.local', '供应商', 'ENABLED', '2026-01-19 14:00:00', '供应商用户测试账号011', '2026-01-12 12:00:00', '2026-01-19 12:00:00', 0),
    (62, 'supplier012', '{noop}123456', '供应商用户012', '13800000062', 'supplier012@mock.inventory.local', '供应商', 'ENABLED', '2026-01-20 18:00:00', '供应商用户测试账号012', '2026-01-12 16:00:00', '2026-01-20 16:00:00', 0),
    (63, 'supplier013', '{noop}123456', '供应商用户013', '13800000063', 'supplier013@mock.inventory.local', '供应商', 'ENABLED', '2026-01-12 22:00:00', '供应商用户测试账号013', '2026-01-12 20:00:00', '2026-01-12 20:00:00', 0),
    (64, 'supplier014', '{noop}123456', '供应商用户014', '13800000064', 'supplier014@mock.inventory.local', '供应商', 'ENABLED', '2026-01-14 02:00:00', '供应商用户测试账号014', '2026-01-13 00:00:00', '2026-01-14 00:00:00', 0),
    (65, 'supplier015', '{noop}123456', '供应商用户015', '13800000065', 'supplier015@mock.inventory.local', '供应商', 'ENABLED', '2026-01-15 06:00:00', '批量初始化测试账号', '2026-01-13 04:00:00', '2026-01-15 04:00:00', 0),
    (66, 'supplier016', '{noop}123456', '供应商用户016', '13800000066', 'supplier016@mock.inventory.local', '供应商', 'ENABLED', NULL, '供应商用户测试账号016', '2026-01-13 08:00:00', '2026-01-16 08:00:00', 0),
    (67, 'supplier017', '{noop}123456', '供应商用户017', '13800000067', 'supplier017@mock.inventory.local', '供应商', 'ENABLED', '2026-01-17 14:00:00', '供应商用户测试账号017', '2026-01-13 12:00:00', '2026-01-17 12:00:00', 0),
    (68, 'supplier018', '{noop}123456', '供应商用户018', '13800000068', 'supplier018@mock.inventory.local', '供应商', 'ENABLED', '2026-01-18 18:00:00', '供应商用户测试账号018', '2026-01-13 16:00:00', '2026-01-18 16:00:00', 0),
    (69, 'supplier019', '{noop}123456', '供应商用户019', '13800000069', 'supplier019@mock.inventory.local', '供应商', 'ENABLED', '2026-01-19 22:00:00', '供应商用户测试账号019', '2026-01-13 20:00:00', '2026-01-19 20:00:00', 0),
    (70, 'supplier020', '{noop}123456', '供应商用户020', '13800000070', 'supplier020@mock.inventory.local', '供应商', 'ENABLED', '2026-01-21 02:00:00', '批量初始化测试账号', '2026-01-14 00:00:00', '2026-01-21 00:00:00', 0),
    (71, 'supplier021', '{noop}123456', '供应商用户021', '13800000071', 'supplier021@mock.inventory.local', '供应商', 'ENABLED', '2026-01-22 06:00:00', '供应商用户测试账号021', '2026-01-14 04:00:00', '2026-01-22 04:00:00', 0),
    (72, 'supplier022', '{noop}123456', '供应商用户022', '13800000072', 'supplier022@mock.inventory.local', '供应商', 'ENABLED', NULL, '供应商用户测试账号022', '2026-01-14 08:00:00', '2026-01-14 08:00:00', 0),
    (73, 'supplier023', '{noop}123456', '供应商用户023', '13800000073', 'supplier023@mock.inventory.local', '供应商', 'ENABLED', '2026-01-15 14:00:00', '供应商用户测试账号023', '2026-01-14 12:00:00', '2026-01-15 12:00:00', 0),
    (74, 'supplier024', '{noop}123456', '供应商用户024', '13800000074', 'supplier024@mock.inventory.local', '供应商', 'ENABLED', '2026-01-16 18:00:00', '供应商用户测试账号024', '2026-01-14 16:00:00', '2026-01-16 16:00:00', 0),
    (75, 'supplier025', '{noop}123456', '供应商用户025', '13800000075', 'supplier025@mock.inventory.local', '供应商', 'ENABLED', '2026-01-17 22:00:00', '批量初始化测试账号', '2026-01-14 20:00:00', '2026-01-17 20:00:00', 0),
    (76, 'supplier026', '{noop}123456', '供应商用户026', '13800000076', 'supplier026@mock.inventory.local', '供应商', 'ENABLED', '2026-01-19 02:00:00', '供应商用户测试账号026', '2026-01-15 00:00:00', '2026-01-19 00:00:00', 0),
    (77, 'supplier027', '{noop}123456', '供应商用户027', '13800000077', 'supplier027@mock.inventory.local', '供应商', 'ENABLED', '2026-01-20 06:00:00', '供应商用户测试账号027', '2026-01-15 04:00:00', '2026-01-20 04:00:00', 0),
    (78, 'supplier028', '{noop}123456', '供应商用户028', '13800000078', 'supplier028@mock.inventory.local', '供应商', 'ENABLED', NULL, '供应商用户测试账号028', '2026-01-15 08:00:00', '2026-01-21 08:00:00', 0),
    (79, 'supplier029', '{noop}123456', '供应商用户029', '13800000079', 'supplier029@mock.inventory.local', '供应商', 'ENABLED', '2026-01-22 14:00:00', '供应商用户测试账号029', '2026-01-15 12:00:00', '2026-01-22 12:00:00', 0),
    (80, 'supplier030', '{noop}123456', '供应商用户030', '13800000080', 'supplier030@mock.inventory.local', '供应商', 'ENABLED', '2026-01-23 18:00:00', '批量初始化测试账号', '2026-01-15 16:00:00', '2026-01-23 16:00:00', 0),
    (81, 'supplier031', '{noop}123456', '供应商用户031', '13800000081', 'supplier031@mock.inventory.local', '供应商', 'ENABLED', '2026-01-15 22:00:00', '供应商用户测试账号031', '2026-01-15 20:00:00', '2026-01-15 20:00:00', 0),
    (82, 'supplier032', '{noop}123456', '供应商用户032', '13800000082', 'supplier032@mock.inventory.local', '供应商', 'ENABLED', '2026-01-17 02:00:00', '供应商用户测试账号032', '2026-01-16 00:00:00', '2026-01-17 00:00:00', 0),
    (83, 'supplier033', '{noop}123456', '供应商用户033', '13800000083', 'supplier033@mock.inventory.local', '供应商', 'ENABLED', '2026-01-18 06:00:00', '供应商用户测试账号033', '2026-01-16 04:00:00', '2026-01-18 04:00:00', 0),
    (84, 'supplier034', '{noop}123456', '供应商用户034', '13800000084', 'supplier034@mock.inventory.local', '供应商', 'ENABLED', NULL, '供应商用户测试账号034', '2026-01-16 08:00:00', '2026-01-19 08:00:00', 0),
    (85, 'supplier035', '{noop}123456', '供应商用户035', '13800000085', 'supplier035@mock.inventory.local', '供应商', 'ENABLED', '2026-01-20 14:00:00', '批量初始化测试账号', '2026-01-16 12:00:00', '2026-01-20 12:00:00', 0),
    (86, 'supplier036', '{noop}123456', '供应商用户036', '13800000086', 'supplier036@mock.inventory.local', '供应商', 'ENABLED', '2026-01-21 18:00:00', '供应商用户测试账号036', '2026-01-16 16:00:00', '2026-01-21 16:00:00', 0),
    (87, 'supplier037', '{noop}123456', '供应商用户037', '13800000087', 'supplier037@mock.inventory.local', '供应商', 'ENABLED', '2026-01-22 22:00:00', '供应商用户测试账号037', '2026-01-16 20:00:00', '2026-01-22 20:00:00', 0),
    (88, 'supplier038', '{noop}123456', '供应商用户038', '13800000088', 'supplier038@mock.inventory.local', '供应商', 'ENABLED', '2026-01-24 02:00:00', '供应商用户测试账号038', '2026-01-17 00:00:00', '2026-01-24 00:00:00', 0),
    (89, 'supplier039', '{noop}123456', '供应商用户039', '13800000089', 'supplier039@mock.inventory.local', '供应商', 'ENABLED', '2026-01-25 06:00:00', '供应商用户测试账号039', '2026-01-17 04:00:00', '2026-01-25 04:00:00', 0),
    (90, 'supplier040', '{noop}123456', '供应商用户040', '13800000090', 'supplier040@mock.inventory.local', '供应商', 'ENABLED', NULL, '批量初始化测试账号', '2026-01-17 08:00:00', '2026-01-17 08:00:00', 0),
    (91, 'supplier041', '{noop}123456', '供应商用户041', '13800000091', 'supplier041@mock.inventory.local', '供应商', 'ENABLED', '2026-01-18 14:00:00', '供应商用户测试账号041', '2026-01-17 12:00:00', '2026-01-18 12:00:00', 0),
    (92, 'supplier042', '{noop}123456', '供应商用户042', '13800000092', 'supplier042@mock.inventory.local', '供应商', 'ENABLED', '2026-01-19 18:00:00', '供应商用户测试账号042', '2026-01-17 16:00:00', '2026-01-19 16:00:00', 0),
    (93, 'supplier043', '{noop}123456', '供应商用户043', '13800000093', 'supplier043@mock.inventory.local', '供应商', 'ENABLED', '2026-01-20 22:00:00', '供应商用户测试账号043', '2026-01-17 20:00:00', '2026-01-20 20:00:00', 0),
    (94, 'supplier044', '{noop}123456', '供应商用户044', '13800000094', 'supplier044@mock.inventory.local', '供应商', 'ENABLED', '2026-01-22 02:00:00', '供应商用户测试账号044', '2026-01-18 00:00:00', '2026-01-22 00:00:00', 0),
    (95, 'supplier045', '{noop}123456', '供应商用户045', '13800000095', 'supplier045@mock.inventory.local', '供应商', 'ENABLED', '2026-01-23 06:00:00', '批量初始化测试账号', '2026-01-18 04:00:00', '2026-01-23 04:00:00', 0),
    (96, 'supplier046', '{noop}123456', '供应商用户046', '13800000096', 'supplier046@mock.inventory.local', '供应商', 'ENABLED', NULL, '供应商用户测试账号046', '2026-01-18 08:00:00', '2026-01-24 08:00:00', 0),
    (97, 'supplier047', '{noop}123456', '供应商用户047', '13800000097', 'supplier047@mock.inventory.local', '供应商', 'ENABLED', '2026-01-25 14:00:00', '供应商用户测试账号047', '2026-01-18 12:00:00', '2026-01-25 12:00:00', 0),
    (98, 'supplier048', '{noop}123456', '供应商用户048', '13800000098', 'supplier048@mock.inventory.local', '供应商', 'ENABLED', '2026-01-26 18:00:00', '供应商用户测试账号048', '2026-01-18 16:00:00', '2026-01-26 16:00:00', 0),
    (99, 'supplier049', '{noop}123456', '供应商用户049', '13800000099', 'supplier049@mock.inventory.local', '供应商', 'ENABLED', '2026-01-18 22:00:00', '供应商用户测试账号049', '2026-01-18 20:00:00', '2026-01-18 20:00:00', 0),
    (100, 'supplier050', '{noop}123456', '供应商用户050', '13800000100', 'supplier050@mock.inventory.local', '供应商', 'ENABLED', '2026-01-20 02:00:00', '批量初始化测试账号', '2026-01-19 00:00:00', '2026-01-20 00:00:00', 0),
    (101, 'supplier051', '{noop}123456', '供应商用户051', '13800000101', 'supplier051@mock.inventory.local', '供应商', 'ENABLED', '2026-01-21 06:00:00', '供应商用户测试账号051', '2026-01-19 04:00:00', '2026-01-21 04:00:00', 0),
    (102, 'supplier052', '{noop}123456', '供应商用户052', '13800000102', 'supplier052@mock.inventory.local', '供应商', 'ENABLED', NULL, '供应商用户测试账号052', '2026-01-19 08:00:00', '2026-01-22 08:00:00', 0),
    (103, 'supplier053', '{noop}123456', '供应商用户053', '13800000103', 'supplier053@mock.inventory.local', '供应商', 'ENABLED', '2026-01-23 14:00:00', '供应商用户测试账号053', '2026-01-19 12:00:00', '2026-01-23 12:00:00', 0),
    (104, 'supplier054', '{noop}123456', '供应商用户054', '13800000104', 'supplier054@mock.inventory.local', '供应商', 'ENABLED', '2026-01-24 18:00:00', '供应商用户测试账号054', '2026-01-19 16:00:00', '2026-01-24 16:00:00', 0),
    (105, 'supplier055', '{noop}123456', '供应商用户055', '13800000105', 'supplier055@mock.inventory.local', '供应商', 'ENABLED', '2026-01-25 22:00:00', '批量初始化测试账号', '2026-01-19 20:00:00', '2026-01-25 20:00:00', 0),
    (106, 'supplier056', '{noop}123456', '供应商用户056', '13800000106', 'supplier056@mock.inventory.local', '供应商', 'ENABLED', '2026-01-27 02:00:00', '供应商用户测试账号056', '2026-01-20 00:00:00', '2026-01-27 00:00:00', 0),
    (107, 'supplier057', '{noop}123456', '供应商用户057', '13800000107', 'supplier057@mock.inventory.local', '供应商', 'ENABLED', '2026-01-28 06:00:00', '供应商用户测试账号057', '2026-01-20 04:00:00', '2026-01-28 04:00:00', 0),
    (108, 'supplier058', '{noop}123456', '供应商用户058', '13800000108', 'supplier058@mock.inventory.local', '供应商', 'ENABLED', NULL, '供应商用户测试账号058', '2026-01-20 08:00:00', '2026-01-20 08:00:00', 0),
    (109, 'supplier059', '{noop}123456', '供应商用户059', '13800000109', 'supplier059@mock.inventory.local', '供应商', 'ENABLED', '2026-01-21 14:00:00', '供应商用户测试账号059', '2026-01-20 12:00:00', '2026-01-21 12:00:00', 0),
    (110, 'supplier060', '{noop}123456', '供应商用户060', '13800000110', 'supplier060@mock.inventory.local', '供应商', 'ENABLED', '2026-01-22 18:00:00', '批量初始化测试账号', '2026-01-20 16:00:00', '2026-01-22 16:00:00', 0),
    (111, 'supplier061', '{noop}123456', '供应商用户061', '13800000111', 'supplier061@mock.inventory.local', '供应商', 'ENABLED', '2026-01-23 22:00:00', '供应商用户测试账号061', '2026-01-20 20:00:00', '2026-01-23 20:00:00', 0),
    (112, 'supplier062', '{noop}123456', '供应商用户062', '13800000112', 'supplier062@mock.inventory.local', '供应商', 'ENABLED', '2026-01-25 02:00:00', '供应商用户测试账号062', '2026-01-21 00:00:00', '2026-01-25 00:00:00', 0),
    (113, 'supplier063', '{noop}123456', '供应商用户063', '13800000113', 'supplier063@mock.inventory.local', '供应商', 'ENABLED', '2026-01-26 06:00:00', '供应商用户测试账号063', '2026-01-21 04:00:00', '2026-01-26 04:00:00', 0),
    (114, 'supplier064', '{noop}123456', '供应商用户064', '13800000114', 'supplier064@mock.inventory.local', '供应商', 'ENABLED', NULL, '供应商用户测试账号064', '2026-01-21 08:00:00', '2026-01-27 08:00:00', 0),
    (115, 'supplier065', '{noop}123456', '供应商用户065', '13800000115', 'supplier065@mock.inventory.local', '供应商', 'ENABLED', '2026-01-28 14:00:00', '批量初始化测试账号', '2026-01-21 12:00:00', '2026-01-28 12:00:00', 0),
    (116, 'supplier066', '{noop}123456', '供应商用户066', '13800000116', 'supplier066@mock.inventory.local', '供应商', 'ENABLED', '2026-01-29 18:00:00', '供应商用户测试账号066', '2026-01-21 16:00:00', '2026-01-29 16:00:00', 0),
    (117, 'supplier067', '{noop}123456', '供应商用户067', '13800000117', 'supplier067@mock.inventory.local', '供应商', 'ENABLED', '2026-01-21 22:00:00', '供应商用户测试账号067', '2026-01-21 20:00:00', '2026-01-21 20:00:00', 0),
    (118, 'supplier068', '{noop}123456', '供应商用户068', '13800000118', 'supplier068@mock.inventory.local', '供应商', 'ENABLED', '2026-01-23 02:00:00', '供应商用户测试账号068', '2026-01-22 00:00:00', '2026-01-23 00:00:00', 0),
    (119, 'supplier069', '{noop}123456', '供应商用户069', '13800000119', 'supplier069@mock.inventory.local', '供应商', 'ENABLED', '2026-01-24 06:00:00', '供应商用户测试账号069', '2026-01-22 04:00:00', '2026-01-24 04:00:00', 0),
    (120, 'supplier070', '{noop}123456', '供应商用户070', '13800000120', 'supplier070@mock.inventory.local', '供应商', 'ENABLED', NULL, '批量初始化测试账号', '2026-01-22 08:00:00', '2026-01-25 08:00:00', 0),
    (121, 'supplier071', '{noop}123456', '供应商用户071', '13800000121', 'supplier071@mock.inventory.local', '供应商', 'ENABLED', '2026-01-26 14:00:00', '供应商用户测试账号071', '2026-01-22 12:00:00', '2026-01-26 12:00:00', 0),
    (122, 'supplier072', '{noop}123456', '供应商用户072', '13800000122', 'supplier072@mock.inventory.local', '供应商', 'ENABLED', '2026-01-27 18:00:00', '供应商用户测试账号072', '2026-01-22 16:00:00', '2026-01-27 16:00:00', 0),
    (123, 'supplier073', '{noop}123456', '供应商用户073', '13800000123', 'supplier073@mock.inventory.local', '供应商', 'ENABLED', '2026-01-28 22:00:00', '供应商用户测试账号073', '2026-01-22 20:00:00', '2026-01-28 20:00:00', 0),
    (124, 'supplier074', '{noop}123456', '供应商用户074', '13800000124', 'supplier074@mock.inventory.local', '供应商', 'ENABLED', '2026-01-30 02:00:00', '供应商用户测试账号074', '2026-01-23 00:00:00', '2026-01-30 00:00:00', 0),
    (125, 'supplier075', '{noop}123456', '供应商用户075', '13800000125', 'supplier075@mock.inventory.local', '供应商', 'ENABLED', '2026-01-31 06:00:00', '批量初始化测试账号', '2026-01-23 04:00:00', '2026-01-31 04:00:00', 0),
    (126, 'supplier076', '{noop}123456', '供应商用户076', '13800000126', 'supplier076@mock.inventory.local', '供应商', 'ENABLED', NULL, '供应商用户测试账号076', '2026-01-23 08:00:00', '2026-01-23 08:00:00', 0),
    (127, 'supplier077', '{noop}123456', '供应商用户077', '13800000127', 'supplier077@mock.inventory.local', '供应商', 'ENABLED', '2026-01-24 14:00:00', '供应商用户测试账号077', '2026-01-23 12:00:00', '2026-01-24 12:00:00', 0),
    (128, 'supplier078', '{noop}123456', '供应商用户078', '13800000128', 'supplier078@mock.inventory.local', '供应商', 'ENABLED', '2026-01-25 18:00:00', '供应商用户测试账号078', '2026-01-23 16:00:00', '2026-01-25 16:00:00', 0),
    (129, 'supplier079', '{noop}123456', '供应商用户079', '13800000129', 'supplier079@mock.inventory.local', '供应商', 'ENABLED', '2026-01-26 22:00:00', '供应商用户测试账号079', '2026-01-23 20:00:00', '2026-01-26 20:00:00', 0),
    (130, 'supplier080', '{noop}123456', '供应商用户080', '13800000130', 'supplier080@mock.inventory.local', '供应商', 'ENABLED', '2026-01-28 02:00:00', '批量初始化测试账号', '2026-01-24 00:00:00', '2026-01-28 00:00:00', 0),
    (131, 'supplier081', '{noop}123456', '供应商用户081', '13800000131', 'supplier081@mock.inventory.local', '供应商', 'ENABLED', '2026-01-29 06:00:00', '供应商用户测试账号081', '2026-01-24 04:00:00', '2026-01-29 04:00:00', 0),
    (132, 'supplier082', '{noop}123456', '供应商用户082', '13800000132', 'supplier082@mock.inventory.local', '供应商', 'ENABLED', NULL, '供应商用户测试账号082', '2026-01-24 08:00:00', '2026-01-30 08:00:00', 0),
    (133, 'supplier083', '{noop}123456', '供应商用户083', '13800000133', 'supplier083@mock.inventory.local', '供应商', 'ENABLED', '2026-01-31 14:00:00', '供应商用户测试账号083', '2026-01-24 12:00:00', '2026-01-31 12:00:00', 0),
    (134, 'supplier084', '{noop}123456', '供应商用户084', '13800000134', 'supplier084@mock.inventory.local', '供应商', 'ENABLED', '2026-02-01 18:00:00', '供应商用户测试账号084', '2026-01-24 16:00:00', '2026-02-01 16:00:00', 0),
    (135, 'supplier085', '{noop}123456', '供应商用户085', '13800000135', 'supplier085@mock.inventory.local', '供应商', 'ENABLED', '2026-01-24 22:00:00', '批量初始化测试账号', '2026-01-24 20:00:00', '2026-01-24 20:00:00', 0),
    (136, 'supplier086', '{noop}123456', '供应商用户086', '13800000136', 'supplier086@mock.inventory.local', '供应商', 'ENABLED', '2026-01-26 02:00:00', '供应商用户测试账号086', '2026-01-25 00:00:00', '2026-01-26 00:00:00', 0),
    (137, 'supplier087', '{noop}123456', '供应商用户087', '13800000137', 'supplier087@mock.inventory.local', '供应商', 'ENABLED', '2026-01-27 06:00:00', '供应商用户测试账号087', '2026-01-25 04:00:00', '2026-01-27 04:00:00', 0),
    (138, 'supplier088', '{noop}123456', '供应商用户088', '13800000138', 'supplier088@mock.inventory.local', '供应商', 'ENABLED', NULL, '供应商用户测试账号088', '2026-01-25 08:00:00', '2026-01-28 08:00:00', 0),
    (139, 'supplier089', '{noop}123456', '供应商用户089', '13800000139', 'supplier089@mock.inventory.local', '供应商', 'ENABLED', '2026-01-29 14:00:00', '供应商用户测试账号089', '2026-01-25 12:00:00', '2026-01-29 12:00:00', 0),
    (140, 'supplier090', '{noop}123456', '供应商用户090', '13800000140', 'supplier090@mock.inventory.local', '供应商', 'ENABLED', '2026-01-30 18:00:00', '批量初始化测试账号', '2026-01-25 16:00:00', '2026-01-30 16:00:00', 0),
    (141, 'supplier091', '{noop}123456', '供应商用户091', '13800000141', 'supplier091@mock.inventory.local', '供应商', 'ENABLED', '2026-01-31 22:00:00', '供应商用户测试账号091', '2026-01-25 20:00:00', '2026-01-31 20:00:00', 0),
    (142, 'supplier092', '{noop}123456', '供应商用户092', '13800000142', 'supplier092@mock.inventory.local', '供应商', 'ENABLED', '2026-02-02 02:00:00', '供应商用户测试账号092', '2026-01-26 00:00:00', '2026-02-02 00:00:00', 0),
    (143, 'supplier093', '{noop}123456', '供应商用户093', '13800000143', 'supplier093@mock.inventory.local', '供应商', 'ENABLED', '2026-02-03 06:00:00', '供应商用户测试账号093', '2026-01-26 04:00:00', '2026-02-03 04:00:00', 0),
    (144, 'supplier094', '{noop}123456', '供应商用户094', '13800000144', 'supplier094@mock.inventory.local', '供应商', 'ENABLED', NULL, '供应商用户测试账号094', '2026-01-26 08:00:00', '2026-01-26 08:00:00', 0),
    (145, 'supplier095', '{noop}123456', '供应商用户095', '13800000145', 'supplier095@mock.inventory.local', '供应商', 'ENABLED', '2026-01-27 14:00:00', '批量初始化测试账号', '2026-01-26 12:00:00', '2026-01-27 12:00:00', 0),
    (146, 'supplier096', '{noop}123456', '供应商用户096', '13800000146', 'supplier096@mock.inventory.local', '供应商', 'ENABLED', '2026-01-28 18:00:00', '供应商用户测试账号096', '2026-01-26 16:00:00', '2026-01-28 16:00:00', 0),
    (147, 'supplier097', '{noop}123456', '供应商用户097', '13800000147', 'supplier097@mock.inventory.local', '供应商', 'ENABLED', '2026-01-29 22:00:00', '供应商用户测试账号097', '2026-01-26 20:00:00', '2026-01-29 20:00:00', 0),
    (148, 'supplier098', '{noop}123456', '供应商用户098', '13800000148', 'supplier098@mock.inventory.local', '供应商', 'ENABLED', '2026-01-31 02:00:00', '供应商用户测试账号098', '2026-01-27 00:00:00', '2026-01-31 00:00:00', 0),
    (149, 'supplier099', '{noop}123456', '供应商用户099', '13800000149', 'supplier099@mock.inventory.local', '供应商', 'ENABLED', '2026-02-01 06:00:00', '供应商用户测试账号099', '2026-01-27 04:00:00', '2026-02-01 04:00:00', 0),
    (150, 'supplier100', '{noop}123456', '供应商用户100', '13800000150', 'supplier100@mock.inventory.local', '供应商', 'ENABLED', NULL, '批量初始化测试账号', '2026-01-27 08:00:00', '2026-02-02 08:00:00', 0);

INSERT INTO `user_role` (`id`, `user_id`, `role_id`, `is_primary`, `create_time`) VALUES
    (1, 1, 1, 1, '2026-01-02 12:00:00'),
    (2, 2, 1, 1, '2026-01-02 16:00:00'),
    (3, 3, 1, 1, '2026-01-02 20:00:00'),
    (4, 4, 1, 1, '2026-01-03 00:00:00'),
    (5, 5, 1, 1, '2026-01-03 04:00:00'),
    (6, 6, 1, 1, '2026-01-03 08:00:00'),
    (7, 7, 1, 1, '2026-01-03 12:00:00'),
    (8, 8, 1, 1, '2026-01-03 16:00:00'),
    (9, 9, 1, 1, '2026-01-03 20:00:00'),
    (10, 10, 1, 1, '2026-01-04 00:00:00'),
    (11, 11, 2, 1, '2026-01-04 04:00:00'),
    (12, 12, 2, 1, '2026-01-04 08:00:00'),
    (13, 13, 2, 1, '2026-01-04 12:00:00'),
    (14, 14, 2, 1, '2026-01-04 16:00:00'),
    (15, 15, 2, 1, '2026-01-04 20:00:00'),
    (16, 16, 2, 1, '2026-01-05 00:00:00'),
    (17, 17, 2, 1, '2026-01-05 04:00:00'),
    (18, 18, 2, 1, '2026-01-05 08:00:00'),
    (19, 19, 2, 1, '2026-01-05 12:00:00'),
    (20, 20, 2, 1, '2026-01-05 16:00:00'),
    (21, 21, 2, 1, '2026-01-05 20:00:00'),
    (22, 22, 2, 1, '2026-01-06 00:00:00'),
    (23, 23, 2, 1, '2026-01-06 04:00:00'),
    (24, 24, 2, 1, '2026-01-06 08:00:00'),
    (25, 25, 2, 1, '2026-01-06 12:00:00'),
    (26, 26, 3, 1, '2026-01-06 16:00:00'),
    (27, 27, 3, 1, '2026-01-06 20:00:00'),
    (28, 28, 3, 1, '2026-01-07 00:00:00'),
    (29, 29, 3, 1, '2026-01-07 04:00:00'),
    (30, 30, 3, 1, '2026-01-07 08:00:00'),
    (31, 31, 3, 1, '2026-01-07 12:00:00'),
    (32, 32, 3, 1, '2026-01-07 16:00:00'),
    (33, 33, 3, 1, '2026-01-07 20:00:00'),
    (34, 34, 3, 1, '2026-01-08 00:00:00'),
    (35, 35, 3, 1, '2026-01-08 04:00:00'),
    (36, 36, 4, 1, '2026-01-08 08:00:00'),
    (37, 37, 4, 1, '2026-01-08 12:00:00'),
    (38, 38, 4, 1, '2026-01-08 16:00:00'),
    (39, 39, 4, 1, '2026-01-08 20:00:00'),
    (40, 40, 4, 1, '2026-01-09 00:00:00'),
    (41, 41, 4, 1, '2026-01-09 04:00:00'),
    (42, 42, 4, 1, '2026-01-09 08:00:00'),
    (43, 43, 4, 1, '2026-01-09 12:00:00'),
    (44, 44, 4, 1, '2026-01-09 16:00:00'),
    (45, 45, 4, 1, '2026-01-09 20:00:00'),
    (46, 46, 4, 1, '2026-01-10 00:00:00'),
    (47, 47, 4, 1, '2026-01-10 04:00:00'),
    (48, 48, 4, 1, '2026-01-10 08:00:00'),
    (49, 49, 4, 1, '2026-01-10 12:00:00'),
    (50, 50, 4, 1, '2026-01-10 16:00:00'),
    (51, 51, 5, 1, '2026-01-10 20:00:00'),
    (52, 52, 5, 1, '2026-01-11 00:00:00'),
    (53, 53, 5, 1, '2026-01-11 04:00:00'),
    (54, 54, 5, 1, '2026-01-11 08:00:00'),
    (55, 55, 5, 1, '2026-01-11 12:00:00'),
    (56, 56, 5, 1, '2026-01-11 16:00:00'),
    (57, 57, 5, 1, '2026-01-11 20:00:00'),
    (58, 58, 5, 1, '2026-01-12 00:00:00'),
    (59, 59, 5, 1, '2026-01-12 04:00:00'),
    (60, 60, 5, 1, '2026-01-12 08:00:00'),
    (61, 61, 5, 1, '2026-01-12 12:00:00'),
    (62, 62, 5, 1, '2026-01-12 16:00:00'),
    (63, 63, 5, 1, '2026-01-12 20:00:00'),
    (64, 64, 5, 1, '2026-01-13 00:00:00'),
    (65, 65, 5, 1, '2026-01-13 04:00:00'),
    (66, 66, 5, 1, '2026-01-13 08:00:00'),
    (67, 67, 5, 1, '2026-01-13 12:00:00'),
    (68, 68, 5, 1, '2026-01-13 16:00:00'),
    (69, 69, 5, 1, '2026-01-13 20:00:00'),
    (70, 70, 5, 1, '2026-01-14 00:00:00'),
    (71, 71, 5, 1, '2026-01-14 04:00:00'),
    (72, 72, 5, 1, '2026-01-14 08:00:00'),
    (73, 73, 5, 1, '2026-01-14 12:00:00'),
    (74, 74, 5, 1, '2026-01-14 16:00:00'),
    (75, 75, 5, 1, '2026-01-14 20:00:00'),
    (76, 76, 5, 1, '2026-01-15 00:00:00'),
    (77, 77, 5, 1, '2026-01-15 04:00:00'),
    (78, 78, 5, 1, '2026-01-15 08:00:00'),
    (79, 79, 5, 1, '2026-01-15 12:00:00'),
    (80, 80, 5, 1, '2026-01-15 16:00:00'),
    (81, 81, 5, 1, '2026-01-15 20:00:00'),
    (82, 82, 5, 1, '2026-01-16 00:00:00'),
    (83, 83, 5, 1, '2026-01-16 04:00:00'),
    (84, 84, 5, 1, '2026-01-16 08:00:00'),
    (85, 85, 5, 1, '2026-01-16 12:00:00'),
    (86, 86, 5, 1, '2026-01-16 16:00:00'),
    (87, 87, 5, 1, '2026-01-16 20:00:00'),
    (88, 88, 5, 1, '2026-01-17 00:00:00'),
    (89, 89, 5, 1, '2026-01-17 04:00:00'),
    (90, 90, 5, 1, '2026-01-17 08:00:00'),
    (91, 91, 5, 1, '2026-01-17 12:00:00'),
    (92, 92, 5, 1, '2026-01-17 16:00:00'),
    (93, 93, 5, 1, '2026-01-17 20:00:00'),
    (94, 94, 5, 1, '2026-01-18 00:00:00'),
    (95, 95, 5, 1, '2026-01-18 04:00:00'),
    (96, 96, 5, 1, '2026-01-18 08:00:00'),
    (97, 97, 5, 1, '2026-01-18 12:00:00'),
    (98, 98, 5, 1, '2026-01-18 16:00:00'),
    (99, 99, 5, 1, '2026-01-18 20:00:00'),
    (100, 100, 5, 1, '2026-01-19 00:00:00'),
    (101, 101, 5, 1, '2026-01-19 04:00:00'),
    (102, 102, 5, 1, '2026-01-19 08:00:00'),
    (103, 103, 5, 1, '2026-01-19 12:00:00'),
    (104, 104, 5, 1, '2026-01-19 16:00:00'),
    (105, 105, 5, 1, '2026-01-19 20:00:00'),
    (106, 106, 5, 1, '2026-01-20 00:00:00'),
    (107, 107, 5, 1, '2026-01-20 04:00:00'),
    (108, 108, 5, 1, '2026-01-20 08:00:00'),
    (109, 109, 5, 1, '2026-01-20 12:00:00'),
    (110, 110, 5, 1, '2026-01-20 16:00:00'),
    (111, 111, 5, 1, '2026-01-20 20:00:00'),
    (112, 112, 5, 1, '2026-01-21 00:00:00'),
    (113, 113, 5, 1, '2026-01-21 04:00:00'),
    (114, 114, 5, 1, '2026-01-21 08:00:00'),
    (115, 115, 5, 1, '2026-01-21 12:00:00'),
    (116, 116, 5, 1, '2026-01-21 16:00:00'),
    (117, 117, 5, 1, '2026-01-21 20:00:00'),
    (118, 118, 5, 1, '2026-01-22 00:00:00'),
    (119, 119, 5, 1, '2026-01-22 04:00:00'),
    (120, 120, 5, 1, '2026-01-22 08:00:00'),
    (121, 121, 5, 1, '2026-01-22 12:00:00'),
    (122, 122, 5, 1, '2026-01-22 16:00:00'),
    (123, 123, 5, 1, '2026-01-22 20:00:00'),
    (124, 124, 5, 1, '2026-01-23 00:00:00'),
    (125, 125, 5, 1, '2026-01-23 04:00:00'),
    (126, 126, 5, 1, '2026-01-23 08:00:00'),
    (127, 127, 5, 1, '2026-01-23 12:00:00'),
    (128, 128, 5, 1, '2026-01-23 16:00:00'),
    (129, 129, 5, 1, '2026-01-23 20:00:00'),
    (130, 130, 5, 1, '2026-01-24 00:00:00'),
    (131, 131, 5, 1, '2026-01-24 04:00:00'),
    (132, 132, 5, 1, '2026-01-24 08:00:00'),
    (133, 133, 5, 1, '2026-01-24 12:00:00'),
    (134, 134, 5, 1, '2026-01-24 16:00:00'),
    (135, 135, 5, 1, '2026-01-24 20:00:00'),
    (136, 136, 5, 1, '2026-01-25 00:00:00'),
    (137, 137, 5, 1, '2026-01-25 04:00:00'),
    (138, 138, 5, 1, '2026-01-25 08:00:00'),
    (139, 139, 5, 1, '2026-01-25 12:00:00'),
    (140, 140, 5, 1, '2026-01-25 16:00:00'),
    (141, 141, 5, 1, '2026-01-25 20:00:00'),
    (142, 142, 5, 1, '2026-01-26 00:00:00'),
    (143, 143, 5, 1, '2026-01-26 04:00:00'),
    (144, 144, 5, 1, '2026-01-26 08:00:00'),
    (145, 145, 5, 1, '2026-01-26 12:00:00'),
    (146, 146, 5, 1, '2026-01-26 16:00:00'),
    (147, 147, 5, 1, '2026-01-26 20:00:00'),
    (148, 148, 5, 1, '2026-01-27 00:00:00'),
    (149, 149, 5, 1, '2026-01-27 04:00:00'),
    (150, 150, 5, 1, '2026-01-27 08:00:00');

INSERT INTO `material` (`id`, `code`, `name`, `specification`, `unit`, `category_name`, `safety_number`, `upper_number`, `status`, `remark`, `create_time`, `update_time`, `deleted`) VALUES
    (1, 'MAT0001', '电子元件001', '规格-2-2', '个', '电子元件', 25.000, 125.000, 'ENABLED', '电子元件示例物料001', '2026-01-05 10:00:00', '2026-01-06 10:00:00', 0),
    (2, 'MAT0002', '五金耗材002', '规格-3-3', '件', '五金耗材', 30.000, 150.000, 'ENABLED', '五金耗材示例物料002', '2026-01-05 11:00:00', '2026-01-07 11:00:00', 0),
    (3, 'MAT0003', '包装材料003', '规格-4-4', '卷', '包装材料', 35.000, 175.000, 'ENABLED', '包装材料示例物料003', '2026-01-05 12:00:00', '2026-01-08 12:00:00', 0),
    (4, 'MAT0004', '办公耗材004', '规格-5-5', '箱', '办公耗材', 40.000, 200.000, 'ENABLED', '批量导入物料', '2026-01-05 13:00:00', '2026-01-09 13:00:00', 0),
    (5, 'MAT0005', '设备配件005', '规格-6-1', '套', '设备配件', 45.000, 225.000, 'ENABLED', '设备配件示例物料005', '2026-01-05 14:00:00', '2026-01-10 14:00:00', 0),
    (6, 'MAT0006', '化工辅料006', '规格-7-2', 'kg', '化工辅料', 50.000, 250.000, 'ENABLED', '化工辅料示例物料006', '2026-01-05 15:00:00', '2026-01-11 15:00:00', 0),
    (7, 'MAT0007', '电子元件007', '规格-1-3', '个', '电子元件', 55.000, 275.000, 'ENABLED', '电子元件示例物料007', '2026-01-05 16:00:00', '2026-01-12 16:00:00', 0),
    (8, 'MAT0008', '五金耗材008', '规格-2-4', '件', '五金耗材', 60.000, 300.000, 'ENABLED', '批量导入物料', '2026-01-05 17:00:00', '2026-01-13 17:00:00', 0),
    (9, 'MAT0009', '包装材料009', '规格-3-5', '卷', '包装材料', 65.000, 325.000, 'ENABLED', '包装材料示例物料009', '2026-01-05 18:00:00', '2026-01-14 18:00:00', 0),
    (10, 'MAT0010', '办公耗材010', '规格-4-1', '箱', '办公耗材', 70.000, 350.000, 'ENABLED', '办公耗材示例物料010', '2026-01-05 19:00:00', '2026-01-15 19:00:00', 0),
    (11, 'MAT0011', '设备配件011', '规格-5-2', '套', '设备配件', 75.000, 375.000, 'ENABLED', '设备配件示例物料011', '2026-01-05 20:00:00', '2026-01-05 20:00:00', 0),
    (12, 'MAT0012', '化工辅料012', '规格-6-3', 'kg', '化工辅料', 20.000, 100.000, 'ENABLED', '批量导入物料', '2026-01-05 21:00:00', '2026-01-06 21:00:00', 0),
    (13, 'MAT0013', '电子元件013', '规格-7-4', '个', '电子元件', 25.000, 125.000, 'ENABLED', '电子元件示例物料013', '2026-01-05 22:00:00', '2026-01-07 22:00:00', 0),
    (14, 'MAT0014', '五金耗材014', '规格-1-5', '件', '五金耗材', 30.000, 150.000, 'ENABLED', '五金耗材示例物料014', '2026-01-05 23:00:00', '2026-01-08 23:00:00', 0),
    (15, 'MAT0015', '包装材料015', '规格-2-1', '卷', '包装材料', 35.000, 175.000, 'ENABLED', '包装材料示例物料015', '2026-01-06 00:00:00', '2026-01-10 00:00:00', 0),
    (16, 'MAT0016', '办公耗材016', '规格-3-2', '箱', '办公耗材', 40.000, 200.000, 'ENABLED', '批量导入物料', '2026-01-06 01:00:00', '2026-01-11 01:00:00', 0),
    (17, 'MAT0017', '设备配件017', '规格-4-3', '套', '设备配件', 45.000, 225.000, 'ENABLED', '设备配件示例物料017', '2026-01-06 02:00:00', '2026-01-12 02:00:00', 0),
    (18, 'MAT0018', '化工辅料018', '规格-5-4', 'kg', '化工辅料', 50.000, 250.000, 'ENABLED', '化工辅料示例物料018', '2026-01-06 03:00:00', '2026-01-13 03:00:00', 0),
    (19, 'MAT0019', '电子元件019', '规格-6-5', '个', '电子元件', 55.000, 275.000, 'ENABLED', '电子元件示例物料019', '2026-01-06 04:00:00', '2026-01-14 04:00:00', 0),
    (20, 'MAT0020', '五金耗材020', '规格-7-1', '件', '五金耗材', 60.000, 300.000, 'ENABLED', '批量导入物料', '2026-01-06 05:00:00', '2026-01-15 05:00:00', 0),
    (21, 'MAT0021', '包装材料021', '规格-1-2', '卷', '包装材料', 65.000, 325.000, 'ENABLED', '包装材料示例物料021', '2026-01-06 06:00:00', '2026-01-16 06:00:00', 0),
    (22, 'MAT0022', '办公耗材022', '规格-2-3', '箱', '办公耗材', 70.000, 350.000, 'ENABLED', '办公耗材示例物料022', '2026-01-06 07:00:00', '2026-01-06 07:00:00', 0),
    (23, 'MAT0023', '设备配件023', '规格-3-4', '套', '设备配件', 75.000, 375.000, 'ENABLED', '设备配件示例物料023', '2026-01-06 08:00:00', '2026-01-07 08:00:00', 0),
    (24, 'MAT0024', '化工辅料024', '规格-4-5', 'kg', '化工辅料', 20.000, 100.000, 'ENABLED', '批量导入物料', '2026-01-06 09:00:00', '2026-01-08 09:00:00', 0),
    (25, 'MAT0025', '电子元件025', '规格-5-1', '个', '电子元件', 25.000, 125.000, 'ENABLED', '电子元件示例物料025', '2026-01-06 10:00:00', '2026-01-09 10:00:00', 0),
    (26, 'MAT0026', '五金耗材026', '规格-6-2', '件', '五金耗材', 30.000, 150.000, 'ENABLED', '五金耗材示例物料026', '2026-01-06 11:00:00', '2026-01-10 11:00:00', 0),
    (27, 'MAT0027', '包装材料027', '规格-7-3', '卷', '包装材料', 35.000, 175.000, 'ENABLED', '包装材料示例物料027', '2026-01-06 12:00:00', '2026-01-11 12:00:00', 0),
    (28, 'MAT0028', '办公耗材028', '规格-1-4', '箱', '办公耗材', 40.000, 200.000, 'ENABLED', '批量导入物料', '2026-01-06 13:00:00', '2026-01-12 13:00:00', 0),
    (29, 'MAT0029', '设备配件029', '规格-2-5', '套', '设备配件', 45.000, 225.000, 'ENABLED', '设备配件示例物料029', '2026-01-06 14:00:00', '2026-01-13 14:00:00', 0),
    (30, 'MAT0030', '化工辅料030', '规格-3-1', 'kg', '化工辅料', 50.000, 250.000, 'ENABLED', '化工辅料示例物料030', '2026-01-06 15:00:00', '2026-01-14 15:00:00', 0),
    (31, 'MAT0031', '电子元件031', '规格-4-2', '个', '电子元件', 55.000, 275.000, 'ENABLED', '电子元件示例物料031', '2026-01-06 16:00:00', '2026-01-15 16:00:00', 0),
    (32, 'MAT0032', '五金耗材032', '规格-5-3', '件', '五金耗材', 60.000, 300.000, 'ENABLED', '批量导入物料', '2026-01-06 17:00:00', '2026-01-16 17:00:00', 0),
    (33, 'MAT0033', '包装材料033', '规格-6-4', '卷', '包装材料', 65.000, 325.000, 'ENABLED', '包装材料示例物料033', '2026-01-06 18:00:00', '2026-01-06 18:00:00', 0),
    (34, 'MAT0034', '办公耗材034', '规格-7-5', '箱', '办公耗材', 70.000, 350.000, 'ENABLED', '办公耗材示例物料034', '2026-01-06 19:00:00', '2026-01-07 19:00:00', 0),
    (35, 'MAT0035', '设备配件035', '规格-1-1', '套', '设备配件', 75.000, 375.000, 'ENABLED', '设备配件示例物料035', '2026-01-06 20:00:00', '2026-01-08 20:00:00', 0),
    (36, 'MAT0036', '化工辅料036', '规格-2-2', 'kg', '化工辅料', 20.000, 100.000, 'ENABLED', '批量导入物料', '2026-01-06 21:00:00', '2026-01-09 21:00:00', 0),
    (37, 'MAT0037', '电子元件037', '规格-3-3', '个', '电子元件', 25.000, 125.000, 'ENABLED', '电子元件示例物料037', '2026-01-06 22:00:00', '2026-01-10 22:00:00', 0),
    (38, 'MAT0038', '五金耗材038', '规格-4-4', '件', '五金耗材', 30.000, 150.000, 'ENABLED', '五金耗材示例物料038', '2026-01-06 23:00:00', '2026-01-11 23:00:00', 0),
    (39, 'MAT0039', '包装材料039', '规格-5-5', '卷', '包装材料', 35.000, 175.000, 'ENABLED', '包装材料示例物料039', '2026-01-07 00:00:00', '2026-01-13 00:00:00', 0),
    (40, 'MAT0040', '办公耗材040', '规格-6-1', '箱', '办公耗材', 40.000, 200.000, 'ENABLED', '批量导入物料', '2026-01-07 01:00:00', '2026-01-14 01:00:00', 0),
    (41, 'MAT0041', '设备配件041', '规格-7-2', '套', '设备配件', 45.000, 225.000, 'ENABLED', '设备配件示例物料041', '2026-01-07 02:00:00', '2026-01-15 02:00:00', 0),
    (42, 'MAT0042', '化工辅料042', '规格-1-3', 'kg', '化工辅料', 50.000, 250.000, 'ENABLED', '化工辅料示例物料042', '2026-01-07 03:00:00', '2026-01-16 03:00:00', 0),
    (43, 'MAT0043', '电子元件043', '规格-2-4', '个', '电子元件', 55.000, 275.000, 'ENABLED', '电子元件示例物料043', '2026-01-07 04:00:00', '2026-01-17 04:00:00', 0),
    (44, 'MAT0044', '五金耗材044', '规格-3-5', '件', '五金耗材', 60.000, 300.000, 'ENABLED', '批量导入物料', '2026-01-07 05:00:00', '2026-01-07 05:00:00', 0),
    (45, 'MAT0045', '包装材料045', '规格-4-1', '卷', '包装材料', 65.000, 325.000, 'ENABLED', '包装材料示例物料045', '2026-01-07 06:00:00', '2026-01-08 06:00:00', 0),
    (46, 'MAT0046', '办公耗材046', '规格-5-2', '箱', '办公耗材', 70.000, 350.000, 'ENABLED', '办公耗材示例物料046', '2026-01-07 07:00:00', '2026-01-09 07:00:00', 0),
    (47, 'MAT0047', '设备配件047', '规格-6-3', '套', '设备配件', 75.000, 375.000, 'ENABLED', '设备配件示例物料047', '2026-01-07 08:00:00', '2026-01-10 08:00:00', 0),
    (48, 'MAT0048', '化工辅料048', '规格-7-4', 'kg', '化工辅料', 20.000, 100.000, 'ENABLED', '批量导入物料', '2026-01-07 09:00:00', '2026-01-11 09:00:00', 0),
    (49, 'MAT0049', '电子元件049', '规格-1-5', '个', '电子元件', 25.000, 125.000, 'ENABLED', '电子元件示例物料049', '2026-01-07 10:00:00', '2026-01-12 10:00:00', 0),
    (50, 'MAT0050', '五金耗材050', '规格-2-1', '件', '五金耗材', 30.000, 150.000, 'ENABLED', '五金耗材示例物料050', '2026-01-07 11:00:00', '2026-01-13 11:00:00', 0),
    (51, 'MAT0051', '包装材料051', '规格-3-2', '卷', '包装材料', 35.000, 175.000, 'ENABLED', '包装材料示例物料051', '2026-01-07 12:00:00', '2026-01-14 12:00:00', 0),
    (52, 'MAT0052', '办公耗材052', '规格-4-3', '箱', '办公耗材', 40.000, 200.000, 'ENABLED', '批量导入物料', '2026-01-07 13:00:00', '2026-01-15 13:00:00', 0),
    (53, 'MAT0053', '设备配件053', '规格-5-4', '套', '设备配件', 45.000, 225.000, 'ENABLED', '设备配件示例物料053', '2026-01-07 14:00:00', '2026-01-16 14:00:00', 0),
    (54, 'MAT0054', '化工辅料054', '规格-6-5', 'kg', '化工辅料', 50.000, 250.000, 'ENABLED', '化工辅料示例物料054', '2026-01-07 15:00:00', '2026-01-17 15:00:00', 0),
    (55, 'MAT0055', '电子元件055', '规格-7-1', '个', '电子元件', 55.000, 275.000, 'ENABLED', '电子元件示例物料055', '2026-01-07 16:00:00', '2026-01-07 16:00:00', 0),
    (56, 'MAT0056', '五金耗材056', '规格-1-2', '件', '五金耗材', 60.000, 300.000, 'ENABLED', '批量导入物料', '2026-01-07 17:00:00', '2026-01-08 17:00:00', 0),
    (57, 'MAT0057', '包装材料057', '规格-2-3', '卷', '包装材料', 65.000, 325.000, 'ENABLED', '包装材料示例物料057', '2026-01-07 18:00:00', '2026-01-09 18:00:00', 0),
    (58, 'MAT0058', '办公耗材058', '规格-3-4', '箱', '办公耗材', 70.000, 350.000, 'ENABLED', '办公耗材示例物料058', '2026-01-07 19:00:00', '2026-01-10 19:00:00', 0),
    (59, 'MAT0059', '设备配件059', '规格-4-5', '套', '设备配件', 75.000, 375.000, 'ENABLED', '设备配件示例物料059', '2026-01-07 20:00:00', '2026-01-11 20:00:00', 0),
    (60, 'MAT0060', '化工辅料060', '规格-5-1', 'kg', '化工辅料', 20.000, 100.000, 'ENABLED', '批量导入物料', '2026-01-07 21:00:00', '2026-01-12 21:00:00', 0),
    (61, 'MAT0061', '电子元件061', '规格-6-2', '个', '电子元件', 25.000, 125.000, 'ENABLED', '电子元件示例物料061', '2026-01-07 22:00:00', '2026-01-13 22:00:00', 0),
    (62, 'MAT0062', '五金耗材062', '规格-7-3', '件', '五金耗材', 30.000, 150.000, 'ENABLED', '五金耗材示例物料062', '2026-01-07 23:00:00', '2026-01-14 23:00:00', 0),
    (63, 'MAT0063', '包装材料063', '规格-1-4', '卷', '包装材料', 35.000, 175.000, 'ENABLED', '包装材料示例物料063', '2026-01-08 00:00:00', '2026-01-16 00:00:00', 0),
    (64, 'MAT0064', '办公耗材064', '规格-2-5', '箱', '办公耗材', 40.000, 200.000, 'ENABLED', '批量导入物料', '2026-01-08 01:00:00', '2026-01-17 01:00:00', 0),
    (65, 'MAT0065', '设备配件065', '规格-3-1', '套', '设备配件', 45.000, 225.000, 'ENABLED', '设备配件示例物料065', '2026-01-08 02:00:00', '2026-01-18 02:00:00', 0),
    (66, 'MAT0066', '化工辅料066', '规格-4-2', 'kg', '化工辅料', 50.000, 250.000, 'ENABLED', '化工辅料示例物料066', '2026-01-08 03:00:00', '2026-01-08 03:00:00', 0),
    (67, 'MAT0067', '电子元件067', '规格-5-3', '个', '电子元件', 55.000, 275.000, 'ENABLED', '电子元件示例物料067', '2026-01-08 04:00:00', '2026-01-09 04:00:00', 0),
    (68, 'MAT0068', '五金耗材068', '规格-6-4', '件', '五金耗材', 60.000, 300.000, 'ENABLED', '批量导入物料', '2026-01-08 05:00:00', '2026-01-10 05:00:00', 0),
    (69, 'MAT0069', '包装材料069', '规格-7-5', '卷', '包装材料', 65.000, 325.000, 'ENABLED', '包装材料示例物料069', '2026-01-08 06:00:00', '2026-01-11 06:00:00', 0),
    (70, 'MAT0070', '办公耗材070', '规格-1-1', '箱', '办公耗材', 70.000, 350.000, 'ENABLED', '办公耗材示例物料070', '2026-01-08 07:00:00', '2026-01-12 07:00:00', 0),
    (71, 'MAT0071', '设备配件071', '规格-2-2', '套', '设备配件', 75.000, 375.000, 'ENABLED', '设备配件示例物料071', '2026-01-08 08:00:00', '2026-01-13 08:00:00', 0),
    (72, 'MAT0072', '化工辅料072', '规格-3-3', 'kg', '化工辅料', 20.000, 100.000, 'ENABLED', '批量导入物料', '2026-01-08 09:00:00', '2026-01-14 09:00:00', 0),
    (73, 'MAT0073', '电子元件073', '规格-4-4', '个', '电子元件', 25.000, 125.000, 'ENABLED', '电子元件示例物料073', '2026-01-08 10:00:00', '2026-01-15 10:00:00', 0),
    (74, 'MAT0074', '五金耗材074', '规格-5-5', '件', '五金耗材', 30.000, 150.000, 'ENABLED', '五金耗材示例物料074', '2026-01-08 11:00:00', '2026-01-16 11:00:00', 0),
    (75, 'MAT0075', '包装材料075', '规格-6-1', '卷', '包装材料', 35.000, 175.000, 'ENABLED', '包装材料示例物料075', '2026-01-08 12:00:00', '2026-01-17 12:00:00', 0),
    (76, 'MAT0076', '办公耗材076', '规格-7-2', '箱', '办公耗材', 40.000, 200.000, 'ENABLED', '批量导入物料', '2026-01-08 13:00:00', '2026-01-18 13:00:00', 0),
    (77, 'MAT0077', '设备配件077', '规格-1-3', '套', '设备配件', 45.000, 225.000, 'ENABLED', '设备配件示例物料077', '2026-01-08 14:00:00', '2026-01-08 14:00:00', 0),
    (78, 'MAT0078', '化工辅料078', '规格-2-4', 'kg', '化工辅料', 50.000, 250.000, 'ENABLED', '化工辅料示例物料078', '2026-01-08 15:00:00', '2026-01-09 15:00:00', 0),
    (79, 'MAT0079', '电子元件079', '规格-3-5', '个', '电子元件', 55.000, 275.000, 'ENABLED', '电子元件示例物料079', '2026-01-08 16:00:00', '2026-01-10 16:00:00', 0),
    (80, 'MAT0080', '五金耗材080', '规格-4-1', '件', '五金耗材', 60.000, 300.000, 'ENABLED', '批量导入物料', '2026-01-08 17:00:00', '2026-01-11 17:00:00', 0),
    (81, 'MAT0081', '包装材料081', '规格-5-2', '卷', '包装材料', 65.000, 325.000, 'ENABLED', '包装材料示例物料081', '2026-01-08 18:00:00', '2026-01-12 18:00:00', 0),
    (82, 'MAT0082', '办公耗材082', '规格-6-3', '箱', '办公耗材', 70.000, 350.000, 'ENABLED', '办公耗材示例物料082', '2026-01-08 19:00:00', '2026-01-13 19:00:00', 0),
    (83, 'MAT0083', '设备配件083', '规格-7-4', '套', '设备配件', 75.000, 375.000, 'ENABLED', '设备配件示例物料083', '2026-01-08 20:00:00', '2026-01-14 20:00:00', 0),
    (84, 'MAT0084', '化工辅料084', '规格-1-5', 'kg', '化工辅料', 20.000, 100.000, 'ENABLED', '批量导入物料', '2026-01-08 21:00:00', '2026-01-15 21:00:00', 0),
    (85, 'MAT0085', '电子元件085', '规格-2-1', '个', '电子元件', 25.000, 125.000, 'ENABLED', '电子元件示例物料085', '2026-01-08 22:00:00', '2026-01-16 22:00:00', 0),
    (86, 'MAT0086', '五金耗材086', '规格-3-2', '件', '五金耗材', 30.000, 150.000, 'ENABLED', '五金耗材示例物料086', '2026-01-08 23:00:00', '2026-01-17 23:00:00', 0),
    (87, 'MAT0087', '包装材料087', '规格-4-3', '卷', '包装材料', 35.000, 175.000, 'ENABLED', '包装材料示例物料087', '2026-01-09 00:00:00', '2026-01-19 00:00:00', 0),
    (88, 'MAT0088', '办公耗材088', '规格-5-4', '箱', '办公耗材', 40.000, 200.000, 'ENABLED', '批量导入物料', '2026-01-09 01:00:00', '2026-01-09 01:00:00', 0),
    (89, 'MAT0089', '设备配件089', '规格-6-5', '套', '设备配件', 45.000, 225.000, 'ENABLED', '设备配件示例物料089', '2026-01-09 02:00:00', '2026-01-10 02:00:00', 0),
    (90, 'MAT0090', '化工辅料090', '规格-7-1', 'kg', '化工辅料', 50.000, 250.000, 'ENABLED', '化工辅料示例物料090', '2026-01-09 03:00:00', '2026-01-11 03:00:00', 0),
    (91, 'MAT0091', '电子元件091', '规格-1-2', '个', '电子元件', 55.000, 275.000, 'ENABLED', '电子元件示例物料091', '2026-01-09 04:00:00', '2026-01-12 04:00:00', 0),
    (92, 'MAT0092', '五金耗材092', '规格-2-3', '件', '五金耗材', 60.000, 300.000, 'ENABLED', '批量导入物料', '2026-01-09 05:00:00', '2026-01-13 05:00:00', 0),
    (93, 'MAT0093', '包装材料093', '规格-3-4', '卷', '包装材料', 65.000, 325.000, 'ENABLED', '包装材料示例物料093', '2026-01-09 06:00:00', '2026-01-14 06:00:00', 0),
    (94, 'MAT0094', '办公耗材094', '规格-4-5', '箱', '办公耗材', 70.000, 350.000, 'ENABLED', '办公耗材示例物料094', '2026-01-09 07:00:00', '2026-01-15 07:00:00', 0),
    (95, 'MAT0095', '设备配件095', '规格-5-1', '套', '设备配件', 75.000, 375.000, 'ENABLED', '设备配件示例物料095', '2026-01-09 08:00:00', '2026-01-16 08:00:00', 0),
    (96, 'MAT0096', '化工辅料096', '规格-6-2', 'kg', '化工辅料', 20.000, 100.000, 'ENABLED', '批量导入物料', '2026-01-09 09:00:00', '2026-01-17 09:00:00', 0),
    (97, 'MAT0097', '电子元件097', '规格-7-3', '个', '电子元件', 25.000, 125.000, 'ENABLED', '电子元件示例物料097', '2026-01-09 10:00:00', '2026-01-18 10:00:00', 0),
    (98, 'MAT0098', '五金耗材098', '规格-1-4', '件', '五金耗材', 30.000, 150.000, 'ENABLED', '五金耗材示例物料098', '2026-01-09 11:00:00', '2026-01-19 11:00:00', 0),
    (99, 'MAT0099', '包装材料099', '规格-2-5', '卷', '包装材料', 35.000, 175.000, 'ENABLED', '包装材料示例物料099', '2026-01-09 12:00:00', '2026-01-09 12:00:00', 0),
    (100, 'MAT0100', '办公耗材100', '规格-3-1', '箱', '办公耗材', 40.000, 200.000, 'ENABLED', '批量导入物料', '2026-01-09 13:00:00', '2026-01-10 13:00:00', 0),
    (101, 'MAT0101', '设备配件101', '规格-4-2', '套', '设备配件', 45.000, 225.000, 'ENABLED', '设备配件示例物料101', '2026-01-09 14:00:00', '2026-01-11 14:00:00', 0),
    (102, 'MAT0102', '化工辅料102', '规格-5-3', 'kg', '化工辅料', 50.000, 250.000, 'ENABLED', '化工辅料示例物料102', '2026-01-09 15:00:00', '2026-01-12 15:00:00', 0),
    (103, 'MAT0103', '电子元件103', '规格-6-4', '个', '电子元件', 55.000, 275.000, 'ENABLED', '电子元件示例物料103', '2026-01-09 16:00:00', '2026-01-13 16:00:00', 0),
    (104, 'MAT0104', '五金耗材104', '规格-7-5', '件', '五金耗材', 60.000, 300.000, 'ENABLED', '批量导入物料', '2026-01-09 17:00:00', '2026-01-14 17:00:00', 0),
    (105, 'MAT0105', '包装材料105', '规格-1-1', '卷', '包装材料', 65.000, 325.000, 'ENABLED', '包装材料示例物料105', '2026-01-09 18:00:00', '2026-01-15 18:00:00', 0),
    (106, 'MAT0106', '办公耗材106', '规格-2-2', '箱', '办公耗材', 70.000, 350.000, 'ENABLED', '办公耗材示例物料106', '2026-01-09 19:00:00', '2026-01-16 19:00:00', 0),
    (107, 'MAT0107', '设备配件107', '规格-3-3', '套', '设备配件', 75.000, 375.000, 'ENABLED', '设备配件示例物料107', '2026-01-09 20:00:00', '2026-01-17 20:00:00', 0),
    (108, 'MAT0108', '化工辅料108', '规格-4-4', 'kg', '化工辅料', 20.000, 100.000, 'ENABLED', '批量导入物料', '2026-01-09 21:00:00', '2026-01-18 21:00:00', 0),
    (109, 'MAT0109', '电子元件109', '规格-5-5', '个', '电子元件', 25.000, 125.000, 'DISABLED', '电子元件示例物料109', '2026-01-09 22:00:00', '2026-01-19 22:00:00', 0),
    (110, 'MAT0110', '五金耗材110', '规格-6-1', '件', '五金耗材', 30.000, 150.000, 'DISABLED', '五金耗材示例物料110', '2026-01-09 23:00:00', '2026-01-09 23:00:00', 0),
    (111, 'MAT0111', '包装材料111', '规格-7-2', '卷', '包装材料', 35.000, 175.000, 'DISABLED', '包装材料示例物料111', '2026-01-10 00:00:00', '2026-01-11 00:00:00', 0),
    (112, 'MAT0112', '办公耗材112', '规格-1-3', '箱', '办公耗材', 40.000, 200.000, 'DISABLED', '批量导入物料', '2026-01-10 01:00:00', '2026-01-12 01:00:00', 0),
    (113, 'MAT0113', '设备配件113', '规格-2-4', '套', '设备配件', 45.000, 225.000, 'DISABLED', '设备配件示例物料113', '2026-01-10 02:00:00', '2026-01-13 02:00:00', 0),
    (114, 'MAT0114', '化工辅料114', '规格-3-5', 'kg', '化工辅料', 50.000, 250.000, 'DISABLED', '化工辅料示例物料114', '2026-01-10 03:00:00', '2026-01-14 03:00:00', 0),
    (115, 'MAT0115', '电子元件115', '规格-4-1', '个', '电子元件', 55.000, 275.000, 'DISABLED', '电子元件示例物料115', '2026-01-10 04:00:00', '2026-01-15 04:00:00', 0),
    (116, 'MAT0116', '五金耗材116', '规格-5-2', '件', '五金耗材', 60.000, 300.000, 'DISABLED', '批量导入物料', '2026-01-10 05:00:00', '2026-01-16 05:00:00', 0),
    (117, 'MAT0117', '包装材料117', '规格-6-3', '卷', '包装材料', 65.000, 325.000, 'DISABLED', '包装材料示例物料117', '2026-01-10 06:00:00', '2026-01-17 06:00:00', 0),
    (118, 'MAT0118', '办公耗材118', '规格-7-4', '箱', '办公耗材', 70.000, 350.000, 'DISABLED', '办公耗材示例物料118', '2026-01-10 07:00:00', '2026-01-18 07:00:00', 0),
    (119, 'MAT0119', '设备配件119', '规格-1-5', '套', '设备配件', 75.000, 375.000, 'DISABLED', '设备配件示例物料119', '2026-01-10 08:00:00', '2026-01-19 08:00:00', 0),
    (120, 'MAT0120', '化工辅料120', '规格-2-1', 'kg', '化工辅料', 20.000, 100.000, 'DISABLED', '批量导入物料', '2026-01-10 09:00:00', '2026-01-20 09:00:00', 0);

INSERT INTO `warehouse` (`id`, `code`, `name`, `address`, `manager_name`, `manager_phone`, `status`, `remark`, `create_time`, `update_time`, `deleted`) VALUES
    (1, 'WH001', '华东1号仓', '上海市演示园区仓储路 1 号', '仓库负责人001', '13900000001', 'ENABLED', '华东1号仓测试仓库', '2026-01-06 11:00:00', '2026-01-07 11:00:00', 0),
    (2, 'WH002', '华南1号仓', '上海市演示园区仓储路 2 号', '仓库负责人002', '13900000002', 'ENABLED', '华南1号仓测试仓库', '2026-01-06 13:00:00', '2026-01-08 13:00:00', 0),
    (3, 'WH003', '华北1号仓', '上海市演示园区仓储路 3 号', '仓库负责人003', '13900000003', 'ENABLED', '华北1号仓测试仓库', '2026-01-06 15:00:00', '2026-01-09 15:00:00', 0),
    (4, 'WH004', '华中1号仓', '上海市演示园区仓储路 4 号', '仓库负责人004', '13900000004', 'ENABLED', '华中1号仓测试仓库', '2026-01-06 17:00:00', '2026-01-10 17:00:00', 0),
    (5, 'WH005', '西南1号仓', '上海市演示园区仓储路 5 号', '仓库负责人005', '13900000005', 'ENABLED', '西南1号仓测试仓库', '2026-01-06 19:00:00', '2026-01-11 19:00:00', 0),
    (6, 'WH006', '华东2号仓', '上海市演示园区仓储路 6 号', '仓库负责人006', '13900000006', 'ENABLED', '华东2号仓测试仓库', '2026-01-06 21:00:00', '2026-01-12 21:00:00', 0),
    (7, 'WH007', '华南2号仓', '上海市演示园区仓储路 7 号', '仓库负责人007', '13900000007', 'ENABLED', '华南2号仓测试仓库', '2026-01-06 23:00:00', '2026-01-06 23:00:00', 0),
    (8, 'WH008', '华北2号仓', '上海市演示园区仓储路 8 号', '仓库负责人008', '13900000008', 'ENABLED', '华北2号仓测试仓库', '2026-01-07 01:00:00', '2026-01-08 01:00:00', 0),
    (9, 'WH009', '华中2号仓', '上海市演示园区仓储路 9 号', '仓库负责人009', '13900000009', 'ENABLED', '华中2号仓测试仓库', '2026-01-07 03:00:00', '2026-01-09 03:00:00', 0),
    (10, 'WH010', '西南2号仓', '上海市演示园区仓储路 10 号', '仓库负责人010', '13900000010', 'ENABLED', '西南2号仓测试仓库', '2026-01-07 05:00:00', '2026-01-10 05:00:00', 0),
    (11, 'WH011', '华东3号仓', '上海市演示园区仓储路 11 号', '仓库负责人011', '13900000011', 'ENABLED', '华东3号仓测试仓库', '2026-01-07 07:00:00', '2026-01-11 07:00:00', 0),
    (12, 'WH012', '华南3号仓', '上海市演示园区仓储路 12 号', '仓库负责人012', '13900000012', 'ENABLED', '华南3号仓测试仓库', '2026-01-07 09:00:00', '2026-01-12 09:00:00', 0),
    (13, 'WH013', '华北3号仓', '上海市演示园区仓储路 13 号', '仓库负责人013', '13900000013', 'ENABLED', '华北3号仓测试仓库', '2026-01-07 11:00:00', '2026-01-13 11:00:00', 0),
    (14, 'WH014', '华中3号仓', '上海市演示园区仓储路 14 号', '仓库负责人014', '13900000014', 'ENABLED', '华中3号仓测试仓库', '2026-01-07 13:00:00', '2026-01-07 13:00:00', 0),
    (15, 'WH015', '西南3号仓', '上海市演示园区仓储路 15 号', '仓库负责人015', '13900000015', 'ENABLED', '西南3号仓测试仓库', '2026-01-07 15:00:00', '2026-01-08 15:00:00', 0),
    (16, 'WH016', '华东4号仓', '上海市演示园区仓储路 16 号', '仓库负责人016', '13900000016', 'ENABLED', '华东4号仓测试仓库', '2026-01-07 17:00:00', '2026-01-09 17:00:00', 0),
    (17, 'WH017', '华南4号仓', '上海市演示园区仓储路 17 号', '仓库负责人017', '13900000017', 'ENABLED', '华南4号仓测试仓库', '2026-01-07 19:00:00', '2026-01-10 19:00:00', 0),
    (18, 'WH018', '华北4号仓', '上海市演示园区仓储路 18 号', '仓库负责人018', '13900000018', 'ENABLED', '华北4号仓测试仓库', '2026-01-07 21:00:00', '2026-01-11 21:00:00', 0),
    (19, 'WH019', '华中4号仓', '上海市演示园区仓储路 19 号', '仓库负责人019', '13900000019', 'DISABLED', '华中4号仓测试仓库', '2026-01-07 23:00:00', '2026-01-12 23:00:00', 0),
    (20, 'WH020', '西南4号仓', '上海市演示园区仓储路 20 号', '仓库负责人020', '13900000020', 'DISABLED', '西南4号仓测试仓库', '2026-01-08 01:00:00', '2026-01-14 01:00:00', 0);

INSERT INTO `supplier` (`id`, `user_id`, `code`, `name`, `contact_name`, `contact_phone`, `email`, `address`, `license_no`, `file_round`, `status`, `submit_time`, `review_time`, `review_user_id`, `review_note`, `remark`, `create_time`, `update_time`, `deleted`) VALUES
    (1, 51, 'SUP0001', '演示供应商企业001', '供应商联系人001', '13700000001', 'supplier001@mock.supply.local', '上海市供应链示范路 1 号', '91310000MOCK000001', 1, 'ACTIVE', '2026-01-12 12:00:00', '2026-01-14 12:00:00', 1, '资料审核通过，可参与采购合作', 'ACTIVE 状态供应商样本', '2026-01-11 10:00:00', '2026-01-14 12:00:00', 0),
    (2, 52, 'SUP0002', '演示供应商企业002', '供应商联系人002', '13700000002', 'supplier002@mock.supply.local', '上海市供应链示范路 2 号', '91310000MOCK000002', 1, 'ACTIVE', '2026-01-13 12:00:00', '2026-01-15 12:00:00', 2, '资料审核通过，可参与采购合作', 'ACTIVE 状态供应商样本', '2026-01-12 10:00:00', '2026-01-15 12:00:00', 0),
    (3, 53, 'SUP0003', '演示供应商企业003', '供应商联系人003', '13700000003', 'supplier003@mock.supply.local', '上海市供应链示范路 3 号', '91310000MOCK000003', 1, 'ACTIVE', '2026-01-14 12:00:00', '2026-01-16 12:00:00', 3, '资料审核通过，可参与采购合作', 'ACTIVE 状态供应商样本', '2026-01-13 10:00:00', '2026-01-16 12:00:00', 0),
    (4, 54, 'SUP0004', '演示供应商企业004', '供应商联系人004', '13700000004', 'supplier004@mock.supply.local', '上海市供应链示范路 4 号', '91310000MOCK000004', 1, 'ACTIVE', '2026-01-15 12:00:00', '2026-01-17 12:00:00', 4, '资料审核通过，可参与采购合作', '批量初始化供应商数据', '2026-01-14 10:00:00', '2026-01-17 12:00:00', 0),
    (5, 55, 'SUP0005', '演示供应商企业005', '供应商联系人005', '13700000005', 'supplier005@mock.supply.local', '上海市供应链示范路 5 号', '91310000MOCK000005', 1, 'ACTIVE', '2026-01-16 12:00:00', '2026-01-18 12:00:00', 5, '资料审核通过，可参与采购合作', 'ACTIVE 状态供应商样本', '2026-01-15 10:00:00', '2026-01-18 12:00:00', 0),
    (6, 56, 'SUP0006', '演示供应商企业006', '供应商联系人006', '13700000006', 'supplier006@mock.supply.local', '上海市供应链示范路 6 号', '91310000MOCK000006', 1, 'ACTIVE', '2026-01-17 12:00:00', '2026-01-19 12:00:00', 6, '资料审核通过，可参与采购合作', 'ACTIVE 状态供应商样本', '2026-01-16 10:00:00', '2026-01-19 12:00:00', 0),
    (7, 57, 'SUP0007', '演示供应商企业007', '供应商联系人007', '13700000007', 'supplier007@mock.supply.local', '上海市供应链示范路 7 号', '91310000MOCK000007', 1, 'ACTIVE', '2026-01-18 12:00:00', '2026-01-20 12:00:00', 7, '资料审核通过，可参与采购合作', 'ACTIVE 状态供应商样本', '2026-01-17 10:00:00', '2026-01-20 12:00:00', 0),
    (8, 58, 'SUP0008', '演示供应商企业008', '供应商联系人008', '13700000008', 'supplier008@mock.supply.local', '上海市供应链示范路 8 号', '91310000MOCK000008', 1, 'ACTIVE', '2026-01-19 12:00:00', '2026-01-21 12:00:00', 8, '资料审核通过，可参与采购合作', '批量初始化供应商数据', '2026-01-18 10:00:00', '2026-01-21 12:00:00', 0),
    (9, 59, 'SUP0009', '演示供应商企业009', '供应商联系人009', '13700000009', 'supplier009@mock.supply.local', '上海市供应链示范路 9 号', '91310000MOCK000009', 1, 'ACTIVE', '2026-01-20 12:00:00', '2026-01-22 12:00:00', 9, '资料审核通过，可参与采购合作', 'ACTIVE 状态供应商样本', '2026-01-19 10:00:00', '2026-01-22 12:00:00', 0),
    (10, 60, 'SUP0010', '演示供应商企业010', '供应商联系人010', '13700000010', 'supplier010@mock.supply.local', '上海市供应链示范路 10 号', '91310000MOCK000010', 1, 'ACTIVE', '2026-01-21 12:00:00', '2026-01-23 12:00:00', 10, '资料审核通过，可参与采购合作', 'ACTIVE 状态供应商样本', '2026-01-20 10:00:00', '2026-01-23 12:00:00', 0),
    (11, 61, 'SUP0011', '演示供应商企业011', '供应商联系人011', '13700000011', 'supplier011@mock.supply.local', '上海市供应链示范路 11 号', '91310000MOCK000011', 1, 'ACTIVE', '2026-01-22 12:00:00', '2026-01-24 12:00:00', 1, '资料审核通过，可参与采购合作', 'ACTIVE 状态供应商样本', '2026-01-21 10:00:00', '2026-01-24 12:00:00', 0),
    (12, 62, 'SUP0012', '演示供应商企业012', '供应商联系人012', '13700000012', 'supplier012@mock.supply.local', '上海市供应链示范路 12 号', '91310000MOCK000012', 1, 'ACTIVE', '2026-01-23 12:00:00', '2026-01-25 12:00:00', 2, '资料审核通过，可参与采购合作', '批量初始化供应商数据', '2026-01-22 10:00:00', '2026-01-25 12:00:00', 0),
    (13, 63, 'SUP0013', '演示供应商企业013', '供应商联系人013', '13700000013', 'supplier013@mock.supply.local', '上海市供应链示范路 13 号', '91310000MOCK000013', 1, 'ACTIVE', '2026-01-24 12:00:00', '2026-01-26 12:00:00', 3, '资料审核通过，可参与采购合作', 'ACTIVE 状态供应商样本', '2026-01-23 10:00:00', '2026-01-26 12:00:00', 0),
    (14, 64, 'SUP0014', '演示供应商企业014', '供应商联系人014', '13700000014', 'supplier014@mock.supply.local', '上海市供应链示范路 14 号', '91310000MOCK000014', 1, 'ACTIVE', '2026-01-25 12:00:00', '2026-01-27 12:00:00', 4, '资料审核通过，可参与采购合作', 'ACTIVE 状态供应商样本', '2026-01-24 10:00:00', '2026-01-27 12:00:00', 0),
    (15, 65, 'SUP0015', '演示供应商企业015', '供应商联系人015', '13700000015', 'supplier015@mock.supply.local', '上海市供应链示范路 15 号', '91310000MOCK000015', 1, 'ACTIVE', '2026-01-26 12:00:00', '2026-01-28 12:00:00', 5, '资料审核通过，可参与采购合作', 'ACTIVE 状态供应商样本', '2026-01-25 10:00:00', '2026-01-28 12:00:00', 0),
    (16, 66, 'SUP0016', '演示供应商企业016', '供应商联系人016', '13700000016', 'supplier016@mock.supply.local', '上海市供应链示范路 16 号', '91310000MOCK000016', 1, 'ACTIVE', '2026-01-27 12:00:00', '2026-01-29 12:00:00', 6, '资料审核通过，可参与采购合作', '批量初始化供应商数据', '2026-01-26 10:00:00', '2026-01-29 12:00:00', 0),
    (17, 67, 'SUP0017', '演示供应商企业017', '供应商联系人017', '13700000017', 'supplier017@mock.supply.local', '上海市供应链示范路 17 号', '91310000MOCK000017', 1, 'ACTIVE', '2026-01-28 12:00:00', '2026-01-30 12:00:00', 7, '资料审核通过，可参与采购合作', 'ACTIVE 状态供应商样本', '2026-01-27 10:00:00', '2026-01-30 12:00:00', 0),
    (18, 68, 'SUP0018', '演示供应商企业018', '供应商联系人018', '13700000018', 'supplier018@mock.supply.local', '上海市供应链示范路 18 号', '91310000MOCK000018', 1, 'ACTIVE', '2026-01-29 12:00:00', '2026-01-31 12:00:00', 8, '资料审核通过，可参与采购合作', 'ACTIVE 状态供应商样本', '2026-01-28 10:00:00', '2026-01-31 12:00:00', 0),
    (19, 69, 'SUP0019', '演示供应商企业019', '供应商联系人019', '13700000019', 'supplier019@mock.supply.local', '上海市供应链示范路 19 号', '91310000MOCK000019', 1, 'ACTIVE', '2026-01-30 12:00:00', '2026-02-01 12:00:00', 9, '资料审核通过，可参与采购合作', 'ACTIVE 状态供应商样本', '2026-01-29 10:00:00', '2026-02-01 12:00:00', 0),
    (20, 70, 'SUP0020', '演示供应商企业020', '供应商联系人020', '13700000020', 'supplier020@mock.supply.local', '上海市供应链示范路 20 号', '91310000MOCK000020', 1, 'ACTIVE', '2026-01-31 12:00:00', '2026-02-02 12:00:00', 10, '资料审核通过，可参与采购合作', '批量初始化供应商数据', '2026-01-30 10:00:00', '2026-02-02 12:00:00', 0),
    (21, 71, 'SUP0021', '演示供应商企业021', '供应商联系人021', '13700000021', 'supplier021@mock.supply.local', '上海市供应链示范路 21 号', '91310000MOCK000021', 1, 'ACTIVE', '2026-02-01 12:00:00', '2026-02-03 12:00:00', 1, '资料审核通过，可参与采购合作', 'ACTIVE 状态供应商样本', '2026-01-31 10:00:00', '2026-02-03 12:00:00', 0),
    (22, 72, 'SUP0022', '演示供应商企业022', '供应商联系人022', '13700000022', 'supplier022@mock.supply.local', '上海市供应链示范路 22 号', '91310000MOCK000022', 1, 'ACTIVE', '2026-02-02 12:00:00', '2026-02-04 12:00:00', 2, '资料审核通过，可参与采购合作', 'ACTIVE 状态供应商样本', '2026-02-01 10:00:00', '2026-02-04 12:00:00', 0),
    (23, 73, 'SUP0023', '演示供应商企业023', '供应商联系人023', '13700000023', 'supplier023@mock.supply.local', '上海市供应链示范路 23 号', '91310000MOCK000023', 1, 'ACTIVE', '2026-02-03 12:00:00', '2026-02-05 12:00:00', 3, '资料审核通过，可参与采购合作', 'ACTIVE 状态供应商样本', '2026-02-02 10:00:00', '2026-02-05 12:00:00', 0),
    (24, 74, 'SUP0024', '演示供应商企业024', '供应商联系人024', '13700000024', 'supplier024@mock.supply.local', '上海市供应链示范路 24 号', '91310000MOCK000024', 1, 'ACTIVE', '2026-02-04 12:00:00', '2026-02-06 12:00:00', 4, '资料审核通过，可参与采购合作', '批量初始化供应商数据', '2026-02-03 10:00:00', '2026-02-06 12:00:00', 0),
    (25, 75, 'SUP0025', '演示供应商企业025', '供应商联系人025', '13700000025', 'supplier025@mock.supply.local', '上海市供应链示范路 25 号', '91310000MOCK000025', 1, 'ACTIVE', '2026-02-05 12:00:00', '2026-02-07 12:00:00', 5, '资料审核通过，可参与采购合作', 'ACTIVE 状态供应商样本', '2026-02-04 10:00:00', '2026-02-07 12:00:00', 0),
    (26, 76, 'SUP0026', '演示供应商企业026', '供应商联系人026', '13700000026', 'supplier026@mock.supply.local', '上海市供应链示范路 26 号', '91310000MOCK000026', 1, 'ACTIVE', '2026-02-06 12:00:00', '2026-02-08 12:00:00', 6, '资料审核通过，可参与采购合作', 'ACTIVE 状态供应商样本', '2026-02-05 10:00:00', '2026-02-08 12:00:00', 0),
    (27, 77, 'SUP0027', '演示供应商企业027', '供应商联系人027', '13700000027', 'supplier027@mock.supply.local', '上海市供应链示范路 27 号', '91310000MOCK000027', 1, 'ACTIVE', '2026-02-07 12:00:00', '2026-02-09 12:00:00', 7, '资料审核通过，可参与采购合作', 'ACTIVE 状态供应商样本', '2026-02-06 10:00:00', '2026-02-09 12:00:00', 0),
    (28, 78, 'SUP0028', '演示供应商企业028', '供应商联系人028', '13700000028', 'supplier028@mock.supply.local', '上海市供应链示范路 28 号', '91310000MOCK000028', 1, 'ACTIVE', '2026-02-08 12:00:00', '2026-02-10 12:00:00', 8, '资料审核通过，可参与采购合作', '批量初始化供应商数据', '2026-02-07 10:00:00', '2026-02-10 12:00:00', 0),
    (29, 79, 'SUP0029', '演示供应商企业029', '供应商联系人029', '13700000029', 'supplier029@mock.supply.local', '上海市供应链示范路 29 号', '91310000MOCK000029', 1, 'ACTIVE', '2026-02-09 12:00:00', '2026-02-11 12:00:00', 9, '资料审核通过，可参与采购合作', 'ACTIVE 状态供应商样本', '2026-02-08 10:00:00', '2026-02-11 12:00:00', 0),
    (30, 80, 'SUP0030', '演示供应商企业030', '供应商联系人030', '13700000030', 'supplier030@mock.supply.local', '上海市供应链示范路 30 号', '91310000MOCK000030', 1, 'ACTIVE', '2026-02-10 12:00:00', '2026-02-12 12:00:00', 10, '资料审核通过，可参与采购合作', 'ACTIVE 状态供应商样本', '2026-02-09 10:00:00', '2026-02-12 12:00:00', 0),
    (31, 81, 'SUP0031', '演示供应商企业031', '供应商联系人031', '13700000031', 'supplier031@mock.supply.local', '上海市供应链示范路 31 号', '91310000MOCK000031', 1, 'ACTIVE', '2026-02-11 12:00:00', '2026-02-13 12:00:00', 1, '资料审核通过，可参与采购合作', 'ACTIVE 状态供应商样本', '2026-02-10 10:00:00', '2026-02-13 12:00:00', 0),
    (32, 82, 'SUP0032', '演示供应商企业032', '供应商联系人032', '13700000032', 'supplier032@mock.supply.local', '上海市供应链示范路 32 号', '91310000MOCK000032', 1, 'ACTIVE', '2026-02-12 12:00:00', '2026-02-14 12:00:00', 2, '资料审核通过，可参与采购合作', '批量初始化供应商数据', '2026-02-11 10:00:00', '2026-02-14 12:00:00', 0),
    (33, 83, 'SUP0033', '演示供应商企业033', '供应商联系人033', '13700000033', 'supplier033@mock.supply.local', '上海市供应链示范路 33 号', '91310000MOCK000033', 1, 'ACTIVE', '2026-02-13 12:00:00', '2026-02-15 12:00:00', 3, '资料审核通过，可参与采购合作', 'ACTIVE 状态供应商样本', '2026-02-12 10:00:00', '2026-02-15 12:00:00', 0),
    (34, 84, 'SUP0034', '演示供应商企业034', '供应商联系人034', '13700000034', 'supplier034@mock.supply.local', '上海市供应链示范路 34 号', '91310000MOCK000034', 1, 'ACTIVE', '2026-02-14 12:00:00', '2026-02-16 12:00:00', 4, '资料审核通过，可参与采购合作', 'ACTIVE 状态供应商样本', '2026-02-13 10:00:00', '2026-02-16 12:00:00', 0),
    (35, 85, 'SUP0035', '演示供应商企业035', '供应商联系人035', '13700000035', 'supplier035@mock.supply.local', '上海市供应链示范路 35 号', '91310000MOCK000035', 1, 'ACTIVE', '2026-02-15 12:00:00', '2026-02-17 12:00:00', 5, '资料审核通过，可参与采购合作', 'ACTIVE 状态供应商样本', '2026-02-14 10:00:00', '2026-02-17 12:00:00', 0),
    (36, 86, 'SUP0036', '演示供应商企业036', '供应商联系人036', '13700000036', 'supplier036@mock.supply.local', '上海市供应链示范路 36 号', '91310000MOCK000036', 1, 'ACTIVE', '2026-02-16 12:00:00', '2026-02-18 12:00:00', 6, '资料审核通过，可参与采购合作', '批量初始化供应商数据', '2026-02-15 10:00:00', '2026-02-18 12:00:00', 0),
    (37, 87, 'SUP0037', '演示供应商企业037', '供应商联系人037', '13700000037', 'supplier037@mock.supply.local', '上海市供应链示范路 37 号', '91310000MOCK000037', 1, 'ACTIVE', '2026-02-17 12:00:00', '2026-02-19 12:00:00', 7, '资料审核通过，可参与采购合作', 'ACTIVE 状态供应商样本', '2026-02-16 10:00:00', '2026-02-19 12:00:00', 0),
    (38, 88, 'SUP0038', '演示供应商企业038', '供应商联系人038', '13700000038', 'supplier038@mock.supply.local', '上海市供应链示范路 38 号', '91310000MOCK000038', 1, 'ACTIVE', '2026-02-18 12:00:00', '2026-02-20 12:00:00', 8, '资料审核通过，可参与采购合作', 'ACTIVE 状态供应商样本', '2026-02-17 10:00:00', '2026-02-20 12:00:00', 0),
    (39, 89, 'SUP0039', '演示供应商企业039', '供应商联系人039', '13700000039', 'supplier039@mock.supply.local', '上海市供应链示范路 39 号', '91310000MOCK000039', 1, 'ACTIVE', '2026-02-19 12:00:00', '2026-02-21 12:00:00', 9, '资料审核通过，可参与采购合作', 'ACTIVE 状态供应商样本', '2026-02-18 10:00:00', '2026-02-21 12:00:00', 0),
    (40, 90, 'SUP0040', '演示供应商企业040', '供应商联系人040', '13700000040', 'supplier040@mock.supply.local', '上海市供应链示范路 40 号', '91310000MOCK000040', 1, 'ACTIVE', '2026-02-20 12:00:00', '2026-02-22 12:00:00', 10, '资料审核通过，可参与采购合作', '批量初始化供应商数据', '2026-02-19 10:00:00', '2026-02-22 12:00:00', 0),
    (41, 91, 'SUP0041', '演示供应商企业041', '供应商联系人041', '13700000041', 'supplier041@mock.supply.local', '上海市供应链示范路 41 号', '91310000MOCK000041', 1, 'ACTIVE', '2026-02-21 12:00:00', '2026-02-23 12:00:00', 1, '资料审核通过，可参与采购合作', 'ACTIVE 状态供应商样本', '2026-02-20 10:00:00', '2026-02-23 12:00:00', 0),
    (42, 92, 'SUP0042', '演示供应商企业042', '供应商联系人042', '13700000042', 'supplier042@mock.supply.local', '上海市供应链示范路 42 号', '91310000MOCK000042', 1, 'ACTIVE', '2026-02-22 12:00:00', '2026-02-24 12:00:00', 2, '资料审核通过，可参与采购合作', 'ACTIVE 状态供应商样本', '2026-02-21 10:00:00', '2026-02-24 12:00:00', 0),
    (43, 93, 'SUP0043', '演示供应商企业043', '供应商联系人043', '13700000043', 'supplier043@mock.supply.local', '上海市供应链示范路 43 号', '91310000MOCK000043', 1, 'ACTIVE', '2026-02-23 12:00:00', '2026-02-25 12:00:00', 3, '资料审核通过，可参与采购合作', 'ACTIVE 状态供应商样本', '2026-02-22 10:00:00', '2026-02-25 12:00:00', 0),
    (44, 94, 'SUP0044', '演示供应商企业044', '供应商联系人044', '13700000044', 'supplier044@mock.supply.local', '上海市供应链示范路 44 号', '91310000MOCK000044', 1, 'ACTIVE', '2026-02-24 12:00:00', '2026-02-26 12:00:00', 4, '资料审核通过，可参与采购合作', '批量初始化供应商数据', '2026-02-23 10:00:00', '2026-02-26 12:00:00', 0),
    (45, 95, 'SUP0045', '演示供应商企业045', '供应商联系人045', '13700000045', 'supplier045@mock.supply.local', '上海市供应链示范路 45 号', '91310000MOCK000045', 1, 'ACTIVE', '2026-02-25 12:00:00', '2026-02-27 12:00:00', 5, '资料审核通过，可参与采购合作', 'ACTIVE 状态供应商样本', '2026-02-24 10:00:00', '2026-02-27 12:00:00', 0),
    (46, 96, 'SUP0046', '演示供应商企业046', '供应商联系人046', '13700000046', 'supplier046@mock.supply.local', '上海市供应链示范路 46 号', '91310000MOCK000046', 1, 'ACTIVE', '2026-02-26 12:00:00', '2026-02-28 12:00:00', 6, '资料审核通过，可参与采购合作', 'ACTIVE 状态供应商样本', '2026-02-25 10:00:00', '2026-02-28 12:00:00', 0),
    (47, 97, 'SUP0047', '演示供应商企业047', '供应商联系人047', '13700000047', 'supplier047@mock.supply.local', '上海市供应链示范路 47 号', '91310000MOCK000047', 1, 'ACTIVE', '2026-02-27 12:00:00', '2026-03-01 12:00:00', 7, '资料审核通过，可参与采购合作', 'ACTIVE 状态供应商样本', '2026-02-26 10:00:00', '2026-03-01 12:00:00', 0),
    (48, 98, 'SUP0048', '演示供应商企业048', '供应商联系人048', '13700000048', 'supplier048@mock.supply.local', '上海市供应链示范路 48 号', '91310000MOCK000048', 1, 'ACTIVE', '2026-02-28 12:00:00', '2026-03-02 12:00:00', 8, '资料审核通过，可参与采购合作', '批量初始化供应商数据', '2026-02-27 10:00:00', '2026-03-02 12:00:00', 0),
    (49, 99, 'SUP0049', '演示供应商企业049', '供应商联系人049', '13700000049', 'supplier049@mock.supply.local', '上海市供应链示范路 49 号', '91310000MOCK000049', 1, 'ACTIVE', '2026-03-01 12:00:00', '2026-03-03 12:00:00', 9, '资料审核通过，可参与采购合作', 'ACTIVE 状态供应商样本', '2026-02-28 10:00:00', '2026-03-03 12:00:00', 0),
    (50, 100, 'SUP0050', '演示供应商企业050', '供应商联系人050', '13700000050', 'supplier050@mock.supply.local', '上海市供应链示范路 50 号', '91310000MOCK000050', 1, 'ACTIVE', '2026-03-02 12:00:00', '2026-03-04 12:00:00', 10, '资料审核通过，可参与采购合作', 'ACTIVE 状态供应商样本', '2026-03-01 10:00:00', '2026-03-04 12:00:00', 0),
    (51, 101, 'SUP0051', '演示供应商企业051', '供应商联系人051', '13700000051', 'supplier051@mock.supply.local', '上海市供应链示范路 51 号', '91310000MOCK000051', 1, 'ACTIVE', '2026-03-03 12:00:00', '2026-03-05 12:00:00', 1, '资料审核通过，可参与采购合作', 'ACTIVE 状态供应商样本', '2026-03-02 10:00:00', '2026-03-05 12:00:00', 0),
    (52, 102, 'SUP0052', '演示供应商企业052', '供应商联系人052', '13700000052', 'supplier052@mock.supply.local', '上海市供应链示范路 52 号', '91310000MOCK000052', 1, 'ACTIVE', '2026-03-04 12:00:00', '2026-03-06 12:00:00', 2, '资料审核通过，可参与采购合作', '批量初始化供应商数据', '2026-03-03 10:00:00', '2026-03-06 12:00:00', 0),
    (53, 103, 'SUP0053', '演示供应商企业053', '供应商联系人053', '13700000053', 'supplier053@mock.supply.local', '上海市供应链示范路 53 号', '91310000MOCK000053', 1, 'ACTIVE', '2026-03-05 12:00:00', '2026-03-07 12:00:00', 3, '资料审核通过，可参与采购合作', 'ACTIVE 状态供应商样本', '2026-03-04 10:00:00', '2026-03-07 12:00:00', 0),
    (54, 104, 'SUP0054', '演示供应商企业054', '供应商联系人054', '13700000054', 'supplier054@mock.supply.local', '上海市供应链示范路 54 号', '91310000MOCK000054', 1, 'ACTIVE', '2026-03-06 12:00:00', '2026-03-08 12:00:00', 4, '资料审核通过，可参与采购合作', 'ACTIVE 状态供应商样本', '2026-03-05 10:00:00', '2026-03-08 12:00:00', 0),
    (55, 105, 'SUP0055', '演示供应商企业055', '供应商联系人055', '13700000055', 'supplier055@mock.supply.local', '上海市供应链示范路 55 号', '91310000MOCK000055', 1, 'ACTIVE', '2026-03-07 12:00:00', '2026-03-09 12:00:00', 5, '资料审核通过，可参与采购合作', 'ACTIVE 状态供应商样本', '2026-03-06 10:00:00', '2026-03-09 12:00:00', 0),
    (56, 106, 'SUP0056', '演示供应商企业056', '供应商联系人056', '13700000056', 'supplier056@mock.supply.local', '上海市供应链示范路 56 号', '91310000MOCK000056', 1, 'ACTIVE', '2026-03-08 12:00:00', '2026-03-10 12:00:00', 6, '资料审核通过，可参与采购合作', '批量初始化供应商数据', '2026-03-07 10:00:00', '2026-03-10 12:00:00', 0),
    (57, 107, 'SUP0057', '演示供应商企业057', '供应商联系人057', '13700000057', 'supplier057@mock.supply.local', '上海市供应链示范路 57 号', '91310000MOCK000057', 1, 'ACTIVE', '2026-03-09 12:00:00', '2026-03-11 12:00:00', 7, '资料审核通过，可参与采购合作', 'ACTIVE 状态供应商样本', '2026-03-08 10:00:00', '2026-03-11 12:00:00', 0),
    (58, 108, 'SUP0058', '演示供应商企业058', '供应商联系人058', '13700000058', 'supplier058@mock.supply.local', '上海市供应链示范路 58 号', '91310000MOCK000058', 1, 'ACTIVE', '2026-03-10 12:00:00', '2026-03-12 12:00:00', 8, '资料审核通过，可参与采购合作', 'ACTIVE 状态供应商样本', '2026-03-09 10:00:00', '2026-03-12 12:00:00', 0),
    (59, 109, 'SUP0059', '演示供应商企业059', '供应商联系人059', '13700000059', 'supplier059@mock.supply.local', '上海市供应链示范路 59 号', '91310000MOCK000059', 1, 'ACTIVE', '2026-03-11 12:00:00', '2026-03-13 12:00:00', 9, '资料审核通过，可参与采购合作', 'ACTIVE 状态供应商样本', '2026-03-10 10:00:00', '2026-03-13 12:00:00', 0),
    (60, 110, 'SUP0060', '演示供应商企业060', '供应商联系人060', '13700000060', 'supplier060@mock.supply.local', '上海市供应链示范路 60 号', '91310000MOCK000060', 1, 'ACTIVE', '2026-03-12 12:00:00', '2026-03-14 12:00:00', 10, '资料审核通过，可参与采购合作', '批量初始化供应商数据', '2026-03-11 10:00:00', '2026-03-14 12:00:00', 0),
    (61, 111, 'SUP0061', '演示供应商企业061', '供应商联系人061', '13700000061', 'supplier061@mock.supply.local', '上海市供应链示范路 61 号', '91310000MOCK000061', 1, 'PENDING', '2026-03-13 12:00:00', NULL, NULL, NULL, 'PENDING 状态供应商样本', '2026-03-12 10:00:00', '2026-03-13 12:00:00', 0),
    (62, 112, 'SUP0062', '演示供应商企业062', '供应商联系人062', '13700000062', 'supplier062@mock.supply.local', '上海市供应链示范路 62 号', '91310000MOCK000062', 1, 'PENDING', '2026-03-14 12:00:00', NULL, NULL, NULL, 'PENDING 状态供应商样本', '2026-03-13 10:00:00', '2026-03-14 12:00:00', 0),
    (63, 113, 'SUP0063', '演示供应商企业063', '供应商联系人063', '13700000063', 'supplier063@mock.supply.local', '上海市供应链示范路 63 号', '91310000MOCK000063', 1, 'PENDING', '2026-03-15 12:00:00', NULL, NULL, NULL, 'PENDING 状态供应商样本', '2026-03-14 10:00:00', '2026-03-15 12:00:00', 0),
    (64, 114, 'SUP0064', '演示供应商企业064', '供应商联系人064', '13700000064', 'supplier064@mock.supply.local', '上海市供应链示范路 64 号', '91310000MOCK000064', 1, 'PENDING', '2026-03-16 12:00:00', NULL, NULL, NULL, '批量初始化供应商数据', '2026-03-15 10:00:00', '2026-03-16 12:00:00', 0),
    (65, 115, 'SUP0065', '演示供应商企业065', '供应商联系人065', '13700000065', 'supplier065@mock.supply.local', '上海市供应链示范路 65 号', '91310000MOCK000065', 1, 'PENDING', '2026-03-17 12:00:00', NULL, NULL, NULL, 'PENDING 状态供应商样本', '2026-03-16 10:00:00', '2026-03-17 12:00:00', 0),
    (66, 116, 'SUP0066', '演示供应商企业066', '供应商联系人066', '13700000066', 'supplier066@mock.supply.local', '上海市供应链示范路 66 号', '91310000MOCK000066', 1, 'PENDING', '2026-03-18 12:00:00', NULL, NULL, NULL, 'PENDING 状态供应商样本', '2026-03-17 10:00:00', '2026-03-18 12:00:00', 0),
    (67, 117, 'SUP0067', '演示供应商企业067', '供应商联系人067', '13700000067', 'supplier067@mock.supply.local', '上海市供应链示范路 67 号', '91310000MOCK000067', 1, 'PENDING', '2026-03-19 12:00:00', NULL, NULL, NULL, 'PENDING 状态供应商样本', '2026-03-18 10:00:00', '2026-03-19 12:00:00', 0),
    (68, 118, 'SUP0068', '演示供应商企业068', '供应商联系人068', '13700000068', 'supplier068@mock.supply.local', '上海市供应链示范路 68 号', '91310000MOCK000068', 1, 'PENDING', '2026-03-20 12:00:00', NULL, NULL, NULL, '批量初始化供应商数据', '2026-03-19 10:00:00', '2026-03-20 12:00:00', 0),
    (69, 119, 'SUP0069', '演示供应商企业069', '供应商联系人069', '13700000069', 'supplier069@mock.supply.local', '上海市供应链示范路 69 号', '91310000MOCK000069', 1, 'PENDING', '2026-03-21 12:00:00', NULL, NULL, NULL, 'PENDING 状态供应商样本', '2026-03-20 10:00:00', '2026-03-21 12:00:00', 0),
    (70, 120, 'SUP0070', '演示供应商企业070', '供应商联系人070', '13700000070', 'supplier070@mock.supply.local', '上海市供应链示范路 70 号', '91310000MOCK000070', 1, 'PENDING', '2026-03-22 12:00:00', NULL, NULL, NULL, 'PENDING 状态供应商样本', '2026-03-21 10:00:00', '2026-03-22 12:00:00', 0),
    (71, 121, 'SUP0071', '演示供应商企业071', '供应商联系人071', '13700000071', 'supplier071@mock.supply.local', '上海市供应链示范路 71 号', '91310000MOCK000071', 1, 'PENDING', '2026-03-23 12:00:00', NULL, NULL, NULL, 'PENDING 状态供应商样本', '2026-03-22 10:00:00', '2026-03-23 12:00:00', 0),
    (72, 122, 'SUP0072', '演示供应商企业072', '供应商联系人072', '13700000072', 'supplier072@mock.supply.local', '上海市供应链示范路 72 号', '91310000MOCK000072', 1, 'PENDING', '2026-03-24 12:00:00', NULL, NULL, NULL, '批量初始化供应商数据', '2026-03-23 10:00:00', '2026-03-24 12:00:00', 0),
    (73, 123, 'SUP0073', '演示供应商企业073', '供应商联系人073', '13700000073', 'supplier073@mock.supply.local', '上海市供应链示范路 73 号', '91310000MOCK000073', 1, 'PENDING', '2026-03-25 12:00:00', NULL, NULL, NULL, 'PENDING 状态供应商样本', '2026-03-24 10:00:00', '2026-03-25 12:00:00', 0),
    (74, 124, 'SUP0074', '演示供应商企业074', '供应商联系人074', '13700000074', 'supplier074@mock.supply.local', '上海市供应链示范路 74 号', '91310000MOCK000074', 1, 'PENDING', '2026-03-26 12:00:00', NULL, NULL, NULL, 'PENDING 状态供应商样本', '2026-03-25 10:00:00', '2026-03-26 12:00:00', 0),
    (75, 125, 'SUP0075', '演示供应商企业075', '供应商联系人075', '13700000075', 'supplier075@mock.supply.local', '上海市供应链示范路 75 号', '91310000MOCK000075', 1, 'PENDING', '2026-03-27 12:00:00', NULL, NULL, NULL, 'PENDING 状态供应商样本', '2026-03-26 10:00:00', '2026-03-27 12:00:00', 0),
    (76, 126, 'SUP0076', '演示供应商企业076', '供应商联系人076', '13700000076', 'supplier076@mock.supply.local', '上海市供应链示范路 76 号', '91310000MOCK000076', 2, 'REJECTED', '2026-03-28 12:00:00', '2026-03-30 12:00:00', 6, '资质文件不完整，请补充后重新提交', '批量初始化供应商数据', '2026-03-27 10:00:00', '2026-03-30 12:00:00', 0),
    (77, 127, 'SUP0077', '演示供应商企业077', '供应商联系人077', '13700000077', 'supplier077@mock.supply.local', '上海市供应链示范路 77 号', '91310000MOCK000077', 2, 'REJECTED', '2026-03-29 12:00:00', '2026-03-31 12:00:00', 7, '资质文件不完整，请补充后重新提交', 'REJECTED 状态供应商样本', '2026-03-28 10:00:00', '2026-03-31 12:00:00', 0),
    (78, 128, 'SUP0078', '演示供应商企业078', '供应商联系人078', '13700000078', 'supplier078@mock.supply.local', '上海市供应链示范路 78 号', '91310000MOCK000078', 2, 'REJECTED', '2026-03-30 12:00:00', '2026-04-01 12:00:00', 8, '资质文件不完整，请补充后重新提交', 'REJECTED 状态供应商样本', '2026-03-29 10:00:00', '2026-04-01 12:00:00', 0),
    (79, 129, 'SUP0079', '演示供应商企业079', '供应商联系人079', '13700000079', 'supplier079@mock.supply.local', '上海市供应链示范路 79 号', '91310000MOCK000079', 2, 'REJECTED', '2026-03-31 12:00:00', '2026-04-02 12:00:00', 9, '资质文件不完整，请补充后重新提交', 'REJECTED 状态供应商样本', '2026-03-30 10:00:00', '2026-04-02 12:00:00', 0),
    (80, 130, 'SUP0080', '演示供应商企业080', '供应商联系人080', '13700000080', 'supplier080@mock.supply.local', '上海市供应链示范路 80 号', '91310000MOCK000080', 2, 'REJECTED', '2026-04-01 12:00:00', '2026-04-03 12:00:00', 10, '资质文件不完整，请补充后重新提交', '批量初始化供应商数据', '2026-03-31 10:00:00', '2026-04-03 12:00:00', 0),
    (81, 131, 'SUP0081', '演示供应商企业081', '供应商联系人081', '13700000081', 'supplier081@mock.supply.local', '上海市供应链示范路 81 号', '91310000MOCK000081', 2, 'REJECTED', '2026-04-02 12:00:00', '2026-04-04 12:00:00', 1, '资质文件不完整，请补充后重新提交', 'REJECTED 状态供应商样本', '2026-04-01 10:00:00', '2026-04-04 12:00:00', 0),
    (82, 132, 'SUP0082', '演示供应商企业082', '供应商联系人082', '13700000082', 'supplier082@mock.supply.local', '上海市供应链示范路 82 号', '91310000MOCK000082', 2, 'REJECTED', '2026-04-03 12:00:00', '2026-04-05 12:00:00', 2, '资质文件不完整，请补充后重新提交', 'REJECTED 状态供应商样本', '2026-04-02 10:00:00', '2026-04-05 12:00:00', 0),
    (83, 133, 'SUP0083', '演示供应商企业083', '供应商联系人083', '13700000083', 'supplier083@mock.supply.local', '上海市供应链示范路 83 号', '91310000MOCK000083', 2, 'REJECTED', '2026-04-04 12:00:00', '2026-04-06 12:00:00', 3, '资质文件不完整，请补充后重新提交', 'REJECTED 状态供应商样本', '2026-04-03 10:00:00', '2026-04-06 12:00:00', 0),
    (84, 134, 'SUP0084', '演示供应商企业084', '供应商联系人084', '13700000084', 'supplier084@mock.supply.local', '上海市供应链示范路 84 号', '91310000MOCK000084', 2, 'REJECTED', '2026-04-05 12:00:00', '2026-04-07 12:00:00', 4, '资质文件不完整，请补充后重新提交', '批量初始化供应商数据', '2026-04-04 10:00:00', '2026-04-07 12:00:00', 0),
    (85, 135, 'SUP0085', '演示供应商企业085', '供应商联系人085', '13700000085', 'supplier085@mock.supply.local', '上海市供应链示范路 85 号', '91310000MOCK000085', 2, 'REJECTED', '2026-04-06 12:00:00', '2026-04-08 12:00:00', 5, '资质文件不完整，请补充后重新提交', 'REJECTED 状态供应商样本', '2026-04-05 10:00:00', '2026-04-08 12:00:00', 0),
    (86, 136, 'SUP0086', '演示供应商企业086', '供应商联系人086', '13700000086', 'supplier086@mock.supply.local', '上海市供应链示范路 86 号', '91310000MOCK000086', 1, 'DRAFT', NULL, NULL, NULL, NULL, 'DRAFT 状态供应商样本', '2026-04-06 10:00:00', '2026-04-06 10:00:00', 0),
    (87, 137, 'SUP0087', '演示供应商企业087', '供应商联系人087', '13700000087', 'supplier087@mock.supply.local', '上海市供应链示范路 87 号', '91310000MOCK000087', 1, 'DRAFT', NULL, NULL, NULL, NULL, 'DRAFT 状态供应商样本', '2026-04-07 10:00:00', '2026-04-07 10:00:00', 0),
    (88, 138, 'SUP0088', '演示供应商企业088', '供应商联系人088', '13700000088', 'supplier088@mock.supply.local', '上海市供应链示范路 88 号', '91310000MOCK000088', 1, 'DRAFT', NULL, NULL, NULL, NULL, '批量初始化供应商数据', '2026-04-08 10:00:00', '2026-04-08 10:00:00', 0),
    (89, 139, 'SUP0089', '演示供应商企业089', '供应商联系人089', '13700000089', 'supplier089@mock.supply.local', '上海市供应链示范路 89 号', '91310000MOCK000089', 1, 'DRAFT', NULL, NULL, NULL, NULL, 'DRAFT 状态供应商样本', '2026-04-09 10:00:00', '2026-04-09 10:00:00', 0),
    (90, 140, 'SUP0090', '演示供应商企业090', '供应商联系人090', '13700000090', 'supplier090@mock.supply.local', '上海市供应链示范路 90 号', '91310000MOCK000090', 1, 'DRAFT', NULL, NULL, NULL, NULL, 'DRAFT 状态供应商样本', '2026-04-10 10:00:00', '2026-04-10 10:00:00', 0),
    (91, 141, 'SUP0091', '演示供应商企业091', '供应商联系人091', '13700000091', 'supplier091@mock.supply.local', '上海市供应链示范路 91 号', '91310000MOCK000091', 1, 'DRAFT', NULL, NULL, NULL, NULL, 'DRAFT 状态供应商样本', '2026-04-11 10:00:00', '2026-04-11 10:00:00', 0),
    (92, 142, 'SUP0092', '演示供应商企业092', '供应商联系人092', '13700000092', 'supplier092@mock.supply.local', '上海市供应链示范路 92 号', '91310000MOCK000092', 1, 'DRAFT', NULL, NULL, NULL, NULL, '批量初始化供应商数据', '2026-04-12 10:00:00', '2026-04-12 10:00:00', 0),
    (93, 143, 'SUP0093', '演示供应商企业093', '供应商联系人093', '13700000093', 'supplier093@mock.supply.local', '上海市供应链示范路 93 号', '91310000MOCK000093', 1, 'DRAFT', NULL, NULL, NULL, NULL, 'DRAFT 状态供应商样本', '2026-04-13 10:00:00', '2026-04-13 10:00:00', 0),
    (94, 144, 'SUP0094', '演示供应商企业094', '供应商联系人094', '13700000094', 'supplier094@mock.supply.local', '上海市供应链示范路 94 号', '91310000MOCK000094', 1, 'DRAFT', NULL, NULL, NULL, NULL, 'DRAFT 状态供应商样本', '2026-04-14 10:00:00', '2026-04-14 10:00:00', 0),
    (95, 145, 'SUP0095', '演示供应商企业095', '供应商联系人095', '13700000095', 'supplier095@mock.supply.local', '上海市供应链示范路 95 号', '91310000MOCK000095', 1, 'DRAFT', NULL, NULL, NULL, NULL, 'DRAFT 状态供应商样本', '2026-04-15 10:00:00', '2026-04-15 10:00:00', 0),
    (96, 146, 'SUP0096', '演示供应商企业096', '供应商联系人096', '13700000096', 'supplier096@mock.supply.local', '上海市供应链示范路 96 号', '91310000MOCK000096', 1, 'DISABLED', '2026-04-17 12:00:00', '2026-04-20 12:00:00', 6, '演示停用供应商，暂停参与新订单', '批量初始化供应商数据', '2026-04-16 10:00:00', '2026-04-20 12:00:00', 0),
    (97, 147, 'SUP0097', '演示供应商企业097', '供应商联系人097', '13700000097', 'supplier097@mock.supply.local', '上海市供应链示范路 97 号', '91310000MOCK000097', 1, 'DISABLED', '2026-04-18 12:00:00', '2026-04-21 12:00:00', 7, '演示停用供应商，暂停参与新订单', 'DISABLED 状态供应商样本', '2026-04-17 10:00:00', '2026-04-21 12:00:00', 0),
    (98, 148, 'SUP0098', '演示供应商企业098', '供应商联系人098', '13700000098', 'supplier098@mock.supply.local', '上海市供应链示范路 98 号', '91310000MOCK000098', 1, 'DISABLED', '2026-04-19 12:00:00', '2026-04-22 12:00:00', 8, '演示停用供应商，暂停参与新订单', 'DISABLED 状态供应商样本', '2026-04-18 10:00:00', '2026-04-22 12:00:00', 0),
    (99, 149, 'SUP0099', '演示供应商企业099', '供应商联系人099', '13700000099', 'supplier099@mock.supply.local', '上海市供应链示范路 99 号', '91310000MOCK000099', 1, 'DISABLED', '2026-04-20 12:00:00', '2026-04-23 12:00:00', 9, '演示停用供应商，暂停参与新订单', 'DISABLED 状态供应商样本', '2026-04-19 10:00:00', '2026-04-23 12:00:00', 0),
    (100, 150, 'SUP0100', '演示供应商企业100', '供应商联系人100', '13700000100', 'supplier100@mock.supply.local', '上海市供应链示范路 100 号', '91310000MOCK000100', 1, 'DISABLED', '2026-04-21 12:00:00', '2026-04-24 12:00:00', 10, '演示停用供应商，暂停参与新订单', '批量初始化供应商数据', '2026-04-20 10:00:00', '2026-04-24 12:00:00', 0);

INSERT INTO `supplier_file` (`id`, `supplier_id`, `file_round`, `file_type`, `file_name`, `file_url`, `file_size`, `mime_type`, `active_flag`, `remark`, `upload_time`, `deleted`) VALUES
    (1, 1, 1, 'BUSINESS_LICENSE', 'business-license-0001.pdf', '/mock/files/supplier-0001/business-license.pdf', 102696, 'application/pdf', 1, '营业执照文件', '2026-01-11 12:00:00', 0),
    (2, 1, 1, 'QUALIFICATION', 'qualification-0001.pdf', '/mock/files/supplier-0001/qualification.pdf', 102696, 'application/pdf', 1, '资质证明文件', '2026-01-11 14:00:00', 0),
    (3, 1, 1, 'OTHER', 'other-material-0001.pdf', '/mock/files/supplier-0001/other-material.pdf', 102696, 'application/pdf', 1, '补充资质材料', '2026-01-11 16:00:00', 0),
    (4, 2, 1, 'BUSINESS_LICENSE', 'business-license-0002.pdf', '/mock/files/supplier-0002/business-license.pdf', 102833, 'application/pdf', 1, '营业执照文件', '2026-01-12 12:00:00', 0),
    (5, 2, 1, 'QUALIFICATION', 'qualification-0002.pdf', '/mock/files/supplier-0002/qualification.pdf', 102833, 'application/pdf', 1, '资质证明文件', '2026-01-12 14:00:00', 0),
    (6, 2, 1, 'OTHER', 'other-material-0002.pdf', '/mock/files/supplier-0002/other-material.pdf', 102833, 'application/pdf', 1, '补充资质材料', '2026-01-12 16:00:00', 0),
    (7, 3, 1, 'BUSINESS_LICENSE', 'business-license-0003.pdf', '/mock/files/supplier-0003/business-license.pdf', 102970, 'application/pdf', 1, '营业执照文件', '2026-01-13 12:00:00', 0),
    (8, 3, 1, 'QUALIFICATION', 'qualification-0003.pdf', '/mock/files/supplier-0003/qualification.pdf', 102970, 'application/pdf', 1, '资质证明文件', '2026-01-13 14:00:00', 0),
    (9, 3, 1, 'OTHER', 'other-material-0003.pdf', '/mock/files/supplier-0003/other-material.pdf', 102970, 'application/pdf', 1, '补充资质材料', '2026-01-13 16:00:00', 0),
    (10, 4, 1, 'BUSINESS_LICENSE', 'business-license-0004.pdf', '/mock/files/supplier-0004/business-license.pdf', 103107, 'application/pdf', 1, '营业执照文件', '2026-01-14 12:00:00', 0),
    (11, 4, 1, 'QUALIFICATION', 'qualification-0004.pdf', '/mock/files/supplier-0004/qualification.pdf', 103107, 'application/pdf', 1, '资质证明文件', '2026-01-14 14:00:00', 0),
    (12, 4, 1, 'OTHER', 'other-material-0004.pdf', '/mock/files/supplier-0004/other-material.pdf', 103107, 'application/pdf', 1, '补充资质材料', '2026-01-14 16:00:00', 0),
    (13, 5, 1, 'BUSINESS_LICENSE', 'business-license-0005.pdf', '/mock/files/supplier-0005/business-license.pdf', 103244, 'application/pdf', 1, '营业执照文件', '2026-01-15 12:00:00', 0),
    (14, 5, 1, 'QUALIFICATION', 'qualification-0005.pdf', '/mock/files/supplier-0005/qualification.pdf', 103244, 'application/pdf', 1, '资质证明文件', '2026-01-15 14:00:00', 0),
    (15, 5, 1, 'OTHER', 'other-material-0005.pdf', '/mock/files/supplier-0005/other-material.pdf', 103244, 'application/pdf', 1, '补充资质材料', '2026-01-15 16:00:00', 0),
    (16, 6, 1, 'BUSINESS_LICENSE', 'business-license-0006.pdf', '/mock/files/supplier-0006/business-license.pdf', 103381, 'application/pdf', 1, '营业执照文件', '2026-01-16 12:00:00', 0),
    (17, 6, 1, 'QUALIFICATION', 'qualification-0006.pdf', '/mock/files/supplier-0006/qualification.pdf', 103381, 'application/pdf', 1, '资质证明文件', '2026-01-16 14:00:00', 0),
    (18, 6, 1, 'OTHER', 'other-material-0006.pdf', '/mock/files/supplier-0006/other-material.pdf', 103381, 'application/pdf', 1, '补充资质材料', '2026-01-16 16:00:00', 0),
    (19, 7, 1, 'BUSINESS_LICENSE', 'business-license-0007.pdf', '/mock/files/supplier-0007/business-license.pdf', 103518, 'application/pdf', 1, '营业执照文件', '2026-01-17 12:00:00', 0),
    (20, 7, 1, 'QUALIFICATION', 'qualification-0007.pdf', '/mock/files/supplier-0007/qualification.pdf', 103518, 'application/pdf', 1, '资质证明文件', '2026-01-17 14:00:00', 0),
    (21, 7, 1, 'OTHER', 'other-material-0007.pdf', '/mock/files/supplier-0007/other-material.pdf', 103518, 'application/pdf', 1, '补充资质材料', '2026-01-17 16:00:00', 0),
    (22, 8, 1, 'BUSINESS_LICENSE', 'business-license-0008.pdf', '/mock/files/supplier-0008/business-license.pdf', 103655, 'application/pdf', 1, '营业执照文件', '2026-01-18 12:00:00', 0),
    (23, 8, 1, 'QUALIFICATION', 'qualification-0008.pdf', '/mock/files/supplier-0008/qualification.pdf', 103655, 'application/pdf', 1, '资质证明文件', '2026-01-18 14:00:00', 0),
    (24, 8, 1, 'OTHER', 'other-material-0008.pdf', '/mock/files/supplier-0008/other-material.pdf', 103655, 'application/pdf', 1, '补充资质材料', '2026-01-18 16:00:00', 0),
    (25, 9, 1, 'BUSINESS_LICENSE', 'business-license-0009.pdf', '/mock/files/supplier-0009/business-license.pdf', 103792, 'application/pdf', 1, '营业执照文件', '2026-01-19 12:00:00', 0),
    (26, 9, 1, 'QUALIFICATION', 'qualification-0009.pdf', '/mock/files/supplier-0009/qualification.pdf', 103792, 'application/pdf', 1, '资质证明文件', '2026-01-19 14:00:00', 0),
    (27, 9, 1, 'OTHER', 'other-material-0009.pdf', '/mock/files/supplier-0009/other-material.pdf', 103792, 'application/pdf', 1, '补充资质材料', '2026-01-19 16:00:00', 0),
    (28, 10, 1, 'BUSINESS_LICENSE', 'business-license-0010.pdf', '/mock/files/supplier-0010/business-license.pdf', 103929, 'application/pdf', 1, '营业执照文件', '2026-01-20 12:00:00', 0),
    (29, 10, 1, 'QUALIFICATION', 'qualification-0010.pdf', '/mock/files/supplier-0010/qualification.pdf', 103929, 'application/pdf', 1, '资质证明文件', '2026-01-20 14:00:00', 0),
    (30, 10, 1, 'OTHER', 'other-material-0010.pdf', '/mock/files/supplier-0010/other-material.pdf', 103929, 'application/pdf', 1, '补充资质材料', '2026-01-20 16:00:00', 0),
    (31, 11, 1, 'BUSINESS_LICENSE', 'business-license-0011.pdf', '/mock/files/supplier-0011/business-license.pdf', 104066, 'application/pdf', 1, '营业执照文件', '2026-01-21 12:00:00', 0),
    (32, 11, 1, 'QUALIFICATION', 'qualification-0011.pdf', '/mock/files/supplier-0011/qualification.pdf', 104066, 'application/pdf', 1, '资质证明文件', '2026-01-21 14:00:00', 0),
    (33, 11, 1, 'OTHER', 'other-material-0011.pdf', '/mock/files/supplier-0011/other-material.pdf', 104066, 'application/pdf', 1, '补充资质材料', '2026-01-21 16:00:00', 0),
    (34, 12, 1, 'BUSINESS_LICENSE', 'business-license-0012.pdf', '/mock/files/supplier-0012/business-license.pdf', 104203, 'application/pdf', 1, '营业执照文件', '2026-01-22 12:00:00', 0),
    (35, 12, 1, 'QUALIFICATION', 'qualification-0012.pdf', '/mock/files/supplier-0012/qualification.pdf', 104203, 'application/pdf', 1, '资质证明文件', '2026-01-22 14:00:00', 0),
    (36, 12, 1, 'OTHER', 'other-material-0012.pdf', '/mock/files/supplier-0012/other-material.pdf', 104203, 'application/pdf', 1, '补充资质材料', '2026-01-22 16:00:00', 0),
    (37, 13, 1, 'BUSINESS_LICENSE', 'business-license-0013.pdf', '/mock/files/supplier-0013/business-license.pdf', 104340, 'application/pdf', 1, '营业执照文件', '2026-01-23 12:00:00', 0),
    (38, 13, 1, 'QUALIFICATION', 'qualification-0013.pdf', '/mock/files/supplier-0013/qualification.pdf', 104340, 'application/pdf', 1, '资质证明文件', '2026-01-23 14:00:00', 0),
    (39, 13, 1, 'OTHER', 'other-material-0013.pdf', '/mock/files/supplier-0013/other-material.pdf', 104340, 'application/pdf', 1, '补充资质材料', '2026-01-23 16:00:00', 0),
    (40, 14, 1, 'BUSINESS_LICENSE', 'business-license-0014.pdf', '/mock/files/supplier-0014/business-license.pdf', 104477, 'application/pdf', 1, '营业执照文件', '2026-01-24 12:00:00', 0),
    (41, 14, 1, 'QUALIFICATION', 'qualification-0014.pdf', '/mock/files/supplier-0014/qualification.pdf', 104477, 'application/pdf', 1, '资质证明文件', '2026-01-24 14:00:00', 0),
    (42, 14, 1, 'OTHER', 'other-material-0014.pdf', '/mock/files/supplier-0014/other-material.pdf', 104477, 'application/pdf', 1, '补充资质材料', '2026-01-24 16:00:00', 0),
    (43, 15, 1, 'BUSINESS_LICENSE', 'business-license-0015.pdf', '/mock/files/supplier-0015/business-license.pdf', 104614, 'application/pdf', 1, '营业执照文件', '2026-01-25 12:00:00', 0),
    (44, 15, 1, 'QUALIFICATION', 'qualification-0015.pdf', '/mock/files/supplier-0015/qualification.pdf', 104614, 'application/pdf', 1, '资质证明文件', '2026-01-25 14:00:00', 0),
    (45, 15, 1, 'OTHER', 'other-material-0015.pdf', '/mock/files/supplier-0015/other-material.pdf', 104614, 'application/pdf', 1, '补充资质材料', '2026-01-25 16:00:00', 0),
    (46, 16, 1, 'BUSINESS_LICENSE', 'business-license-0016.pdf', '/mock/files/supplier-0016/business-license.pdf', 104751, 'application/pdf', 1, '营业执照文件', '2026-01-26 12:00:00', 0),
    (47, 16, 1, 'QUALIFICATION', 'qualification-0016.pdf', '/mock/files/supplier-0016/qualification.pdf', 104751, 'application/pdf', 1, '资质证明文件', '2026-01-26 14:00:00', 0),
    (48, 16, 1, 'OTHER', 'other-material-0016.pdf', '/mock/files/supplier-0016/other-material.pdf', 104751, 'application/pdf', 1, '补充资质材料', '2026-01-26 16:00:00', 0),
    (49, 17, 1, 'BUSINESS_LICENSE', 'business-license-0017.pdf', '/mock/files/supplier-0017/business-license.pdf', 104888, 'application/pdf', 1, '营业执照文件', '2026-01-27 12:00:00', 0),
    (50, 17, 1, 'QUALIFICATION', 'qualification-0017.pdf', '/mock/files/supplier-0017/qualification.pdf', 104888, 'application/pdf', 1, '资质证明文件', '2026-01-27 14:00:00', 0),
    (51, 17, 1, 'OTHER', 'other-material-0017.pdf', '/mock/files/supplier-0017/other-material.pdf', 104888, 'application/pdf', 1, '补充资质材料', '2026-01-27 16:00:00', 0),
    (52, 18, 1, 'BUSINESS_LICENSE', 'business-license-0018.pdf', '/mock/files/supplier-0018/business-license.pdf', 105025, 'application/pdf', 1, '营业执照文件', '2026-01-28 12:00:00', 0),
    (53, 18, 1, 'QUALIFICATION', 'qualification-0018.pdf', '/mock/files/supplier-0018/qualification.pdf', 105025, 'application/pdf', 1, '资质证明文件', '2026-01-28 14:00:00', 0),
    (54, 18, 1, 'OTHER', 'other-material-0018.pdf', '/mock/files/supplier-0018/other-material.pdf', 105025, 'application/pdf', 1, '补充资质材料', '2026-01-28 16:00:00', 0),
    (55, 19, 1, 'BUSINESS_LICENSE', 'business-license-0019.pdf', '/mock/files/supplier-0019/business-license.pdf', 105162, 'application/pdf', 1, '营业执照文件', '2026-01-29 12:00:00', 0),
    (56, 19, 1, 'QUALIFICATION', 'qualification-0019.pdf', '/mock/files/supplier-0019/qualification.pdf', 105162, 'application/pdf', 1, '资质证明文件', '2026-01-29 14:00:00', 0),
    (57, 19, 1, 'OTHER', 'other-material-0019.pdf', '/mock/files/supplier-0019/other-material.pdf', 105162, 'application/pdf', 1, '补充资质材料', '2026-01-29 16:00:00', 0),
    (58, 20, 1, 'BUSINESS_LICENSE', 'business-license-0020.pdf', '/mock/files/supplier-0020/business-license.pdf', 105299, 'application/pdf', 1, '营业执照文件', '2026-01-30 12:00:00', 0),
    (59, 20, 1, 'QUALIFICATION', 'qualification-0020.pdf', '/mock/files/supplier-0020/qualification.pdf', 105299, 'application/pdf', 1, '资质证明文件', '2026-01-30 14:00:00', 0),
    (60, 20, 1, 'OTHER', 'other-material-0020.pdf', '/mock/files/supplier-0020/other-material.pdf', 105299, 'application/pdf', 1, '补充资质材料', '2026-01-30 16:00:00', 0),
    (61, 21, 1, 'BUSINESS_LICENSE', 'business-license-0021.pdf', '/mock/files/supplier-0021/business-license.pdf', 105383, 'application/pdf', 1, '营业执照文件', '2026-01-31 12:00:00', 0),
    (62, 21, 1, 'QUALIFICATION', 'qualification-0021.pdf', '/mock/files/supplier-0021/qualification.pdf', 105383, 'application/pdf', 1, '资质证明文件', '2026-01-31 14:00:00', 0),
    (63, 22, 1, 'BUSINESS_LICENSE', 'business-license-0022.pdf', '/mock/files/supplier-0022/business-license.pdf', 105520, 'application/pdf', 1, '营业执照文件', '2026-02-01 12:00:00', 0),
    (64, 22, 1, 'QUALIFICATION', 'qualification-0022.pdf', '/mock/files/supplier-0022/qualification.pdf', 105520, 'application/pdf', 1, '资质证明文件', '2026-02-01 14:00:00', 0),
    (65, 23, 1, 'BUSINESS_LICENSE', 'business-license-0023.pdf', '/mock/files/supplier-0023/business-license.pdf', 105657, 'application/pdf', 1, '营业执照文件', '2026-02-02 12:00:00', 0),
    (66, 23, 1, 'QUALIFICATION', 'qualification-0023.pdf', '/mock/files/supplier-0023/qualification.pdf', 105657, 'application/pdf', 1, '资质证明文件', '2026-02-02 14:00:00', 0),
    (67, 24, 1, 'BUSINESS_LICENSE', 'business-license-0024.pdf', '/mock/files/supplier-0024/business-license.pdf', 105794, 'application/pdf', 1, '营业执照文件', '2026-02-03 12:00:00', 0),
    (68, 24, 1, 'QUALIFICATION', 'qualification-0024.pdf', '/mock/files/supplier-0024/qualification.pdf', 105794, 'application/pdf', 1, '资质证明文件', '2026-02-03 14:00:00', 0),
    (69, 25, 1, 'BUSINESS_LICENSE', 'business-license-0025.pdf', '/mock/files/supplier-0025/business-license.pdf', 105931, 'application/pdf', 1, '营业执照文件', '2026-02-04 12:00:00', 0),
    (70, 25, 1, 'QUALIFICATION', 'qualification-0025.pdf', '/mock/files/supplier-0025/qualification.pdf', 105931, 'application/pdf', 1, '资质证明文件', '2026-02-04 14:00:00', 0),
    (71, 26, 1, 'BUSINESS_LICENSE', 'business-license-0026.pdf', '/mock/files/supplier-0026/business-license.pdf', 106068, 'application/pdf', 1, '营业执照文件', '2026-02-05 12:00:00', 0),
    (72, 26, 1, 'QUALIFICATION', 'qualification-0026.pdf', '/mock/files/supplier-0026/qualification.pdf', 106068, 'application/pdf', 1, '资质证明文件', '2026-02-05 14:00:00', 0),
    (73, 27, 1, 'BUSINESS_LICENSE', 'business-license-0027.pdf', '/mock/files/supplier-0027/business-license.pdf', 106205, 'application/pdf', 1, '营业执照文件', '2026-02-06 12:00:00', 0),
    (74, 27, 1, 'QUALIFICATION', 'qualification-0027.pdf', '/mock/files/supplier-0027/qualification.pdf', 106205, 'application/pdf', 1, '资质证明文件', '2026-02-06 14:00:00', 0),
    (75, 28, 1, 'BUSINESS_LICENSE', 'business-license-0028.pdf', '/mock/files/supplier-0028/business-license.pdf', 106342, 'application/pdf', 1, '营业执照文件', '2026-02-07 12:00:00', 0),
    (76, 28, 1, 'QUALIFICATION', 'qualification-0028.pdf', '/mock/files/supplier-0028/qualification.pdf', 106342, 'application/pdf', 1, '资质证明文件', '2026-02-07 14:00:00', 0),
    (77, 29, 1, 'BUSINESS_LICENSE', 'business-license-0029.pdf', '/mock/files/supplier-0029/business-license.pdf', 106479, 'application/pdf', 1, '营业执照文件', '2026-02-08 12:00:00', 0),
    (78, 29, 1, 'QUALIFICATION', 'qualification-0029.pdf', '/mock/files/supplier-0029/qualification.pdf', 106479, 'application/pdf', 1, '资质证明文件', '2026-02-08 14:00:00', 0),
    (79, 30, 1, 'BUSINESS_LICENSE', 'business-license-0030.pdf', '/mock/files/supplier-0030/business-license.pdf', 106616, 'application/pdf', 1, '营业执照文件', '2026-02-09 12:00:00', 0),
    (80, 30, 1, 'QUALIFICATION', 'qualification-0030.pdf', '/mock/files/supplier-0030/qualification.pdf', 106616, 'application/pdf', 1, '资质证明文件', '2026-02-09 14:00:00', 0),
    (81, 31, 1, 'BUSINESS_LICENSE', 'business-license-0031.pdf', '/mock/files/supplier-0031/business-license.pdf', 106753, 'application/pdf', 1, '营业执照文件', '2026-02-10 12:00:00', 0),
    (82, 31, 1, 'QUALIFICATION', 'qualification-0031.pdf', '/mock/files/supplier-0031/qualification.pdf', 106753, 'application/pdf', 1, '资质证明文件', '2026-02-10 14:00:00', 0),
    (83, 32, 1, 'BUSINESS_LICENSE', 'business-license-0032.pdf', '/mock/files/supplier-0032/business-license.pdf', 106890, 'application/pdf', 1, '营业执照文件', '2026-02-11 12:00:00', 0),
    (84, 32, 1, 'QUALIFICATION', 'qualification-0032.pdf', '/mock/files/supplier-0032/qualification.pdf', 106890, 'application/pdf', 1, '资质证明文件', '2026-02-11 14:00:00', 0),
    (85, 33, 1, 'BUSINESS_LICENSE', 'business-license-0033.pdf', '/mock/files/supplier-0033/business-license.pdf', 107027, 'application/pdf', 1, '营业执照文件', '2026-02-12 12:00:00', 0),
    (86, 33, 1, 'QUALIFICATION', 'qualification-0033.pdf', '/mock/files/supplier-0033/qualification.pdf', 107027, 'application/pdf', 1, '资质证明文件', '2026-02-12 14:00:00', 0),
    (87, 34, 1, 'BUSINESS_LICENSE', 'business-license-0034.pdf', '/mock/files/supplier-0034/business-license.pdf', 107164, 'application/pdf', 1, '营业执照文件', '2026-02-13 12:00:00', 0),
    (88, 34, 1, 'QUALIFICATION', 'qualification-0034.pdf', '/mock/files/supplier-0034/qualification.pdf', 107164, 'application/pdf', 1, '资质证明文件', '2026-02-13 14:00:00', 0),
    (89, 35, 1, 'BUSINESS_LICENSE', 'business-license-0035.pdf', '/mock/files/supplier-0035/business-license.pdf', 107301, 'application/pdf', 1, '营业执照文件', '2026-02-14 12:00:00', 0),
    (90, 35, 1, 'QUALIFICATION', 'qualification-0035.pdf', '/mock/files/supplier-0035/qualification.pdf', 107301, 'application/pdf', 1, '资质证明文件', '2026-02-14 14:00:00', 0),
    (91, 36, 1, 'BUSINESS_LICENSE', 'business-license-0036.pdf', '/mock/files/supplier-0036/business-license.pdf', 107438, 'application/pdf', 1, '营业执照文件', '2026-02-15 12:00:00', 0),
    (92, 36, 1, 'QUALIFICATION', 'qualification-0036.pdf', '/mock/files/supplier-0036/qualification.pdf', 107438, 'application/pdf', 1, '资质证明文件', '2026-02-15 14:00:00', 0),
    (93, 37, 1, 'BUSINESS_LICENSE', 'business-license-0037.pdf', '/mock/files/supplier-0037/business-license.pdf', 107575, 'application/pdf', 1, '营业执照文件', '2026-02-16 12:00:00', 0),
    (94, 37, 1, 'QUALIFICATION', 'qualification-0037.pdf', '/mock/files/supplier-0037/qualification.pdf', 107575, 'application/pdf', 1, '资质证明文件', '2026-02-16 14:00:00', 0),
    (95, 38, 1, 'BUSINESS_LICENSE', 'business-license-0038.pdf', '/mock/files/supplier-0038/business-license.pdf', 107712, 'application/pdf', 1, '营业执照文件', '2026-02-17 12:00:00', 0),
    (96, 38, 1, 'QUALIFICATION', 'qualification-0038.pdf', '/mock/files/supplier-0038/qualification.pdf', 107712, 'application/pdf', 1, '资质证明文件', '2026-02-17 14:00:00', 0),
    (97, 39, 1, 'BUSINESS_LICENSE', 'business-license-0039.pdf', '/mock/files/supplier-0039/business-license.pdf', 107849, 'application/pdf', 1, '营业执照文件', '2026-02-18 12:00:00', 0),
    (98, 39, 1, 'QUALIFICATION', 'qualification-0039.pdf', '/mock/files/supplier-0039/qualification.pdf', 107849, 'application/pdf', 1, '资质证明文件', '2026-02-18 14:00:00', 0),
    (99, 40, 1, 'BUSINESS_LICENSE', 'business-license-0040.pdf', '/mock/files/supplier-0040/business-license.pdf', 107986, 'application/pdf', 1, '营业执照文件', '2026-02-19 12:00:00', 0),
    (100, 40, 1, 'QUALIFICATION', 'qualification-0040.pdf', '/mock/files/supplier-0040/qualification.pdf', 107986, 'application/pdf', 1, '资质证明文件', '2026-02-19 14:00:00', 0),
    (101, 41, 1, 'BUSINESS_LICENSE', 'business-license-0041.pdf', '/mock/files/supplier-0041/business-license.pdf', 108123, 'application/pdf', 1, '营业执照文件', '2026-02-20 12:00:00', 0),
    (102, 41, 1, 'QUALIFICATION', 'qualification-0041.pdf', '/mock/files/supplier-0041/qualification.pdf', 108123, 'application/pdf', 1, '资质证明文件', '2026-02-20 14:00:00', 0),
    (103, 42, 1, 'BUSINESS_LICENSE', 'business-license-0042.pdf', '/mock/files/supplier-0042/business-license.pdf', 108260, 'application/pdf', 1, '营业执照文件', '2026-02-21 12:00:00', 0),
    (104, 42, 1, 'QUALIFICATION', 'qualification-0042.pdf', '/mock/files/supplier-0042/qualification.pdf', 108260, 'application/pdf', 1, '资质证明文件', '2026-02-21 14:00:00', 0),
    (105, 43, 1, 'BUSINESS_LICENSE', 'business-license-0043.pdf', '/mock/files/supplier-0043/business-license.pdf', 108397, 'application/pdf', 1, '营业执照文件', '2026-02-22 12:00:00', 0),
    (106, 43, 1, 'QUALIFICATION', 'qualification-0043.pdf', '/mock/files/supplier-0043/qualification.pdf', 108397, 'application/pdf', 1, '资质证明文件', '2026-02-22 14:00:00', 0),
    (107, 44, 1, 'BUSINESS_LICENSE', 'business-license-0044.pdf', '/mock/files/supplier-0044/business-license.pdf', 108534, 'application/pdf', 1, '营业执照文件', '2026-02-23 12:00:00', 0),
    (108, 44, 1, 'QUALIFICATION', 'qualification-0044.pdf', '/mock/files/supplier-0044/qualification.pdf', 108534, 'application/pdf', 1, '资质证明文件', '2026-02-23 14:00:00', 0),
    (109, 45, 1, 'BUSINESS_LICENSE', 'business-license-0045.pdf', '/mock/files/supplier-0045/business-license.pdf', 108671, 'application/pdf', 1, '营业执照文件', '2026-02-24 12:00:00', 0),
    (110, 45, 1, 'QUALIFICATION', 'qualification-0045.pdf', '/mock/files/supplier-0045/qualification.pdf', 108671, 'application/pdf', 1, '资质证明文件', '2026-02-24 14:00:00', 0),
    (111, 46, 1, 'BUSINESS_LICENSE', 'business-license-0046.pdf', '/mock/files/supplier-0046/business-license.pdf', 108808, 'application/pdf', 1, '营业执照文件', '2026-02-25 12:00:00', 0),
    (112, 46, 1, 'QUALIFICATION', 'qualification-0046.pdf', '/mock/files/supplier-0046/qualification.pdf', 108808, 'application/pdf', 1, '资质证明文件', '2026-02-25 14:00:00', 0),
    (113, 47, 1, 'BUSINESS_LICENSE', 'business-license-0047.pdf', '/mock/files/supplier-0047/business-license.pdf', 108945, 'application/pdf', 1, '营业执照文件', '2026-02-26 12:00:00', 0),
    (114, 47, 1, 'QUALIFICATION', 'qualification-0047.pdf', '/mock/files/supplier-0047/qualification.pdf', 108945, 'application/pdf', 1, '资质证明文件', '2026-02-26 14:00:00', 0),
    (115, 48, 1, 'BUSINESS_LICENSE', 'business-license-0048.pdf', '/mock/files/supplier-0048/business-license.pdf', 109082, 'application/pdf', 1, '营业执照文件', '2026-02-27 12:00:00', 0),
    (116, 48, 1, 'QUALIFICATION', 'qualification-0048.pdf', '/mock/files/supplier-0048/qualification.pdf', 109082, 'application/pdf', 1, '资质证明文件', '2026-02-27 14:00:00', 0),
    (117, 49, 1, 'BUSINESS_LICENSE', 'business-license-0049.pdf', '/mock/files/supplier-0049/business-license.pdf', 109219, 'application/pdf', 1, '营业执照文件', '2026-02-28 12:00:00', 0),
    (118, 49, 1, 'QUALIFICATION', 'qualification-0049.pdf', '/mock/files/supplier-0049/qualification.pdf', 109219, 'application/pdf', 1, '资质证明文件', '2026-02-28 14:00:00', 0),
    (119, 50, 1, 'BUSINESS_LICENSE', 'business-license-0050.pdf', '/mock/files/supplier-0050/business-license.pdf', 109356, 'application/pdf', 1, '营业执照文件', '2026-03-01 12:00:00', 0),
    (120, 50, 1, 'QUALIFICATION', 'qualification-0050.pdf', '/mock/files/supplier-0050/qualification.pdf', 109356, 'application/pdf', 1, '资质证明文件', '2026-03-01 14:00:00', 0),
    (121, 51, 1, 'BUSINESS_LICENSE', 'business-license-0051.pdf', '/mock/files/supplier-0051/business-license.pdf', 109493, 'application/pdf', 1, '营业执照文件', '2026-03-02 12:00:00', 0),
    (122, 51, 1, 'QUALIFICATION', 'qualification-0051.pdf', '/mock/files/supplier-0051/qualification.pdf', 109493, 'application/pdf', 1, '资质证明文件', '2026-03-02 14:00:00', 0),
    (123, 52, 1, 'BUSINESS_LICENSE', 'business-license-0052.pdf', '/mock/files/supplier-0052/business-license.pdf', 109630, 'application/pdf', 1, '营业执照文件', '2026-03-03 12:00:00', 0),
    (124, 52, 1, 'QUALIFICATION', 'qualification-0052.pdf', '/mock/files/supplier-0052/qualification.pdf', 109630, 'application/pdf', 1, '资质证明文件', '2026-03-03 14:00:00', 0),
    (125, 53, 1, 'BUSINESS_LICENSE', 'business-license-0053.pdf', '/mock/files/supplier-0053/business-license.pdf', 109767, 'application/pdf', 1, '营业执照文件', '2026-03-04 12:00:00', 0),
    (126, 53, 1, 'QUALIFICATION', 'qualification-0053.pdf', '/mock/files/supplier-0053/qualification.pdf', 109767, 'application/pdf', 1, '资质证明文件', '2026-03-04 14:00:00', 0),
    (127, 54, 1, 'BUSINESS_LICENSE', 'business-license-0054.pdf', '/mock/files/supplier-0054/business-license.pdf', 109904, 'application/pdf', 1, '营业执照文件', '2026-03-05 12:00:00', 0),
    (128, 54, 1, 'QUALIFICATION', 'qualification-0054.pdf', '/mock/files/supplier-0054/qualification.pdf', 109904, 'application/pdf', 1, '资质证明文件', '2026-03-05 14:00:00', 0),
    (129, 55, 1, 'BUSINESS_LICENSE', 'business-license-0055.pdf', '/mock/files/supplier-0055/business-license.pdf', 110041, 'application/pdf', 1, '营业执照文件', '2026-03-06 12:00:00', 0),
    (130, 55, 1, 'QUALIFICATION', 'qualification-0055.pdf', '/mock/files/supplier-0055/qualification.pdf', 110041, 'application/pdf', 1, '资质证明文件', '2026-03-06 14:00:00', 0),
    (131, 56, 1, 'BUSINESS_LICENSE', 'business-license-0056.pdf', '/mock/files/supplier-0056/business-license.pdf', 110178, 'application/pdf', 1, '营业执照文件', '2026-03-07 12:00:00', 0),
    (132, 56, 1, 'QUALIFICATION', 'qualification-0056.pdf', '/mock/files/supplier-0056/qualification.pdf', 110178, 'application/pdf', 1, '资质证明文件', '2026-03-07 14:00:00', 0),
    (133, 57, 1, 'BUSINESS_LICENSE', 'business-license-0057.pdf', '/mock/files/supplier-0057/business-license.pdf', 110315, 'application/pdf', 1, '营业执照文件', '2026-03-08 12:00:00', 0),
    (134, 57, 1, 'QUALIFICATION', 'qualification-0057.pdf', '/mock/files/supplier-0057/qualification.pdf', 110315, 'application/pdf', 1, '资质证明文件', '2026-03-08 14:00:00', 0),
    (135, 58, 1, 'BUSINESS_LICENSE', 'business-license-0058.pdf', '/mock/files/supplier-0058/business-license.pdf', 110452, 'application/pdf', 1, '营业执照文件', '2026-03-09 12:00:00', 0),
    (136, 58, 1, 'QUALIFICATION', 'qualification-0058.pdf', '/mock/files/supplier-0058/qualification.pdf', 110452, 'application/pdf', 1, '资质证明文件', '2026-03-09 14:00:00', 0),
    (137, 59, 1, 'BUSINESS_LICENSE', 'business-license-0059.pdf', '/mock/files/supplier-0059/business-license.pdf', 110589, 'application/pdf', 1, '营业执照文件', '2026-03-10 12:00:00', 0),
    (138, 59, 1, 'QUALIFICATION', 'qualification-0059.pdf', '/mock/files/supplier-0059/qualification.pdf', 110589, 'application/pdf', 1, '资质证明文件', '2026-03-10 14:00:00', 0),
    (139, 60, 1, 'BUSINESS_LICENSE', 'business-license-0060.pdf', '/mock/files/supplier-0060/business-license.pdf', 110726, 'application/pdf', 1, '营业执照文件', '2026-03-11 12:00:00', 0),
    (140, 60, 1, 'QUALIFICATION', 'qualification-0060.pdf', '/mock/files/supplier-0060/qualification.pdf', 110726, 'application/pdf', 1, '资质证明文件', '2026-03-11 14:00:00', 0),
    (141, 61, 1, 'BUSINESS_LICENSE', 'business-license-0061.pdf', '/mock/files/supplier-0061/business-license.pdf', 110863, 'application/pdf', 1, '营业执照文件', '2026-03-12 12:00:00', 0),
    (142, 61, 1, 'QUALIFICATION', 'qualification-0061.pdf', '/mock/files/supplier-0061/qualification.pdf', 110863, 'application/pdf', 1, '资质证明文件', '2026-03-12 14:00:00', 0),
    (143, 62, 1, 'BUSINESS_LICENSE', 'business-license-0062.pdf', '/mock/files/supplier-0062/business-license.pdf', 111000, 'application/pdf', 1, '营业执照文件', '2026-03-13 12:00:00', 0),
    (144, 62, 1, 'QUALIFICATION', 'qualification-0062.pdf', '/mock/files/supplier-0062/qualification.pdf', 111000, 'application/pdf', 1, '资质证明文件', '2026-03-13 14:00:00', 0),
    (145, 63, 1, 'BUSINESS_LICENSE', 'business-license-0063.pdf', '/mock/files/supplier-0063/business-license.pdf', 111137, 'application/pdf', 1, '营业执照文件', '2026-03-14 12:00:00', 0),
    (146, 63, 1, 'QUALIFICATION', 'qualification-0063.pdf', '/mock/files/supplier-0063/qualification.pdf', 111137, 'application/pdf', 1, '资质证明文件', '2026-03-14 14:00:00', 0),
    (147, 64, 1, 'BUSINESS_LICENSE', 'business-license-0064.pdf', '/mock/files/supplier-0064/business-license.pdf', 111274, 'application/pdf', 1, '营业执照文件', '2026-03-15 12:00:00', 0),
    (148, 64, 1, 'QUALIFICATION', 'qualification-0064.pdf', '/mock/files/supplier-0064/qualification.pdf', 111274, 'application/pdf', 1, '资质证明文件', '2026-03-15 14:00:00', 0),
    (149, 65, 1, 'BUSINESS_LICENSE', 'business-license-0065.pdf', '/mock/files/supplier-0065/business-license.pdf', 111411, 'application/pdf', 1, '营业执照文件', '2026-03-16 12:00:00', 0),
    (150, 65, 1, 'QUALIFICATION', 'qualification-0065.pdf', '/mock/files/supplier-0065/qualification.pdf', 111411, 'application/pdf', 1, '资质证明文件', '2026-03-16 14:00:00', 0),
    (151, 66, 1, 'BUSINESS_LICENSE', 'business-license-0066.pdf', '/mock/files/supplier-0066/business-license.pdf', 111548, 'application/pdf', 1, '营业执照文件', '2026-03-17 12:00:00', 0),
    (152, 66, 1, 'QUALIFICATION', 'qualification-0066.pdf', '/mock/files/supplier-0066/qualification.pdf', 111548, 'application/pdf', 1, '资质证明文件', '2026-03-17 14:00:00', 0),
    (153, 67, 1, 'BUSINESS_LICENSE', 'business-license-0067.pdf', '/mock/files/supplier-0067/business-license.pdf', 111685, 'application/pdf', 1, '营业执照文件', '2026-03-18 12:00:00', 0),
    (154, 67, 1, 'QUALIFICATION', 'qualification-0067.pdf', '/mock/files/supplier-0067/qualification.pdf', 111685, 'application/pdf', 1, '资质证明文件', '2026-03-18 14:00:00', 0),
    (155, 68, 1, 'BUSINESS_LICENSE', 'business-license-0068.pdf', '/mock/files/supplier-0068/business-license.pdf', 111822, 'application/pdf', 1, '营业执照文件', '2026-03-19 12:00:00', 0),
    (156, 68, 1, 'QUALIFICATION', 'qualification-0068.pdf', '/mock/files/supplier-0068/qualification.pdf', 111822, 'application/pdf', 1, '资质证明文件', '2026-03-19 14:00:00', 0),
    (157, 69, 1, 'BUSINESS_LICENSE', 'business-license-0069.pdf', '/mock/files/supplier-0069/business-license.pdf', 111959, 'application/pdf', 1, '营业执照文件', '2026-03-20 12:00:00', 0),
    (158, 69, 1, 'QUALIFICATION', 'qualification-0069.pdf', '/mock/files/supplier-0069/qualification.pdf', 111959, 'application/pdf', 1, '资质证明文件', '2026-03-20 14:00:00', 0),
    (159, 70, 1, 'BUSINESS_LICENSE', 'business-license-0070.pdf', '/mock/files/supplier-0070/business-license.pdf', 112096, 'application/pdf', 1, '营业执照文件', '2026-03-21 12:00:00', 0),
    (160, 70, 1, 'QUALIFICATION', 'qualification-0070.pdf', '/mock/files/supplier-0070/qualification.pdf', 112096, 'application/pdf', 1, '资质证明文件', '2026-03-21 14:00:00', 0),
    (161, 71, 1, 'BUSINESS_LICENSE', 'business-license-0071.pdf', '/mock/files/supplier-0071/business-license.pdf', 112233, 'application/pdf', 1, '营业执照文件', '2026-03-22 12:00:00', 0),
    (162, 71, 1, 'QUALIFICATION', 'qualification-0071.pdf', '/mock/files/supplier-0071/qualification.pdf', 112233, 'application/pdf', 1, '资质证明文件', '2026-03-22 14:00:00', 0),
    (163, 72, 1, 'BUSINESS_LICENSE', 'business-license-0072.pdf', '/mock/files/supplier-0072/business-license.pdf', 112370, 'application/pdf', 1, '营业执照文件', '2026-03-23 12:00:00', 0),
    (164, 72, 1, 'QUALIFICATION', 'qualification-0072.pdf', '/mock/files/supplier-0072/qualification.pdf', 112370, 'application/pdf', 1, '资质证明文件', '2026-03-23 14:00:00', 0),
    (165, 73, 1, 'BUSINESS_LICENSE', 'business-license-0073.pdf', '/mock/files/supplier-0073/business-license.pdf', 112507, 'application/pdf', 1, '营业执照文件', '2026-03-24 12:00:00', 0),
    (166, 73, 1, 'QUALIFICATION', 'qualification-0073.pdf', '/mock/files/supplier-0073/qualification.pdf', 112507, 'application/pdf', 1, '资质证明文件', '2026-03-24 14:00:00', 0),
    (167, 74, 1, 'BUSINESS_LICENSE', 'business-license-0074.pdf', '/mock/files/supplier-0074/business-license.pdf', 112644, 'application/pdf', 1, '营业执照文件', '2026-03-25 12:00:00', 0),
    (168, 74, 1, 'QUALIFICATION', 'qualification-0074.pdf', '/mock/files/supplier-0074/qualification.pdf', 112644, 'application/pdf', 1, '资质证明文件', '2026-03-25 14:00:00', 0),
    (169, 75, 1, 'BUSINESS_LICENSE', 'business-license-0075.pdf', '/mock/files/supplier-0075/business-license.pdf', 112781, 'application/pdf', 1, '营业执照文件', '2026-03-26 12:00:00', 0),
    (170, 75, 1, 'QUALIFICATION', 'qualification-0075.pdf', '/mock/files/supplier-0075/qualification.pdf', 112781, 'application/pdf', 1, '资质证明文件', '2026-03-26 14:00:00', 0),
    (171, 76, 1, 'BUSINESS_LICENSE', 'business-license-r1-0076.pdf', '/mock/files/supplier-0076/business-license-r1.pdf', 112971, 'application/pdf', 1, '首轮营业执照文件', '2026-03-27 12:00:00', 0),
    (172, 76, 1, 'QUALIFICATION', 'qualification-r1-0076.pdf', '/mock/files/supplier-0076/qualification-r1.pdf', 112971, 'application/pdf', 0, '首轮资质文件', '2026-03-27 14:00:00', 0),
    (173, 76, 2, 'QUALIFICATION', 'qualification-r2-0076.pdf', '/mock/files/supplier-0076/qualification-r2.pdf', 112971, 'application/pdf', 1, '驳回后补充资质文件', '2026-03-28 14:00:00', 0),
    (174, 77, 1, 'BUSINESS_LICENSE', 'business-license-r1-0077.pdf', '/mock/files/supplier-0077/business-license-r1.pdf', 113108, 'application/pdf', 1, '首轮营业执照文件', '2026-03-28 12:00:00', 0),
    (175, 77, 1, 'QUALIFICATION', 'qualification-r1-0077.pdf', '/mock/files/supplier-0077/qualification-r1.pdf', 113108, 'application/pdf', 0, '首轮资质文件', '2026-03-28 14:00:00', 0),
    (176, 77, 2, 'QUALIFICATION', 'qualification-r2-0077.pdf', '/mock/files/supplier-0077/qualification-r2.pdf', 113108, 'application/pdf', 1, '驳回后补充资质文件', '2026-03-29 14:00:00', 0),
    (177, 78, 1, 'BUSINESS_LICENSE', 'business-license-r1-0078.pdf', '/mock/files/supplier-0078/business-license-r1.pdf', 113245, 'application/pdf', 1, '首轮营业执照文件', '2026-03-29 12:00:00', 0),
    (178, 78, 1, 'QUALIFICATION', 'qualification-r1-0078.pdf', '/mock/files/supplier-0078/qualification-r1.pdf', 113245, 'application/pdf', 0, '首轮资质文件', '2026-03-29 14:00:00', 0),
    (179, 78, 2, 'QUALIFICATION', 'qualification-r2-0078.pdf', '/mock/files/supplier-0078/qualification-r2.pdf', 113245, 'application/pdf', 1, '驳回后补充资质文件', '2026-03-30 14:00:00', 0),
    (180, 79, 1, 'BUSINESS_LICENSE', 'business-license-r1-0079.pdf', '/mock/files/supplier-0079/business-license-r1.pdf', 113382, 'application/pdf', 1, '首轮营业执照文件', '2026-03-30 12:00:00', 0),
    (181, 79, 1, 'QUALIFICATION', 'qualification-r1-0079.pdf', '/mock/files/supplier-0079/qualification-r1.pdf', 113382, 'application/pdf', 0, '首轮资质文件', '2026-03-30 14:00:00', 0),
    (182, 79, 2, 'QUALIFICATION', 'qualification-r2-0079.pdf', '/mock/files/supplier-0079/qualification-r2.pdf', 113382, 'application/pdf', 1, '驳回后补充资质文件', '2026-03-31 14:00:00', 0),
    (183, 80, 1, 'BUSINESS_LICENSE', 'business-license-r1-0080.pdf', '/mock/files/supplier-0080/business-license-r1.pdf', 113519, 'application/pdf', 1, '首轮营业执照文件', '2026-03-31 12:00:00', 0),
    (184, 80, 1, 'QUALIFICATION', 'qualification-r1-0080.pdf', '/mock/files/supplier-0080/qualification-r1.pdf', 113519, 'application/pdf', 0, '首轮资质文件', '2026-03-31 14:00:00', 0),
    (185, 80, 2, 'QUALIFICATION', 'qualification-r2-0080.pdf', '/mock/files/supplier-0080/qualification-r2.pdf', 113519, 'application/pdf', 1, '驳回后补充资质文件', '2026-04-01 14:00:00', 0),
    (186, 81, 1, 'BUSINESS_LICENSE', 'business-license-r1-0081.pdf', '/mock/files/supplier-0081/business-license-r1.pdf', 113656, 'application/pdf', 1, '首轮营业执照文件', '2026-04-01 12:00:00', 0),
    (187, 81, 1, 'QUALIFICATION', 'qualification-r1-0081.pdf', '/mock/files/supplier-0081/qualification-r1.pdf', 113656, 'application/pdf', 0, '首轮资质文件', '2026-04-01 14:00:00', 0),
    (188, 81, 2, 'QUALIFICATION', 'qualification-r2-0081.pdf', '/mock/files/supplier-0081/qualification-r2.pdf', 113656, 'application/pdf', 1, '驳回后补充资质文件', '2026-04-02 14:00:00', 0),
    (189, 82, 1, 'BUSINESS_LICENSE', 'business-license-r1-0082.pdf', '/mock/files/supplier-0082/business-license-r1.pdf', 113793, 'application/pdf', 1, '首轮营业执照文件', '2026-04-02 12:00:00', 0),
    (190, 82, 1, 'QUALIFICATION', 'qualification-r1-0082.pdf', '/mock/files/supplier-0082/qualification-r1.pdf', 113793, 'application/pdf', 0, '首轮资质文件', '2026-04-02 14:00:00', 0),
    (191, 82, 2, 'QUALIFICATION', 'qualification-r2-0082.pdf', '/mock/files/supplier-0082/qualification-r2.pdf', 113793, 'application/pdf', 1, '驳回后补充资质文件', '2026-04-03 14:00:00', 0),
    (192, 83, 1, 'BUSINESS_LICENSE', 'business-license-r1-0083.pdf', '/mock/files/supplier-0083/business-license-r1.pdf', 113930, 'application/pdf', 1, '首轮营业执照文件', '2026-04-03 12:00:00', 0),
    (193, 83, 1, 'QUALIFICATION', 'qualification-r1-0083.pdf', '/mock/files/supplier-0083/qualification-r1.pdf', 113930, 'application/pdf', 0, '首轮资质文件', '2026-04-03 14:00:00', 0),
    (194, 83, 2, 'QUALIFICATION', 'qualification-r2-0083.pdf', '/mock/files/supplier-0083/qualification-r2.pdf', 113930, 'application/pdf', 1, '驳回后补充资质文件', '2026-04-04 14:00:00', 0),
    (195, 84, 1, 'BUSINESS_LICENSE', 'business-license-r1-0084.pdf', '/mock/files/supplier-0084/business-license-r1.pdf', 114067, 'application/pdf', 1, '首轮营业执照文件', '2026-04-04 12:00:00', 0),
    (196, 84, 1, 'QUALIFICATION', 'qualification-r1-0084.pdf', '/mock/files/supplier-0084/qualification-r1.pdf', 114067, 'application/pdf', 0, '首轮资质文件', '2026-04-04 14:00:00', 0),
    (197, 84, 2, 'QUALIFICATION', 'qualification-r2-0084.pdf', '/mock/files/supplier-0084/qualification-r2.pdf', 114067, 'application/pdf', 1, '驳回后补充资质文件', '2026-04-05 14:00:00', 0),
    (198, 85, 1, 'BUSINESS_LICENSE', 'business-license-r1-0085.pdf', '/mock/files/supplier-0085/business-license-r1.pdf', 114204, 'application/pdf', 1, '首轮营业执照文件', '2026-04-05 12:00:00', 0),
    (199, 85, 1, 'QUALIFICATION', 'qualification-r1-0085.pdf', '/mock/files/supplier-0085/qualification-r1.pdf', 114204, 'application/pdf', 0, '首轮资质文件', '2026-04-05 14:00:00', 0),
    (200, 85, 2, 'QUALIFICATION', 'qualification-r2-0085.pdf', '/mock/files/supplier-0085/qualification-r2.pdf', 114204, 'application/pdf', 1, '驳回后补充资质文件', '2026-04-06 14:00:00', 0);

INSERT INTO `supplier_file` (`id`, `supplier_id`, `file_round`, `file_type`, `file_name`, `file_url`, `file_size`, `mime_type`, `active_flag`, `remark`, `upload_time`, `deleted`) VALUES
    (201, 86, 1, 'BUSINESS_LICENSE', 'business-license-0086.pdf', '/mock/files/supplier-0086/business-license.pdf', 114235, 'application/pdf', 1, '草稿阶段已上传营业执照', '2026-04-06 12:00:00', 0),
    (202, 87, 1, 'BUSINESS_LICENSE', 'business-license-0087.pdf', '/mock/files/supplier-0087/business-license.pdf', 114372, 'application/pdf', 1, '草稿阶段已上传营业执照', '2026-04-07 12:00:00', 0),
    (203, 88, 1, 'BUSINESS_LICENSE', 'business-license-0088.pdf', '/mock/files/supplier-0088/business-license.pdf', 114509, 'application/pdf', 1, '草稿阶段已上传营业执照', '2026-04-08 12:00:00', 0),
    (204, 89, 1, 'BUSINESS_LICENSE', 'business-license-0089.pdf', '/mock/files/supplier-0089/business-license.pdf', 114646, 'application/pdf', 1, '草稿阶段已上传营业执照', '2026-04-09 12:00:00', 0),
    (205, 90, 1, 'BUSINESS_LICENSE', 'business-license-0090.pdf', '/mock/files/supplier-0090/business-license.pdf', 114783, 'application/pdf', 1, '草稿阶段已上传营业执照', '2026-04-10 12:00:00', 0),
    (206, 91, 1, 'BUSINESS_LICENSE', 'business-license-0091.pdf', '/mock/files/supplier-0091/business-license.pdf', 114920, 'application/pdf', 1, '草稿阶段已上传营业执照', '2026-04-11 12:00:00', 0),
    (207, 92, 1, 'BUSINESS_LICENSE', 'business-license-0092.pdf', '/mock/files/supplier-0092/business-license.pdf', 115057, 'application/pdf', 1, '草稿阶段已上传营业执照', '2026-04-12 12:00:00', 0),
    (208, 93, 1, 'BUSINESS_LICENSE', 'business-license-0093.pdf', '/mock/files/supplier-0093/business-license.pdf', 115194, 'application/pdf', 1, '草稿阶段已上传营业执照', '2026-04-13 12:00:00', 0),
    (209, 94, 1, 'BUSINESS_LICENSE', 'business-license-0094.pdf', '/mock/files/supplier-0094/business-license.pdf', 115331, 'application/pdf', 1, '草稿阶段已上传营业执照', '2026-04-14 12:00:00', 0),
    (210, 95, 1, 'BUSINESS_LICENSE', 'business-license-0095.pdf', '/mock/files/supplier-0095/business-license.pdf', 115468, 'application/pdf', 1, '草稿阶段已上传营业执照', '2026-04-15 12:00:00', 0),
    (211, 96, 1, 'BUSINESS_LICENSE', 'business-license-0096.pdf', '/mock/files/supplier-0096/business-license.pdf', 115658, 'application/pdf', 1, '营业执照文件', '2026-04-16 12:00:00', 0),
    (212, 96, 1, 'QUALIFICATION', 'qualification-0096.pdf', '/mock/files/supplier-0096/qualification.pdf', 115658, 'application/pdf', 1, '资质证明文件', '2026-04-16 14:00:00', 0),
    (213, 97, 1, 'BUSINESS_LICENSE', 'business-license-0097.pdf', '/mock/files/supplier-0097/business-license.pdf', 115795, 'application/pdf', 1, '营业执照文件', '2026-04-17 12:00:00', 0),
    (214, 97, 1, 'QUALIFICATION', 'qualification-0097.pdf', '/mock/files/supplier-0097/qualification.pdf', 115795, 'application/pdf', 1, '资质证明文件', '2026-04-17 14:00:00', 0),
    (215, 98, 1, 'BUSINESS_LICENSE', 'business-license-0098.pdf', '/mock/files/supplier-0098/business-license.pdf', 115932, 'application/pdf', 1, '营业执照文件', '2026-04-18 12:00:00', 0),
    (216, 98, 1, 'QUALIFICATION', 'qualification-0098.pdf', '/mock/files/supplier-0098/qualification.pdf', 115932, 'application/pdf', 1, '资质证明文件', '2026-04-18 14:00:00', 0),
    (217, 99, 1, 'BUSINESS_LICENSE', 'business-license-0099.pdf', '/mock/files/supplier-0099/business-license.pdf', 116069, 'application/pdf', 1, '营业执照文件', '2026-04-19 12:00:00', 0),
    (218, 99, 1, 'QUALIFICATION', 'qualification-0099.pdf', '/mock/files/supplier-0099/qualification.pdf', 116069, 'application/pdf', 1, '资质证明文件', '2026-04-19 14:00:00', 0),
    (219, 100, 1, 'BUSINESS_LICENSE', 'business-license-0100.pdf', '/mock/files/supplier-0100/business-license.pdf', 116206, 'application/pdf', 1, '营业执照文件', '2026-04-20 12:00:00', 0),
    (220, 100, 1, 'QUALIFICATION', 'qualification-0100.pdf', '/mock/files/supplier-0100/qualification.pdf', 116206, 'application/pdf', 1, '资质证明文件', '2026-04-20 14:00:00', 0);

INSERT INTO `purchase_request` (`id`, `request_no`, `title`, `applicant_id`, `dept`, `expected_date`, `submit_time`, `review_user_id`, `review_time`, `review_note`, `status`, `remark`, `create_time`, `update_time`, `deleted`) VALUES
    (1, 'PR2026040001', '2026年4月采购申请001', 11, '采购部', '2026-03-22', '2026-03-01 17:00:00', 26, '2026-03-02 01:00:00', '审批通过并已生成采购订单', 'ORDER_CREATED', '采购申请样本 001', '2026-03-01 15:00:00', '2026-03-02 01:00:00', 0),
    (2, 'PR2026040002', '2026年4月采购申请002', 12, '采购部', '2026-03-23', '2026-03-01 23:00:00', 27, '2026-03-02 07:00:00', '审批通过并已生成采购订单', 'ORDER_CREATED', '采购申请样本 002', '2026-03-01 21:00:00', '2026-03-02 07:00:00', 0),
    (3, 'PR2026040003', '2026年4月采购申请003', 13, '采购部', '2026-03-25', '2026-03-02 05:00:00', 28, '2026-03-02 13:00:00', '审批通过并已生成采购订单', 'ORDER_CREATED', '用于大批量联调的采购申请数据', '2026-03-02 03:00:00', '2026-03-02 13:00:00', 0),
    (4, 'PR2026040004', '2026年4月采购申请004', 14, '采购部', '2026-03-26', '2026-03-02 11:00:00', 29, '2026-03-02 19:00:00', '审批通过并已生成采购订单', 'ORDER_CREATED', '采购申请样本 004', '2026-03-02 09:00:00', '2026-03-02 19:00:00', 0),
    (5, 'PR2026040005', '2026年4月采购申请005', 15, '采购部', '2026-03-27', '2026-03-02 17:00:00', 30, '2026-03-03 01:00:00', '审批通过并已生成采购订单', 'ORDER_CREATED', '采购申请样本 005', '2026-03-02 15:00:00', '2026-03-03 01:00:00', 0),
    (6, 'PR2026040006', '2026年4月采购申请006', 16, '采购部', '2026-03-28', '2026-03-02 23:00:00', 31, '2026-03-03 07:00:00', '审批通过并已生成采购订单', 'ORDER_CREATED', '用于大批量联调的采购申请数据', '2026-03-02 21:00:00', '2026-03-03 07:00:00', 0),
    (7, 'PR2026040007', '2026年4月采购申请007', 17, '采购部', '2026-03-30', '2026-03-03 05:00:00', 32, '2026-03-03 13:00:00', '审批通过并已生成采购订单', 'ORDER_CREATED', '采购申请样本 007', '2026-03-03 03:00:00', '2026-03-03 13:00:00', 0),
    (8, 'PR2026040008', '2026年4月采购申请008', 18, '采购部', '2026-03-31', '2026-03-03 11:00:00', 33, '2026-03-03 19:00:00', '审批通过并已生成采购订单', 'ORDER_CREATED', '采购申请样本 008', '2026-03-03 09:00:00', '2026-03-03 19:00:00', 0),
    (9, 'PR2026040009', '2026年4月采购申请009', 19, '采购部', '2026-03-23', '2026-03-03 17:00:00', 34, '2026-03-04 01:00:00', '审批通过并已生成采购订单', 'ORDER_CREATED', '用于大批量联调的采购申请数据', '2026-03-03 15:00:00', '2026-03-04 01:00:00', 0),
    (10, 'PR2026040010', '2026年4月采购申请010', 20, '采购部', '2026-03-24', '2026-03-03 23:00:00', 35, '2026-03-04 07:00:00', '审批通过并已生成采购订单', 'ORDER_CREATED', '采购申请样本 010', '2026-03-03 21:00:00', '2026-03-04 07:00:00', 0),
    (11, 'PR2026040011', '2026年4月采购申请011', 21, '采购部', '2026-03-26', '2026-03-04 05:00:00', 26, '2026-03-04 13:00:00', '审批通过并已生成采购订单', 'ORDER_CREATED', '采购申请样本 011', '2026-03-04 03:00:00', '2026-03-04 13:00:00', 0),
    (12, 'PR2026040012', '2026年4月采购申请012', 22, '采购部', '2026-03-27', '2026-03-04 11:00:00', 27, '2026-03-04 19:00:00', '审批通过并已生成采购订单', 'ORDER_CREATED', '用于大批量联调的采购申请数据', '2026-03-04 09:00:00', '2026-03-04 19:00:00', 0),
    (13, 'PR2026040013', '2026年4月采购申请013', 23, '采购部', '2026-03-28', '2026-03-04 17:00:00', 28, '2026-03-05 01:00:00', '审批通过并已生成采购订单', 'ORDER_CREATED', '采购申请样本 013', '2026-03-04 15:00:00', '2026-03-05 01:00:00', 0),
    (14, 'PR2026040014', '2026年4月采购申请014', 24, '采购部', '2026-03-29', '2026-03-04 23:00:00', 29, '2026-03-05 07:00:00', '审批通过并已生成采购订单', 'ORDER_CREATED', '采购申请样本 014', '2026-03-04 21:00:00', '2026-03-05 07:00:00', 0),
    (15, 'PR2026040015', '2026年4月采购申请015', 25, '采购部', '2026-03-31', '2026-03-05 05:00:00', 30, '2026-03-05 13:00:00', '审批通过并已生成采购订单', 'ORDER_CREATED', '用于大批量联调的采购申请数据', '2026-03-05 03:00:00', '2026-03-05 13:00:00', 0),
    (16, 'PR2026040016', '2026年4月采购申请016', 11, '采购部', '2026-04-01', '2026-03-05 11:00:00', 31, '2026-03-05 19:00:00', '审批通过并已生成采购订单', 'ORDER_CREATED', '采购申请样本 016', '2026-03-05 09:00:00', '2026-03-05 19:00:00', 0),
    (17, 'PR2026040017', '2026年4月采购申请017', 12, '采购部', '2026-04-02', '2026-03-05 17:00:00', 32, '2026-03-06 01:00:00', '审批通过并已生成采购订单', 'ORDER_CREATED', '采购申请样本 017', '2026-03-05 15:00:00', '2026-03-06 01:00:00', 0),
    (18, 'PR2026040018', '2026年4月采购申请018', 13, '采购部', '2026-03-25', '2026-03-05 23:00:00', 33, '2026-03-06 07:00:00', '审批通过并已生成采购订单', 'ORDER_CREATED', '用于大批量联调的采购申请数据', '2026-03-05 21:00:00', '2026-03-06 07:00:00', 0),
    (19, 'PR2026040019', '2026年4月采购申请019', 14, '采购部', '2026-03-27', '2026-03-06 05:00:00', 34, '2026-03-06 13:00:00', '审批通过并已生成采购订单', 'ORDER_CREATED', '采购申请样本 019', '2026-03-06 03:00:00', '2026-03-06 13:00:00', 0),
    (20, 'PR2026040020', '2026年4月采购申请020', 15, '采购部', '2026-03-28', '2026-03-06 11:00:00', 35, '2026-03-06 19:00:00', '审批通过并已生成采购订单', 'ORDER_CREATED', '采购申请样本 020', '2026-03-06 09:00:00', '2026-03-06 19:00:00', 0),
    (21, 'PR2026040021', '2026年4月采购申请021', 16, '采购部', '2026-03-29', '2026-03-06 17:00:00', 26, '2026-03-07 01:00:00', '审批通过并已生成采购订单', 'ORDER_CREATED', '用于大批量联调的采购申请数据', '2026-03-06 15:00:00', '2026-03-07 01:00:00', 0),
    (22, 'PR2026040022', '2026年4月采购申请022', 17, '采购部', '2026-03-30', '2026-03-06 23:00:00', 27, '2026-03-07 07:00:00', '审批通过并已生成采购订单', 'ORDER_CREATED', '采购申请样本 022', '2026-03-06 21:00:00', '2026-03-07 07:00:00', 0),
    (23, 'PR2026040023', '2026年4月采购申请023', 18, '采购部', '2026-04-01', '2026-03-07 05:00:00', 28, '2026-03-07 13:00:00', '审批通过并已生成采购订单', 'ORDER_CREATED', '采购申请样本 023', '2026-03-07 03:00:00', '2026-03-07 13:00:00', 0),
    (24, 'PR2026040024', '2026年4月采购申请024', 19, '采购部', '2026-04-02', '2026-03-07 11:00:00', 29, '2026-03-07 19:00:00', '审批通过并已生成采购订单', 'ORDER_CREATED', '用于大批量联调的采购申请数据', '2026-03-07 09:00:00', '2026-03-07 19:00:00', 0),
    (25, 'PR2026040025', '2026年4月采购申请025', 20, '采购部', '2026-04-03', '2026-03-07 17:00:00', 30, '2026-03-08 01:00:00', '审批通过并已生成采购订单', 'ORDER_CREATED', '采购申请样本 025', '2026-03-07 15:00:00', '2026-03-08 01:00:00', 0),
    (26, 'PR2026040026', '2026年4月采购申请026', 21, '采购部', '2026-04-04', '2026-03-07 23:00:00', 31, '2026-03-08 07:00:00', '审批通过并已生成采购订单', 'ORDER_CREATED', '采购申请样本 026', '2026-03-07 21:00:00', '2026-03-08 07:00:00', 0),
    (27, 'PR2026040027', '2026年4月采购申请027', 22, '采购部', '2026-03-28', '2026-03-08 05:00:00', 32, '2026-03-08 13:00:00', '审批通过并已生成采购订单', 'ORDER_CREATED', '用于大批量联调的采购申请数据', '2026-03-08 03:00:00', '2026-03-08 13:00:00', 0),
    (28, 'PR2026040028', '2026年4月采购申请028', 23, '采购部', '2026-03-29', '2026-03-08 11:00:00', 33, '2026-03-08 19:00:00', '审批通过并已生成采购订单', 'ORDER_CREATED', '采购申请样本 028', '2026-03-08 09:00:00', '2026-03-08 19:00:00', 0),
    (29, 'PR2026040029', '2026年4月采购申请029', 24, '采购部', '2026-03-30', '2026-03-08 17:00:00', 34, '2026-03-09 01:00:00', '审批通过并已生成采购订单', 'ORDER_CREATED', '采购申请样本 029', '2026-03-08 15:00:00', '2026-03-09 01:00:00', 0),
    (30, 'PR2026040030', '2026年4月采购申请030', 25, '采购部', '2026-03-31', '2026-03-08 23:00:00', 35, '2026-03-09 07:00:00', '审批通过并已生成采购订单', 'ORDER_CREATED', '用于大批量联调的采购申请数据', '2026-03-08 21:00:00', '2026-03-09 07:00:00', 0),
    (31, 'PR2026040031', '2026年4月采购申请031', 11, '采购部', '2026-04-02', '2026-03-09 05:00:00', 26, '2026-03-09 13:00:00', '审批通过并已生成采购订单', 'ORDER_CREATED', '采购申请样本 031', '2026-03-09 03:00:00', '2026-03-09 13:00:00', 0),
    (32, 'PR2026040032', '2026年4月采购申请032', 12, '采购部', '2026-04-03', '2026-03-09 11:00:00', 27, '2026-03-09 19:00:00', '审批通过并已生成采购订单', 'ORDER_CREATED', '采购申请样本 032', '2026-03-09 09:00:00', '2026-03-09 19:00:00', 0),
    (33, 'PR2026040033', '2026年4月采购申请033', 13, '采购部', '2026-04-04', '2026-03-09 17:00:00', 28, '2026-03-10 01:00:00', '审批通过并已生成采购订单', 'ORDER_CREATED', '用于大批量联调的采购申请数据', '2026-03-09 15:00:00', '2026-03-10 01:00:00', 0),
    (34, 'PR2026040034', '2026年4月采购申请034', 14, '采购部', '2026-04-05', '2026-03-09 23:00:00', 29, '2026-03-10 07:00:00', '审批通过并已生成采购订单', 'ORDER_CREATED', '采购申请样本 034', '2026-03-09 21:00:00', '2026-03-10 07:00:00', 0),
    (35, 'PR2026040035', '2026年4月采购申请035', 15, '采购部', '2026-04-07', '2026-03-10 05:00:00', 30, '2026-03-10 13:00:00', '审批通过并已生成采购订单', 'ORDER_CREATED', '采购申请样本 035', '2026-03-10 03:00:00', '2026-03-10 13:00:00', 0),
    (36, 'PR2026040036', '2026年4月采购申请036', 16, '采购部', '2026-03-30', '2026-03-10 11:00:00', 31, '2026-03-10 19:00:00', '审批通过并已生成采购订单', 'ORDER_CREATED', '用于大批量联调的采购申请数据', '2026-03-10 09:00:00', '2026-03-10 19:00:00', 0),
    (37, 'PR2026040037', '2026年4月采购申请037', 17, '采购部', '2026-03-31', '2026-03-10 17:00:00', 32, '2026-03-11 01:00:00', '审批通过并已生成采购订单', 'ORDER_CREATED', '采购申请样本 037', '2026-03-10 15:00:00', '2026-03-11 01:00:00', 0),
    (38, 'PR2026040038', '2026年4月采购申请038', 18, '采购部', '2026-04-01', '2026-03-10 23:00:00', 33, '2026-03-11 07:00:00', '审批通过并已生成采购订单', 'ORDER_CREATED', '采购申请样本 038', '2026-03-10 21:00:00', '2026-03-11 07:00:00', 0),
    (39, 'PR2026040039', '2026年4月采购申请039', 19, '采购部', '2026-04-03', '2026-03-11 05:00:00', 34, '2026-03-11 13:00:00', '审批通过并已生成采购订单', 'ORDER_CREATED', '用于大批量联调的采购申请数据', '2026-03-11 03:00:00', '2026-03-11 13:00:00', 0),
    (40, 'PR2026040040', '2026年4月采购申请040', 20, '采购部', '2026-04-04', '2026-03-11 11:00:00', 35, '2026-03-11 19:00:00', '审批通过并已生成采购订单', 'ORDER_CREATED', '采购申请样本 040', '2026-03-11 09:00:00', '2026-03-11 19:00:00', 0),
    (41, 'PR2026040041', '2026年4月采购申请041', 21, '采购部', '2026-04-05', '2026-03-11 17:00:00', 26, '2026-03-12 01:00:00', '审批通过并已生成采购订单', 'ORDER_CREATED', '采购申请样本 041', '2026-03-11 15:00:00', '2026-03-12 01:00:00', 0),
    (42, 'PR2026040042', '2026年4月采购申请042', 22, '采购部', '2026-04-06', '2026-03-11 23:00:00', 27, '2026-03-12 07:00:00', '审批通过并已生成采购订单', 'ORDER_CREATED', '用于大批量联调的采购申请数据', '2026-03-11 21:00:00', '2026-03-12 07:00:00', 0),
    (43, 'PR2026040043', '2026年4月采购申请043', 23, '采购部', '2026-04-08', '2026-03-12 05:00:00', 28, '2026-03-12 13:00:00', '审批通过并已生成采购订单', 'ORDER_CREATED', '采购申请样本 043', '2026-03-12 03:00:00', '2026-03-12 13:00:00', 0),
    (44, 'PR2026040044', '2026年4月采购申请044', 24, '采购部', '2026-04-09', '2026-03-12 11:00:00', 29, '2026-03-12 19:00:00', '审批通过并已生成采购订单', 'ORDER_CREATED', '采购申请样本 044', '2026-03-12 09:00:00', '2026-03-12 19:00:00', 0),
    (45, 'PR2026040045', '2026年4月采购申请045', 25, '采购部', '2026-04-01', '2026-03-12 17:00:00', 30, '2026-03-13 01:00:00', '审批通过并已生成采购订单', 'ORDER_CREATED', '用于大批量联调的采购申请数据', '2026-03-12 15:00:00', '2026-03-13 01:00:00', 0),
    (46, 'PR2026040046', '2026年4月采购申请046', 11, '采购部', '2026-04-02', '2026-03-12 23:00:00', 31, '2026-03-13 07:00:00', '审批通过并已生成采购订单', 'ORDER_CREATED', '采购申请样本 046', '2026-03-12 21:00:00', '2026-03-13 07:00:00', 0),
    (47, 'PR2026040047', '2026年4月采购申请047', 12, '采购部', '2026-04-04', '2026-03-13 05:00:00', 32, '2026-03-13 13:00:00', '审批通过并已生成采购订单', 'ORDER_CREATED', '采购申请样本 047', '2026-03-13 03:00:00', '2026-03-13 13:00:00', 0),
    (48, 'PR2026040048', '2026年4月采购申请048', 13, '采购部', '2026-04-05', '2026-03-13 11:00:00', 33, '2026-03-13 19:00:00', '审批通过并已生成采购订单', 'ORDER_CREATED', '用于大批量联调的采购申请数据', '2026-03-13 09:00:00', '2026-03-13 19:00:00', 0),
    (49, 'PR2026040049', '2026年4月采购申请049', 14, '采购部', '2026-04-06', '2026-03-13 17:00:00', 34, '2026-03-14 01:00:00', '审批通过并已生成采购订单', 'ORDER_CREATED', '采购申请样本 049', '2026-03-13 15:00:00', '2026-03-14 01:00:00', 0),
    (50, 'PR2026040050', '2026年4月采购申请050', 15, '采购部', '2026-04-07', '2026-03-13 23:00:00', 35, '2026-03-14 07:00:00', '审批通过并已生成采购订单', 'ORDER_CREATED', '采购申请样本 050', '2026-03-13 21:00:00', '2026-03-14 07:00:00', 0),
    (51, 'PR2026040051', '2026年4月采购申请051', 16, '采购部', '2026-04-09', '2026-03-14 05:00:00', 26, '2026-03-14 13:00:00', '审批通过并已生成采购订单', 'ORDER_CREATED', '用于大批量联调的采购申请数据', '2026-03-14 03:00:00', '2026-03-14 13:00:00', 0),
    (52, 'PR2026040052', '2026年4月采购申请052', 17, '采购部', '2026-04-10', '2026-03-14 11:00:00', 27, '2026-03-14 19:00:00', '审批通过并已生成采购订单', 'ORDER_CREATED', '采购申请样本 052', '2026-03-14 09:00:00', '2026-03-14 19:00:00', 0),
    (53, 'PR2026040053', '2026年4月采购申请053', 18, '采购部', '2026-04-11', '2026-03-14 17:00:00', 28, '2026-03-15 01:00:00', '审批通过并已生成采购订单', 'ORDER_CREATED', '采购申请样本 053', '2026-03-14 15:00:00', '2026-03-15 01:00:00', 0),
    (54, 'PR2026040054', '2026年4月采购申请054', 19, '采购部', '2026-04-03', '2026-03-14 23:00:00', 29, '2026-03-15 07:00:00', '审批通过并已生成采购订单', 'ORDER_CREATED', '用于大批量联调的采购申请数据', '2026-03-14 21:00:00', '2026-03-15 07:00:00', 0),
    (55, 'PR2026040055', '2026年4月采购申请055', 20, '采购部', '2026-04-05', '2026-03-15 05:00:00', 30, '2026-03-15 13:00:00', '审批通过并已生成采购订单', 'ORDER_CREATED', '采购申请样本 055', '2026-03-15 03:00:00', '2026-03-15 13:00:00', 0),
    (56, 'PR2026040056', '2026年4月采购申请056', 21, '采购部', '2026-04-06', '2026-03-15 11:00:00', 31, '2026-03-15 19:00:00', '审批通过并已生成采购订单', 'ORDER_CREATED', '采购申请样本 056', '2026-03-15 09:00:00', '2026-03-15 19:00:00', 0),
    (57, 'PR2026040057', '2026年4月采购申请057', 22, '采购部', '2026-04-07', '2026-03-15 17:00:00', 32, '2026-03-16 01:00:00', '审批通过并已生成采购订单', 'ORDER_CREATED', '用于大批量联调的采购申请数据', '2026-03-15 15:00:00', '2026-03-16 01:00:00', 0),
    (58, 'PR2026040058', '2026年4月采购申请058', 23, '采购部', '2026-04-08', '2026-03-15 23:00:00', 33, '2026-03-16 07:00:00', '审批通过并已生成采购订单', 'ORDER_CREATED', '采购申请样本 058', '2026-03-15 21:00:00', '2026-03-16 07:00:00', 0),
    (59, 'PR2026040059', '2026年4月采购申请059', 24, '采购部', '2026-04-10', '2026-03-16 05:00:00', 34, '2026-03-16 13:00:00', '审批通过并已生成采购订单', 'ORDER_CREATED', '采购申请样本 059', '2026-03-16 03:00:00', '2026-03-16 13:00:00', 0),
    (60, 'PR2026040060', '2026年4月采购申请060', 25, '采购部', '2026-04-11', '2026-03-16 11:00:00', 35, '2026-03-16 19:00:00', '审批通过并已生成采购订单', 'ORDER_CREATED', '用于大批量联调的采购申请数据', '2026-03-16 09:00:00', '2026-03-16 19:00:00', 0),
    (61, 'PR2026040061', '2026年4月采购申请061', 11, '采购部', '2026-04-12', '2026-03-16 17:00:00', 26, '2026-03-17 01:00:00', '审批通过并已生成采购订单', 'ORDER_CREATED', '采购申请样本 061', '2026-03-16 15:00:00', '2026-03-17 01:00:00', 0),
    (62, 'PR2026040062', '2026年4月采购申请062', 12, '采购部', '2026-04-13', '2026-03-16 23:00:00', 27, '2026-03-17 07:00:00', '审批通过并已生成采购订单', 'ORDER_CREATED', '采购申请样本 062', '2026-03-16 21:00:00', '2026-03-17 07:00:00', 0),
    (63, 'PR2026040063', '2026年4月采购申请063', 13, '采购部', '2026-04-06', '2026-03-17 05:00:00', 28, '2026-03-17 13:00:00', '审批通过并已生成采购订单', 'ORDER_CREATED', '用于大批量联调的采购申请数据', '2026-03-17 03:00:00', '2026-03-17 13:00:00', 0),
    (64, 'PR2026040064', '2026年4月采购申请064', 14, '采购部', '2026-04-07', '2026-03-17 11:00:00', 29, '2026-03-17 19:00:00', '审批通过并已生成采购订单', 'ORDER_CREATED', '采购申请样本 064', '2026-03-17 09:00:00', '2026-03-17 19:00:00', 0),
    (65, 'PR2026040065', '2026年4月采购申请065', 15, '采购部', '2026-04-08', '2026-03-17 17:00:00', 30, '2026-03-18 01:00:00', '审批通过并已生成采购订单', 'ORDER_CREATED', '采购申请样本 065', '2026-03-17 15:00:00', '2026-03-18 01:00:00', 0),
    (66, 'PR2026040066', '2026年4月采购申请066', 16, '采购部', '2026-04-09', '2026-03-17 23:00:00', 31, '2026-03-18 07:00:00', '审批通过并已生成采购订单', 'ORDER_CREATED', '用于大批量联调的采购申请数据', '2026-03-17 21:00:00', '2026-03-18 07:00:00', 0),
    (67, 'PR2026040067', '2026年4月采购申请067', 17, '采购部', '2026-04-11', '2026-03-18 05:00:00', 32, '2026-03-18 13:00:00', '审批通过并已生成采购订单', 'ORDER_CREATED', '采购申请样本 067', '2026-03-18 03:00:00', '2026-03-18 13:00:00', 0),
    (68, 'PR2026040068', '2026年4月采购申请068', 18, '采购部', '2026-04-12', '2026-03-18 11:00:00', 33, '2026-03-18 19:00:00', '审批通过并已生成采购订单', 'ORDER_CREATED', '采购申请样本 068', '2026-03-18 09:00:00', '2026-03-18 19:00:00', 0),
    (69, 'PR2026040069', '2026年4月采购申请069', 19, '采购部', '2026-04-13', '2026-03-18 17:00:00', 34, '2026-03-19 01:00:00', '审批通过并已生成采购订单', 'ORDER_CREATED', '用于大批量联调的采购申请数据', '2026-03-18 15:00:00', '2026-03-19 01:00:00', 0),
    (70, 'PR2026040070', '2026年4月采购申请070', 20, '采购部', '2026-04-14', '2026-03-18 23:00:00', 35, '2026-03-19 07:00:00', '审批通过并已生成采购订单', 'ORDER_CREATED', '采购申请样本 070', '2026-03-18 21:00:00', '2026-03-19 07:00:00', 0),
    (71, 'PR2026040071', '2026年4月采购申请071', 21, '采购部', '2026-04-16', '2026-03-19 05:00:00', 26, '2026-03-21 03:00:00', '重新提交后审批通过并已生成采购订单', 'ORDER_CREATED', '采购申请样本 071', '2026-03-19 03:00:00', '2026-03-21 03:00:00', 0),
    (72, 'PR2026040072', '2026年4月采购申请072', 22, '采购部', '2026-04-08', '2026-03-19 11:00:00', 27, '2026-03-21 09:00:00', '重新提交后审批通过并已生成采购订单', 'ORDER_CREATED', '用于大批量联调的采购申请数据', '2026-03-19 09:00:00', '2026-03-21 09:00:00', 0),
    (73, 'PR2026040073', '2026年4月采购申请073', 23, '采购部', '2026-04-09', '2026-03-19 17:00:00', 28, '2026-03-21 15:00:00', '重新提交后审批通过并已生成采购订单', 'ORDER_CREATED', '采购申请样本 073', '2026-03-19 15:00:00', '2026-03-21 15:00:00', 0),
    (74, 'PR2026040074', '2026年4月采购申请074', 24, '采购部', '2026-04-10', '2026-03-19 23:00:00', 29, '2026-03-21 21:00:00', '重新提交后审批通过并已生成采购订单', 'ORDER_CREATED', '采购申请样本 074', '2026-03-19 21:00:00', '2026-03-21 21:00:00', 0),
    (75, 'PR2026040075', '2026年4月采购申请075', 25, '采购部', '2026-04-12', '2026-03-20 05:00:00', 30, '2026-03-22 03:00:00', '重新提交后审批通过并已生成采购订单', 'ORDER_CREATED', '用于大批量联调的采购申请数据', '2026-03-20 03:00:00', '2026-03-22 03:00:00', 0),
    (76, 'PR2026040076', '2026年4月采购申请076', 11, '采购部', '2026-04-13', '2026-03-20 11:00:00', 31, '2026-03-22 09:00:00', '重新提交后审批通过并已生成采购订单', 'ORDER_CREATED', '采购申请样本 076', '2026-03-20 09:00:00', '2026-03-22 09:00:00', 0),
    (77, 'PR2026040077', '2026年4月采购申请077', 12, '采购部', '2026-04-14', '2026-03-20 17:00:00', 32, '2026-03-22 15:00:00', '重新提交后审批通过并已生成采购订单', 'ORDER_CREATED', '采购申请样本 077', '2026-03-20 15:00:00', '2026-03-22 15:00:00', 0),
    (78, 'PR2026040078', '2026年4月采购申请078', 13, '采购部', '2026-04-15', '2026-03-20 23:00:00', 33, '2026-03-22 21:00:00', '重新提交后审批通过并已生成采购订单', 'ORDER_CREATED', '用于大批量联调的采购申请数据', '2026-03-20 21:00:00', '2026-03-22 21:00:00', 0),
    (79, 'PR2026040079', '2026年4月采购申请079', 14, '采购部', '2026-04-17', '2026-03-21 05:00:00', 34, '2026-03-23 03:00:00', '重新提交后审批通过并已生成采购订单', 'ORDER_CREATED', '采购申请样本 079', '2026-03-21 03:00:00', '2026-03-23 03:00:00', 0),
    (80, 'PR2026040080', '2026年4月采购申请080', 15, '采购部', '2026-04-18', '2026-03-21 11:00:00', 35, '2026-03-23 09:00:00', '重新提交后审批通过并已生成采购订单', 'ORDER_CREATED', '采购申请样本 080', '2026-03-21 09:00:00', '2026-03-23 09:00:00', 0),
    (81, 'PR2026040081', '2026年4月采购申请081', 16, '采购部', '2026-04-10', '2026-03-21 17:00:00', 26, '2026-03-22 01:00:00', '审批通过，待生成采购订单', 'APPROVED', '用于大批量联调的采购申请数据', '2026-03-21 15:00:00', '2026-03-22 01:00:00', 0),
    (82, 'PR2026040082', '2026年4月采购申请082', 17, '采购部', '2026-04-11', '2026-03-21 23:00:00', 27, '2026-03-22 07:00:00', '审批通过，待生成采购订单', 'APPROVED', '采购申请样本 082', '2026-03-21 21:00:00', '2026-03-22 07:00:00', 0),
    (83, 'PR2026040083', '2026年4月采购申请083', 18, '采购部', '2026-04-13', '2026-03-22 05:00:00', 28, '2026-03-22 13:00:00', '审批通过，待生成采购订单', 'APPROVED', '采购申请样本 083', '2026-03-22 03:00:00', '2026-03-22 13:00:00', 0),
    (84, 'PR2026040084', '2026年4月采购申请084', 19, '采购部', '2026-04-14', '2026-03-22 11:00:00', 29, '2026-03-22 19:00:00', '审批通过，待生成采购订单', 'APPROVED', '用于大批量联调的采购申请数据', '2026-03-22 09:00:00', '2026-03-22 19:00:00', 0),
    (85, 'PR2026040085', '2026年4月采购申请085', 20, '采购部', '2026-04-15', '2026-03-22 17:00:00', 30, '2026-03-23 01:00:00', '审批通过，待生成采购订单', 'APPROVED', '采购申请样本 085', '2026-03-22 15:00:00', '2026-03-23 01:00:00', 0),
    (86, 'PR2026040086', '2026年4月采购申请086', 21, '采购部', '2026-04-16', '2026-03-22 23:00:00', NULL, NULL, NULL, 'PENDING_APPROVAL', '采购申请样本 086', '2026-03-22 21:00:00', '2026-03-22 23:00:00', 0),
    (87, 'PR2026040087', '2026年4月采购申请087', 22, '采购部', '2026-04-18', '2026-03-23 05:00:00', NULL, NULL, NULL, 'PENDING_APPROVAL', '用于大批量联调的采购申请数据', '2026-03-23 03:00:00', '2026-03-23 05:00:00', 0),
    (88, 'PR2026040088', '2026年4月采购申请088', 23, '采购部', '2026-04-19', '2026-03-23 11:00:00', NULL, NULL, NULL, 'PENDING_APPROVAL', '采购申请样本 088', '2026-03-23 09:00:00', '2026-03-23 11:00:00', 0),
    (89, 'PR2026040089', '2026年4月采购申请089', 24, '采购部', '2026-04-20', '2026-03-23 17:00:00', NULL, NULL, NULL, 'PENDING_APPROVAL', '采购申请样本 089', '2026-03-23 15:00:00', '2026-03-23 17:00:00', 0),
    (90, 'PR2026040090', '2026年4月采购申请090', 25, '采购部', '2026-04-12', '2026-03-23 23:00:00', NULL, NULL, NULL, 'PENDING_APPROVAL', '用于大批量联调的采购申请数据', '2026-03-23 21:00:00', '2026-03-23 23:00:00', 0),
    (91, 'PR2026040091', '2026年4月采购申请091', 11, '采购部', '2026-04-14', '2026-03-24 05:00:00', 26, '2026-03-24 13:00:00', '需求说明不完整，驳回修改', 'REJECTED', '采购申请样本 091', '2026-03-24 03:00:00', '2026-03-24 13:00:00', 0),
    (92, 'PR2026040092', '2026年4月采购申请092', 12, '采购部', '2026-04-15', '2026-03-24 11:00:00', 27, '2026-03-24 19:00:00', '需求说明不完整，驳回修改', 'REJECTED', '采购申请样本 092', '2026-03-24 09:00:00', '2026-03-24 19:00:00', 0),
    (93, 'PR2026040093', '2026年4月采购申请093', 13, '采购部', '2026-04-16', '2026-03-24 17:00:00', 28, '2026-03-25 01:00:00', '需求说明不完整，驳回修改', 'REJECTED', '用于大批量联调的采购申请数据', '2026-03-24 15:00:00', '2026-03-25 01:00:00', 0),
    (94, 'PR2026040094', '2026年4月采购申请094', 14, '采购部', '2026-04-17', '2026-03-24 23:00:00', 29, '2026-03-25 07:00:00', '需求说明不完整，驳回修改', 'REJECTED', '采购申请样本 094', '2026-03-24 21:00:00', '2026-03-25 07:00:00', 0),
    (95, 'PR2026040095', '2026年4月采购申请095', 15, '采购部', '2026-04-19', '2026-03-25 05:00:00', 30, '2026-03-25 13:00:00', '需求说明不完整，驳回修改', 'REJECTED', '采购申请样本 095', '2026-03-25 03:00:00', '2026-03-25 13:00:00', 0),
    (96, 'PR2026040096', '2026年4月采购申请096', 16, '采购部', '2026-04-20', '2026-03-25 11:00:00', NULL, NULL, '申请人主动撤回', 'WITHDRAWN', '用于大批量联调的采购申请数据', '2026-03-25 09:00:00', '2026-03-25 11:00:00', 0),
    (97, 'PR2026040097', '2026年4月采购申请097', 17, '采购部', '2026-04-21', '2026-03-25 17:00:00', NULL, NULL, '申请人主动撤回', 'WITHDRAWN', '采购申请样本 097', '2026-03-25 15:00:00', '2026-03-25 17:00:00', 0),
    (98, 'PR2026040098', '2026年4月采购申请098', 18, '采购部', '2026-04-22', '2026-03-25 23:00:00', NULL, NULL, '申请人主动撤回', 'WITHDRAWN', '采购申请样本 098', '2026-03-25 21:00:00', '2026-03-25 23:00:00', 0),
    (99, 'PR2026040099', '2026年4月采购申请099', 19, '采购部', '2026-04-15', NULL, NULL, NULL, NULL, 'DRAFT', '用于大批量联调的采购申请数据', '2026-03-26 03:00:00', '2026-03-26 03:00:00', 0),
    (100, 'PR2026040100', '2026年4月采购申请100', 20, '采购部', '2026-04-16', NULL, NULL, NULL, NULL, 'DRAFT', '采购申请样本 100', '2026-03-26 09:00:00', '2026-03-26 09:00:00', 0);

INSERT INTO `purchase_request_item` (`id`, `request_id`, `material_id`, `material_code`, `material_name`, `specification`, `unit`, `request_number`, `sort_number`, `remark`, `create_time`, `update_time`, `deleted`) VALUES
    (1, 1, 1, 'MAT0001', '电子元件001', '规格-2-2', '个', 22.500, 1, '申请明细 001-1', '2026-03-01 15:10:00', '2026-03-02 01:00:00', 0),
    (2, 1, 2, 'MAT0002', '五金耗材002', '规格-3-3', '件', 30.000, 2, '申请明细 001-2', '2026-03-01 15:20:00', '2026-03-02 01:00:00', 0),
    (3, 1, 3, 'MAT0003', '包装材料003', '规格-4-4', '卷', 37.500, 3, '申请明细 001-3', '2026-03-01 15:30:00', '2026-03-02 01:00:00', 0),
    (4, 2, 4, 'MAT0004', '办公耗材004', '规格-5-5', '箱', 27.500, 1, '申请明细 002-1', '2026-03-01 21:10:00', '2026-03-02 07:00:00', 0),
    (5, 2, 5, 'MAT0005', '设备配件005', '规格-6-1', '套', 35.000, 2, '申请明细 002-2', '2026-03-01 21:20:00', '2026-03-02 07:00:00', 0),
    (6, 2, 6, 'MAT0006', '化工辅料006', '规格-7-2', 'kg', 42.500, 3, '申请明细 002-3', '2026-03-01 21:30:00', '2026-03-02 07:00:00', 0),
    (7, 3, 7, 'MAT0007', '电子元件007', '规格-1-3', '个', 32.500, 1, '申请明细 003-1', '2026-03-02 03:10:00', '2026-03-02 13:00:00', 0),
    (8, 3, 8, 'MAT0008', '五金耗材008', '规格-2-4', '件', 40.000, 2, '申请明细 003-2', '2026-03-02 03:20:00', '2026-03-02 13:00:00', 0),
    (9, 3, 9, 'MAT0009', '包装材料009', '规格-3-5', '卷', 47.500, 3, '申请明细 003-3', '2026-03-02 03:30:00', '2026-03-02 13:00:00', 0),
    (10, 4, 10, 'MAT0010', '办公耗材010', '规格-4-1', '箱', 37.500, 1, '申请明细 004-1', '2026-03-02 09:10:00', '2026-03-02 19:00:00', 0),
    (11, 4, 11, 'MAT0011', '设备配件011', '规格-5-2', '套', 45.000, 2, '申请明细 004-2', '2026-03-02 09:20:00', '2026-03-02 19:00:00', 0),
    (12, 4, 12, 'MAT0012', '化工辅料012', '规格-6-3', 'kg', 52.500, 3, '申请明细 004-3', '2026-03-02 09:30:00', '2026-03-02 19:00:00', 0),
    (13, 5, 13, 'MAT0013', '电子元件013', '规格-7-4', '个', 42.500, 1, '申请明细 005-1', '2026-03-02 15:10:00', '2026-03-03 01:00:00', 0),
    (14, 5, 14, 'MAT0014', '五金耗材014', '规格-1-5', '件', 50.000, 2, '申请明细 005-2', '2026-03-02 15:20:00', '2026-03-03 01:00:00', 0),
    (15, 5, 15, 'MAT0015', '包装材料015', '规格-2-1', '卷', 57.500, 3, '申请明细 005-3', '2026-03-02 15:30:00', '2026-03-03 01:00:00', 0),
    (16, 6, 16, 'MAT0016', '办公耗材016', '规格-3-2', '箱', 47.500, 1, '申请明细 006-1', '2026-03-02 21:10:00', '2026-03-03 07:00:00', 0),
    (17, 6, 17, 'MAT0017', '设备配件017', '规格-4-3', '套', 55.000, 2, '申请明细 006-2', '2026-03-02 21:20:00', '2026-03-03 07:00:00', 0),
    (18, 6, 18, 'MAT0018', '化工辅料018', '规格-5-4', 'kg', 14.500, 3, '申请明细 006-3', '2026-03-02 21:30:00', '2026-03-03 07:00:00', 0),
    (19, 7, 19, 'MAT0019', '电子元件019', '规格-6-5', '个', 52.500, 1, '申请明细 007-1', '2026-03-03 03:10:00', '2026-03-03 13:00:00', 0),
    (20, 7, 20, 'MAT0020', '五金耗材020', '规格-7-1', '件', 12.000, 2, '申请明细 007-2', '2026-03-03 03:20:00', '2026-03-03 13:00:00', 0),
    (21, 7, 21, 'MAT0021', '包装材料021', '规格-1-2', '卷', 19.500, 3, '申请明细 007-3', '2026-03-03 03:30:00', '2026-03-03 13:00:00', 0),
    (22, 8, 22, 'MAT0022', '办公耗材022', '规格-2-3', '箱', 57.500, 1, '申请明细 008-1', '2026-03-03 09:10:00', '2026-03-03 19:00:00', 0),
    (23, 8, 23, 'MAT0023', '设备配件023', '规格-3-4', '套', 17.000, 2, '申请明细 008-2', '2026-03-03 09:20:00', '2026-03-03 19:00:00', 0),
    (24, 8, 24, 'MAT0024', '化工辅料024', '规格-4-5', 'kg', 24.500, 3, '申请明细 008-3', '2026-03-03 09:30:00', '2026-03-03 19:00:00', 0),
    (25, 9, 25, 'MAT0025', '电子元件025', '规格-5-1', '个', 14.500, 1, '申请明细 009-1', '2026-03-03 15:10:00', '2026-03-04 01:00:00', 0),
    (26, 9, 26, 'MAT0026', '五金耗材026', '规格-6-2', '件', 22.000, 2, '申请明细 009-2', '2026-03-03 15:20:00', '2026-03-04 01:00:00', 0),
    (27, 9, 27, 'MAT0027', '包装材料027', '规格-7-3', '卷', 29.500, 3, '申请明细 009-3', '2026-03-03 15:30:00', '2026-03-04 01:00:00', 0),
    (28, 10, 28, 'MAT0028', '办公耗材028', '规格-1-4', '箱', 19.500, 1, '申请明细 010-1', '2026-03-03 21:10:00', '2026-03-04 07:00:00', 0),
    (29, 10, 29, 'MAT0029', '设备配件029', '规格-2-5', '套', 27.000, 2, '申请明细 010-2', '2026-03-03 21:20:00', '2026-03-04 07:00:00', 0),
    (30, 10, 30, 'MAT0030', '化工辅料030', '规格-3-1', 'kg', 34.500, 3, '申请明细 010-3', '2026-03-03 21:30:00', '2026-03-04 07:00:00', 0),
    (31, 11, 31, 'MAT0031', '电子元件031', '规格-4-2', '个', 24.500, 1, '申请明细 011-1', '2026-03-04 03:10:00', '2026-03-04 13:00:00', 0),
    (32, 11, 32, 'MAT0032', '五金耗材032', '规格-5-3', '件', 32.000, 2, '申请明细 011-2', '2026-03-04 03:20:00', '2026-03-04 13:00:00', 0),
    (33, 11, 33, 'MAT0033', '包装材料033', '规格-6-4', '卷', 39.500, 3, '申请明细 011-3', '2026-03-04 03:30:00', '2026-03-04 13:00:00', 0),
    (34, 12, 34, 'MAT0034', '办公耗材034', '规格-7-5', '箱', 29.500, 1, '申请明细 012-1', '2026-03-04 09:10:00', '2026-03-04 19:00:00', 0),
    (35, 12, 35, 'MAT0035', '设备配件035', '规格-1-1', '套', 37.000, 2, '申请明细 012-2', '2026-03-04 09:20:00', '2026-03-04 19:00:00', 0),
    (36, 12, 36, 'MAT0036', '化工辅料036', '规格-2-2', 'kg', 44.500, 3, '申请明细 012-3', '2026-03-04 09:30:00', '2026-03-04 19:00:00', 0),
    (37, 13, 37, 'MAT0037', '电子元件037', '规格-3-3', '个', 34.500, 1, '申请明细 013-1', '2026-03-04 15:10:00', '2026-03-05 01:00:00', 0),
    (38, 13, 38, 'MAT0038', '五金耗材038', '规格-4-4', '件', 42.000, 2, '申请明细 013-2', '2026-03-04 15:20:00', '2026-03-05 01:00:00', 0),
    (39, 13, 39, 'MAT0039', '包装材料039', '规格-5-5', '卷', 49.500, 3, '申请明细 013-3', '2026-03-04 15:30:00', '2026-03-05 01:00:00', 0),
    (40, 14, 40, 'MAT0040', '办公耗材040', '规格-6-1', '箱', 39.500, 1, '申请明细 014-1', '2026-03-04 21:10:00', '2026-03-05 07:00:00', 0),
    (41, 14, 41, 'MAT0041', '设备配件041', '规格-7-2', '套', 47.000, 2, '申请明细 014-2', '2026-03-04 21:20:00', '2026-03-05 07:00:00', 0),
    (42, 14, 42, 'MAT0042', '化工辅料042', '规格-1-3', 'kg', 54.500, 3, '申请明细 014-3', '2026-03-04 21:30:00', '2026-03-05 07:00:00', 0),
    (43, 15, 43, 'MAT0043', '电子元件043', '规格-2-4', '个', 44.500, 1, '申请明细 015-1', '2026-03-05 03:10:00', '2026-03-05 13:00:00', 0),
    (44, 15, 44, 'MAT0044', '五金耗材044', '规格-3-5', '件', 52.000, 2, '申请明细 015-2', '2026-03-05 03:20:00', '2026-03-05 13:00:00', 0),
    (45, 15, 45, 'MAT0045', '包装材料045', '规格-4-1', '卷', 11.500, 3, '申请明细 015-3', '2026-03-05 03:30:00', '2026-03-05 13:00:00', 0),
    (46, 16, 46, 'MAT0046', '办公耗材046', '规格-5-2', '箱', 49.500, 1, '申请明细 016-1', '2026-03-05 09:10:00', '2026-03-05 19:00:00', 0),
    (47, 16, 47, 'MAT0047', '设备配件047', '规格-6-3', '套', 57.000, 2, '申请明细 016-2', '2026-03-05 09:20:00', '2026-03-05 19:00:00', 0),
    (48, 16, 48, 'MAT0048', '化工辅料048', '规格-7-4', 'kg', 16.500, 3, '申请明细 016-3', '2026-03-05 09:30:00', '2026-03-05 19:00:00', 0),
    (49, 17, 49, 'MAT0049', '电子元件049', '规格-1-5', '个', 54.500, 1, '申请明细 017-1', '2026-03-05 15:10:00', '2026-03-06 01:00:00', 0),
    (50, 17, 50, 'MAT0050', '五金耗材050', '规格-2-1', '件', 14.000, 2, '申请明细 017-2', '2026-03-05 15:20:00', '2026-03-06 01:00:00', 0),
    (51, 17, 51, 'MAT0051', '包装材料051', '规格-3-2', '卷', 21.500, 3, '申请明细 017-3', '2026-03-05 15:30:00', '2026-03-06 01:00:00', 0),
    (52, 18, 52, 'MAT0052', '办公耗材052', '规格-4-3', '箱', 11.500, 1, '申请明细 018-1', '2026-03-05 21:10:00', '2026-03-06 07:00:00', 0),
    (53, 18, 53, 'MAT0053', '设备配件053', '规格-5-4', '套', 19.000, 2, '申请明细 018-2', '2026-03-05 21:20:00', '2026-03-06 07:00:00', 0),
    (54, 18, 54, 'MAT0054', '化工辅料054', '规格-6-5', 'kg', 26.500, 3, '申请明细 018-3', '2026-03-05 21:30:00', '2026-03-06 07:00:00', 0),
    (55, 19, 55, 'MAT0055', '电子元件055', '规格-7-1', '个', 16.500, 1, '申请明细 019-1', '2026-03-06 03:10:00', '2026-03-06 13:00:00', 0),
    (56, 19, 56, 'MAT0056', '五金耗材056', '规格-1-2', '件', 24.000, 2, '申请明细 019-2', '2026-03-06 03:20:00', '2026-03-06 13:00:00', 0),
    (57, 19, 57, 'MAT0057', '包装材料057', '规格-2-3', '卷', 31.500, 3, '申请明细 019-3', '2026-03-06 03:30:00', '2026-03-06 13:00:00', 0),
    (58, 20, 58, 'MAT0058', '办公耗材058', '规格-3-4', '箱', 21.500, 1, '申请明细 020-1', '2026-03-06 09:10:00', '2026-03-06 19:00:00', 0),
    (59, 20, 59, 'MAT0059', '设备配件059', '规格-4-5', '套', 29.000, 2, '申请明细 020-2', '2026-03-06 09:20:00', '2026-03-06 19:00:00', 0),
    (60, 20, 60, 'MAT0060', '化工辅料060', '规格-5-1', 'kg', 36.500, 3, '申请明细 020-3', '2026-03-06 09:30:00', '2026-03-06 19:00:00', 0),
    (61, 21, 61, 'MAT0061', '电子元件061', '规格-6-2', '个', 26.500, 1, '申请明细 021-1', '2026-03-06 15:10:00', '2026-03-07 01:00:00', 0),
    (62, 21, 62, 'MAT0062', '五金耗材062', '规格-7-3', '件', 34.000, 2, '申请明细 021-2', '2026-03-06 15:20:00', '2026-03-07 01:00:00', 0),
    (63, 21, 63, 'MAT0063', '包装材料063', '规格-1-4', '卷', 41.500, 3, '申请明细 021-3', '2026-03-06 15:30:00', '2026-03-07 01:00:00', 0),
    (64, 22, 64, 'MAT0064', '办公耗材064', '规格-2-5', '箱', 31.500, 1, '申请明细 022-1', '2026-03-06 21:10:00', '2026-03-07 07:00:00', 0),
    (65, 22, 65, 'MAT0065', '设备配件065', '规格-3-1', '套', 39.000, 2, '申请明细 022-2', '2026-03-06 21:20:00', '2026-03-07 07:00:00', 0),
    (66, 22, 66, 'MAT0066', '化工辅料066', '规格-4-2', 'kg', 46.500, 3, '申请明细 022-3', '2026-03-06 21:30:00', '2026-03-07 07:00:00', 0),
    (67, 23, 67, 'MAT0067', '电子元件067', '规格-5-3', '个', 36.500, 1, '申请明细 023-1', '2026-03-07 03:10:00', '2026-03-07 13:00:00', 0),
    (68, 23, 68, 'MAT0068', '五金耗材068', '规格-6-4', '件', 44.000, 2, '申请明细 023-2', '2026-03-07 03:20:00', '2026-03-07 13:00:00', 0),
    (69, 23, 69, 'MAT0069', '包装材料069', '规格-7-5', '卷', 51.500, 3, '申请明细 023-3', '2026-03-07 03:30:00', '2026-03-07 13:00:00', 0),
    (70, 24, 70, 'MAT0070', '办公耗材070', '规格-1-1', '箱', 41.500, 1, '申请明细 024-1', '2026-03-07 09:10:00', '2026-03-07 19:00:00', 0),
    (71, 24, 71, 'MAT0071', '设备配件071', '规格-2-2', '套', 49.000, 2, '申请明细 024-2', '2026-03-07 09:20:00', '2026-03-07 19:00:00', 0),
    (72, 24, 72, 'MAT0072', '化工辅料072', '规格-3-3', 'kg', 56.500, 3, '申请明细 024-3', '2026-03-07 09:30:00', '2026-03-07 19:00:00', 0),
    (73, 25, 73, 'MAT0073', '电子元件073', '规格-4-4', '个', 46.500, 1, '申请明细 025-1', '2026-03-07 15:10:00', '2026-03-08 01:00:00', 0),
    (74, 25, 74, 'MAT0074', '五金耗材074', '规格-5-5', '件', 54.000, 2, '申请明细 025-2', '2026-03-07 15:20:00', '2026-03-08 01:00:00', 0),
    (75, 25, 75, 'MAT0075', '包装材料075', '规格-6-1', '卷', 13.500, 3, '申请明细 025-3', '2026-03-07 15:30:00', '2026-03-08 01:00:00', 0),
    (76, 26, 76, 'MAT0076', '办公耗材076', '规格-7-2', '箱', 51.500, 1, '申请明细 026-1', '2026-03-07 21:10:00', '2026-03-08 07:00:00', 0),
    (77, 26, 77, 'MAT0077', '设备配件077', '规格-1-3', '套', 11.000, 2, '申请明细 026-2', '2026-03-07 21:20:00', '2026-03-08 07:00:00', 0),
    (78, 26, 78, 'MAT0078', '化工辅料078', '规格-2-4', 'kg', 18.500, 3, '申请明细 026-3', '2026-03-07 21:30:00', '2026-03-08 07:00:00', 0),
    (79, 27, 79, 'MAT0079', '电子元件079', '规格-3-5', '个', 56.500, 1, '申请明细 027-1', '2026-03-08 03:10:00', '2026-03-08 13:00:00', 0),
    (80, 27, 80, 'MAT0080', '五金耗材080', '规格-4-1', '件', 16.000, 2, '申请明细 027-2', '2026-03-08 03:20:00', '2026-03-08 13:00:00', 0),
    (81, 27, 81, 'MAT0081', '包装材料081', '规格-5-2', '卷', 23.500, 3, '申请明细 027-3', '2026-03-08 03:30:00', '2026-03-08 13:00:00', 0),
    (82, 28, 82, 'MAT0082', '办公耗材082', '规格-6-3', '箱', 13.500, 1, '申请明细 028-1', '2026-03-08 09:10:00', '2026-03-08 19:00:00', 0),
    (83, 28, 83, 'MAT0083', '设备配件083', '规格-7-4', '套', 21.000, 2, '申请明细 028-2', '2026-03-08 09:20:00', '2026-03-08 19:00:00', 0),
    (84, 28, 84, 'MAT0084', '化工辅料084', '规格-1-5', 'kg', 28.500, 3, '申请明细 028-3', '2026-03-08 09:30:00', '2026-03-08 19:00:00', 0),
    (85, 29, 85, 'MAT0085', '电子元件085', '规格-2-1', '个', 18.500, 1, '申请明细 029-1', '2026-03-08 15:10:00', '2026-03-09 01:00:00', 0),
    (86, 29, 86, 'MAT0086', '五金耗材086', '规格-3-2', '件', 26.000, 2, '申请明细 029-2', '2026-03-08 15:20:00', '2026-03-09 01:00:00', 0),
    (87, 29, 87, 'MAT0087', '包装材料087', '规格-4-3', '卷', 33.500, 3, '申请明细 029-3', '2026-03-08 15:30:00', '2026-03-09 01:00:00', 0),
    (88, 30, 88, 'MAT0088', '办公耗材088', '规格-5-4', '箱', 23.500, 1, '申请明细 030-1', '2026-03-08 21:10:00', '2026-03-09 07:00:00', 0),
    (89, 30, 89, 'MAT0089', '设备配件089', '规格-6-5', '套', 31.000, 2, '申请明细 030-2', '2026-03-08 21:20:00', '2026-03-09 07:00:00', 0),
    (90, 30, 90, 'MAT0090', '化工辅料090', '规格-7-1', 'kg', 38.500, 3, '申请明细 030-3', '2026-03-08 21:30:00', '2026-03-09 07:00:00', 0),
    (91, 31, 91, 'MAT0091', '电子元件091', '规格-1-2', '个', 28.500, 1, '申请明细 031-1', '2026-03-09 03:10:00', '2026-03-09 13:00:00', 0),
    (92, 31, 92, 'MAT0092', '五金耗材092', '规格-2-3', '件', 36.000, 2, '申请明细 031-2', '2026-03-09 03:20:00', '2026-03-09 13:00:00', 0),
    (93, 31, 93, 'MAT0093', '包装材料093', '规格-3-4', '卷', 43.500, 3, '申请明细 031-3', '2026-03-09 03:30:00', '2026-03-09 13:00:00', 0),
    (94, 32, 94, 'MAT0094', '办公耗材094', '规格-4-5', '箱', 33.500, 1, '申请明细 032-1', '2026-03-09 09:10:00', '2026-03-09 19:00:00', 0),
    (95, 32, 95, 'MAT0095', '设备配件095', '规格-5-1', '套', 41.000, 2, '申请明细 032-2', '2026-03-09 09:20:00', '2026-03-09 19:00:00', 0),
    (96, 32, 96, 'MAT0096', '化工辅料096', '规格-6-2', 'kg', 48.500, 3, '申请明细 032-3', '2026-03-09 09:30:00', '2026-03-09 19:00:00', 0),
    (97, 33, 97, 'MAT0097', '电子元件097', '规格-7-3', '个', 38.500, 1, '申请明细 033-1', '2026-03-09 15:10:00', '2026-03-10 01:00:00', 0),
    (98, 33, 98, 'MAT0098', '五金耗材098', '规格-1-4', '件', 46.000, 2, '申请明细 033-2', '2026-03-09 15:20:00', '2026-03-10 01:00:00', 0),
    (99, 33, 99, 'MAT0099', '包装材料099', '规格-2-5', '卷', 53.500, 3, '申请明细 033-3', '2026-03-09 15:30:00', '2026-03-10 01:00:00', 0),
    (100, 34, 100, 'MAT0100', '办公耗材100', '规格-3-1', '箱', 43.500, 1, '申请明细 034-1', '2026-03-09 21:10:00', '2026-03-10 07:00:00', 0),
    (101, 34, 101, 'MAT0101', '设备配件101', '规格-4-2', '套', 51.000, 2, '申请明细 034-2', '2026-03-09 21:20:00', '2026-03-10 07:00:00', 0),
    (102, 34, 102, 'MAT0102', '化工辅料102', '规格-5-3', 'kg', 58.500, 3, '申请明细 034-3', '2026-03-09 21:30:00', '2026-03-10 07:00:00', 0),
    (103, 35, 103, 'MAT0103', '电子元件103', '规格-6-4', '个', 48.500, 1, '申请明细 035-1', '2026-03-10 03:10:00', '2026-03-10 13:00:00', 0),
    (104, 35, 104, 'MAT0104', '五金耗材104', '规格-7-5', '件', 56.000, 2, '申请明细 035-2', '2026-03-10 03:20:00', '2026-03-10 13:00:00', 0),
    (105, 35, 105, 'MAT0105', '包装材料105', '规格-1-1', '卷', 15.500, 3, '申请明细 035-3', '2026-03-10 03:30:00', '2026-03-10 13:00:00', 0),
    (106, 36, 106, 'MAT0106', '办公耗材106', '规格-2-2', '箱', 53.500, 1, '申请明细 036-1', '2026-03-10 09:10:00', '2026-03-10 19:00:00', 0),
    (107, 36, 107, 'MAT0107', '设备配件107', '规格-3-3', '套', 13.000, 2, '申请明细 036-2', '2026-03-10 09:20:00', '2026-03-10 19:00:00', 0),
    (108, 36, 108, 'MAT0108', '化工辅料108', '规格-4-4', 'kg', 20.500, 3, '申请明细 036-3', '2026-03-10 09:30:00', '2026-03-10 19:00:00', 0),
    (109, 37, 1, 'MAT0001', '电子元件001', '规格-2-2', '个', 10.500, 1, '申请明细 037-1', '2026-03-10 15:10:00', '2026-03-11 01:00:00', 0),
    (110, 37, 2, 'MAT0002', '五金耗材002', '规格-3-3', '件', 18.000, 2, '申请明细 037-2', '2026-03-10 15:20:00', '2026-03-11 01:00:00', 0),
    (111, 37, 3, 'MAT0003', '包装材料003', '规格-4-4', '卷', 25.500, 3, '申请明细 037-3', '2026-03-10 15:30:00', '2026-03-11 01:00:00', 0),
    (112, 38, 4, 'MAT0004', '办公耗材004', '规格-5-5', '箱', 15.500, 1, '申请明细 038-1', '2026-03-10 21:10:00', '2026-03-11 07:00:00', 0),
    (113, 38, 5, 'MAT0005', '设备配件005', '规格-6-1', '套', 23.000, 2, '申请明细 038-2', '2026-03-10 21:20:00', '2026-03-11 07:00:00', 0),
    (114, 38, 6, 'MAT0006', '化工辅料006', '规格-7-2', 'kg', 30.500, 3, '申请明细 038-3', '2026-03-10 21:30:00', '2026-03-11 07:00:00', 0),
    (115, 39, 7, 'MAT0007', '电子元件007', '规格-1-3', '个', 20.500, 1, '申请明细 039-1', '2026-03-11 03:10:00', '2026-03-11 13:00:00', 0),
    (116, 39, 8, 'MAT0008', '五金耗材008', '规格-2-4', '件', 28.000, 2, '申请明细 039-2', '2026-03-11 03:20:00', '2026-03-11 13:00:00', 0),
    (117, 39, 9, 'MAT0009', '包装材料009', '规格-3-5', '卷', 35.500, 3, '申请明细 039-3', '2026-03-11 03:30:00', '2026-03-11 13:00:00', 0),
    (118, 40, 10, 'MAT0010', '办公耗材010', '规格-4-1', '箱', 25.500, 1, '申请明细 040-1', '2026-03-11 09:10:00', '2026-03-11 19:00:00', 0),
    (119, 40, 11, 'MAT0011', '设备配件011', '规格-5-2', '套', 33.000, 2, '申请明细 040-2', '2026-03-11 09:20:00', '2026-03-11 19:00:00', 0),
    (120, 40, 12, 'MAT0012', '化工辅料012', '规格-6-3', 'kg', 40.500, 3, '申请明细 040-3', '2026-03-11 09:30:00', '2026-03-11 19:00:00', 0),
    (121, 41, 13, 'MAT0013', '电子元件013', '规格-7-4', '个', 30.500, 1, '申请明细 041-1', '2026-03-11 15:10:00', '2026-03-12 01:00:00', 0),
    (122, 41, 14, 'MAT0014', '五金耗材014', '规格-1-5', '件', 38.000, 2, '申请明细 041-2', '2026-03-11 15:20:00', '2026-03-12 01:00:00', 0),
    (123, 41, 15, 'MAT0015', '包装材料015', '规格-2-1', '卷', 45.500, 3, '申请明细 041-3', '2026-03-11 15:30:00', '2026-03-12 01:00:00', 0),
    (124, 42, 16, 'MAT0016', '办公耗材016', '规格-3-2', '箱', 35.500, 1, '申请明细 042-1', '2026-03-11 21:10:00', '2026-03-12 07:00:00', 0),
    (125, 42, 17, 'MAT0017', '设备配件017', '规格-4-3', '套', 43.000, 2, '申请明细 042-2', '2026-03-11 21:20:00', '2026-03-12 07:00:00', 0),
    (126, 42, 18, 'MAT0018', '化工辅料018', '规格-5-4', 'kg', 50.500, 3, '申请明细 042-3', '2026-03-11 21:30:00', '2026-03-12 07:00:00', 0),
    (127, 43, 19, 'MAT0019', '电子元件019', '规格-6-5', '个', 40.500, 1, '申请明细 043-1', '2026-03-12 03:10:00', '2026-03-12 13:00:00', 0),
    (128, 43, 20, 'MAT0020', '五金耗材020', '规格-7-1', '件', 48.000, 2, '申请明细 043-2', '2026-03-12 03:20:00', '2026-03-12 13:00:00', 0),
    (129, 43, 21, 'MAT0021', '包装材料021', '规格-1-2', '卷', 55.500, 3, '申请明细 043-3', '2026-03-12 03:30:00', '2026-03-12 13:00:00', 0),
    (130, 44, 22, 'MAT0022', '办公耗材022', '规格-2-3', '箱', 45.500, 1, '申请明细 044-1', '2026-03-12 09:10:00', '2026-03-12 19:00:00', 0),
    (131, 44, 23, 'MAT0023', '设备配件023', '规格-3-4', '套', 53.000, 2, '申请明细 044-2', '2026-03-12 09:20:00', '2026-03-12 19:00:00', 0),
    (132, 44, 24, 'MAT0024', '化工辅料024', '规格-4-5', 'kg', 12.500, 3, '申请明细 044-3', '2026-03-12 09:30:00', '2026-03-12 19:00:00', 0),
    (133, 45, 25, 'MAT0025', '电子元件025', '规格-5-1', '个', 50.500, 1, '申请明细 045-1', '2026-03-12 15:10:00', '2026-03-13 01:00:00', 0),
    (134, 45, 26, 'MAT0026', '五金耗材026', '规格-6-2', '件', 58.000, 2, '申请明细 045-2', '2026-03-12 15:20:00', '2026-03-13 01:00:00', 0),
    (135, 45, 27, 'MAT0027', '包装材料027', '规格-7-3', '卷', 17.500, 3, '申请明细 045-3', '2026-03-12 15:30:00', '2026-03-13 01:00:00', 0),
    (136, 46, 28, 'MAT0028', '办公耗材028', '规格-1-4', '箱', 55.500, 1, '申请明细 046-1', '2026-03-12 21:10:00', '2026-03-13 07:00:00', 0),
    (137, 46, 29, 'MAT0029', '设备配件029', '规格-2-5', '套', 15.000, 2, '申请明细 046-2', '2026-03-12 21:20:00', '2026-03-13 07:00:00', 0),
    (138, 46, 30, 'MAT0030', '化工辅料030', '规格-3-1', 'kg', 22.500, 3, '申请明细 046-3', '2026-03-12 21:30:00', '2026-03-13 07:00:00', 0),
    (139, 47, 31, 'MAT0031', '电子元件031', '规格-4-2', '个', 12.500, 1, '申请明细 047-1', '2026-03-13 03:10:00', '2026-03-13 13:00:00', 0),
    (140, 47, 32, 'MAT0032', '五金耗材032', '规格-5-3', '件', 20.000, 2, '申请明细 047-2', '2026-03-13 03:20:00', '2026-03-13 13:00:00', 0),
    (141, 47, 33, 'MAT0033', '包装材料033', '规格-6-4', '卷', 27.500, 3, '申请明细 047-3', '2026-03-13 03:30:00', '2026-03-13 13:00:00', 0),
    (142, 48, 34, 'MAT0034', '办公耗材034', '规格-7-5', '箱', 17.500, 1, '申请明细 048-1', '2026-03-13 09:10:00', '2026-03-13 19:00:00', 0),
    (143, 48, 35, 'MAT0035', '设备配件035', '规格-1-1', '套', 25.000, 2, '申请明细 048-2', '2026-03-13 09:20:00', '2026-03-13 19:00:00', 0),
    (144, 48, 36, 'MAT0036', '化工辅料036', '规格-2-2', 'kg', 32.500, 3, '申请明细 048-3', '2026-03-13 09:30:00', '2026-03-13 19:00:00', 0),
    (145, 49, 37, 'MAT0037', '电子元件037', '规格-3-3', '个', 22.500, 1, '申请明细 049-1', '2026-03-13 15:10:00', '2026-03-14 01:00:00', 0),
    (146, 49, 38, 'MAT0038', '五金耗材038', '规格-4-4', '件', 30.000, 2, '申请明细 049-2', '2026-03-13 15:20:00', '2026-03-14 01:00:00', 0),
    (147, 49, 39, 'MAT0039', '包装材料039', '规格-5-5', '卷', 37.500, 3, '申请明细 049-3', '2026-03-13 15:30:00', '2026-03-14 01:00:00', 0),
    (148, 50, 40, 'MAT0040', '办公耗材040', '规格-6-1', '箱', 27.500, 1, '申请明细 050-1', '2026-03-13 21:10:00', '2026-03-14 07:00:00', 0),
    (149, 50, 41, 'MAT0041', '设备配件041', '规格-7-2', '套', 35.000, 2, '申请明细 050-2', '2026-03-13 21:20:00', '2026-03-14 07:00:00', 0),
    (150, 50, 42, 'MAT0042', '化工辅料042', '规格-1-3', 'kg', 42.500, 3, '申请明细 050-3', '2026-03-13 21:30:00', '2026-03-14 07:00:00', 0),
    (151, 51, 43, 'MAT0043', '电子元件043', '规格-2-4', '个', 32.500, 1, '申请明细 051-1', '2026-03-14 03:10:00', '2026-03-14 13:00:00', 0),
    (152, 51, 44, 'MAT0044', '五金耗材044', '规格-3-5', '件', 40.000, 2, '申请明细 051-2', '2026-03-14 03:20:00', '2026-03-14 13:00:00', 0),
    (153, 51, 45, 'MAT0045', '包装材料045', '规格-4-1', '卷', 47.500, 3, '申请明细 051-3', '2026-03-14 03:30:00', '2026-03-14 13:00:00', 0),
    (154, 52, 46, 'MAT0046', '办公耗材046', '规格-5-2', '箱', 37.500, 1, '申请明细 052-1', '2026-03-14 09:10:00', '2026-03-14 19:00:00', 0),
    (155, 52, 47, 'MAT0047', '设备配件047', '规格-6-3', '套', 45.000, 2, '申请明细 052-2', '2026-03-14 09:20:00', '2026-03-14 19:00:00', 0),
    (156, 52, 48, 'MAT0048', '化工辅料048', '规格-7-4', 'kg', 52.500, 3, '申请明细 052-3', '2026-03-14 09:30:00', '2026-03-14 19:00:00', 0),
    (157, 53, 49, 'MAT0049', '电子元件049', '规格-1-5', '个', 42.500, 1, '申请明细 053-1', '2026-03-14 15:10:00', '2026-03-15 01:00:00', 0),
    (158, 53, 50, 'MAT0050', '五金耗材050', '规格-2-1', '件', 50.000, 2, '申请明细 053-2', '2026-03-14 15:20:00', '2026-03-15 01:00:00', 0),
    (159, 53, 51, 'MAT0051', '包装材料051', '规格-3-2', '卷', 57.500, 3, '申请明细 053-3', '2026-03-14 15:30:00', '2026-03-15 01:00:00', 0),
    (160, 54, 52, 'MAT0052', '办公耗材052', '规格-4-3', '箱', 47.500, 1, '申请明细 054-1', '2026-03-14 21:10:00', '2026-03-15 07:00:00', 0),
    (161, 54, 53, 'MAT0053', '设备配件053', '规格-5-4', '套', 55.000, 2, '申请明细 054-2', '2026-03-14 21:20:00', '2026-03-15 07:00:00', 0),
    (162, 54, 54, 'MAT0054', '化工辅料054', '规格-6-5', 'kg', 14.500, 3, '申请明细 054-3', '2026-03-14 21:30:00', '2026-03-15 07:00:00', 0),
    (163, 55, 55, 'MAT0055', '电子元件055', '规格-7-1', '个', 52.500, 1, '申请明细 055-1', '2026-03-15 03:10:00', '2026-03-15 13:00:00', 0),
    (164, 55, 56, 'MAT0056', '五金耗材056', '规格-1-2', '件', 12.000, 2, '申请明细 055-2', '2026-03-15 03:20:00', '2026-03-15 13:00:00', 0),
    (165, 55, 57, 'MAT0057', '包装材料057', '规格-2-3', '卷', 19.500, 3, '申请明细 055-3', '2026-03-15 03:30:00', '2026-03-15 13:00:00', 0),
    (166, 56, 58, 'MAT0058', '办公耗材058', '规格-3-4', '箱', 57.500, 1, '申请明细 056-1', '2026-03-15 09:10:00', '2026-03-15 19:00:00', 0),
    (167, 56, 59, 'MAT0059', '设备配件059', '规格-4-5', '套', 17.000, 2, '申请明细 056-2', '2026-03-15 09:20:00', '2026-03-15 19:00:00', 0),
    (168, 56, 60, 'MAT0060', '化工辅料060', '规格-5-1', 'kg', 24.500, 3, '申请明细 056-3', '2026-03-15 09:30:00', '2026-03-15 19:00:00', 0),
    (169, 57, 61, 'MAT0061', '电子元件061', '规格-6-2', '个', 14.500, 1, '申请明细 057-1', '2026-03-15 15:10:00', '2026-03-16 01:00:00', 0),
    (170, 57, 62, 'MAT0062', '五金耗材062', '规格-7-3', '件', 22.000, 2, '申请明细 057-2', '2026-03-15 15:20:00', '2026-03-16 01:00:00', 0),
    (171, 57, 63, 'MAT0063', '包装材料063', '规格-1-4', '卷', 29.500, 3, '申请明细 057-3', '2026-03-15 15:30:00', '2026-03-16 01:00:00', 0),
    (172, 58, 64, 'MAT0064', '办公耗材064', '规格-2-5', '箱', 19.500, 1, '申请明细 058-1', '2026-03-15 21:10:00', '2026-03-16 07:00:00', 0),
    (173, 58, 65, 'MAT0065', '设备配件065', '规格-3-1', '套', 27.000, 2, '申请明细 058-2', '2026-03-15 21:20:00', '2026-03-16 07:00:00', 0),
    (174, 58, 66, 'MAT0066', '化工辅料066', '规格-4-2', 'kg', 34.500, 3, '申请明细 058-3', '2026-03-15 21:30:00', '2026-03-16 07:00:00', 0),
    (175, 59, 67, 'MAT0067', '电子元件067', '规格-5-3', '个', 24.500, 1, '申请明细 059-1', '2026-03-16 03:10:00', '2026-03-16 13:00:00', 0),
    (176, 59, 68, 'MAT0068', '五金耗材068', '规格-6-4', '件', 32.000, 2, '申请明细 059-2', '2026-03-16 03:20:00', '2026-03-16 13:00:00', 0),
    (177, 59, 69, 'MAT0069', '包装材料069', '规格-7-5', '卷', 39.500, 3, '申请明细 059-3', '2026-03-16 03:30:00', '2026-03-16 13:00:00', 0),
    (178, 60, 70, 'MAT0070', '办公耗材070', '规格-1-1', '箱', 29.500, 1, '申请明细 060-1', '2026-03-16 09:10:00', '2026-03-16 19:00:00', 0),
    (179, 60, 71, 'MAT0071', '设备配件071', '规格-2-2', '套', 37.000, 2, '申请明细 060-2', '2026-03-16 09:20:00', '2026-03-16 19:00:00', 0),
    (180, 60, 72, 'MAT0072', '化工辅料072', '规格-3-3', 'kg', 44.500, 3, '申请明细 060-3', '2026-03-16 09:30:00', '2026-03-16 19:00:00', 0),
    (181, 61, 73, 'MAT0073', '电子元件073', '规格-4-4', '个', 34.500, 1, '申请明细 061-1', '2026-03-16 15:10:00', '2026-03-17 01:00:00', 0),
    (182, 61, 74, 'MAT0074', '五金耗材074', '规格-5-5', '件', 42.000, 2, '申请明细 061-2', '2026-03-16 15:20:00', '2026-03-17 01:00:00', 0),
    (183, 61, 75, 'MAT0075', '包装材料075', '规格-6-1', '卷', 49.500, 3, '申请明细 061-3', '2026-03-16 15:30:00', '2026-03-17 01:00:00', 0),
    (184, 62, 76, 'MAT0076', '办公耗材076', '规格-7-2', '箱', 39.500, 1, '申请明细 062-1', '2026-03-16 21:10:00', '2026-03-17 07:00:00', 0),
    (185, 62, 77, 'MAT0077', '设备配件077', '规格-1-3', '套', 47.000, 2, '申请明细 062-2', '2026-03-16 21:20:00', '2026-03-17 07:00:00', 0),
    (186, 62, 78, 'MAT0078', '化工辅料078', '规格-2-4', 'kg', 54.500, 3, '申请明细 062-3', '2026-03-16 21:30:00', '2026-03-17 07:00:00', 0),
    (187, 63, 79, 'MAT0079', '电子元件079', '规格-3-5', '个', 44.500, 1, '申请明细 063-1', '2026-03-17 03:10:00', '2026-03-17 13:00:00', 0),
    (188, 63, 80, 'MAT0080', '五金耗材080', '规格-4-1', '件', 52.000, 2, '申请明细 063-2', '2026-03-17 03:20:00', '2026-03-17 13:00:00', 0),
    (189, 63, 81, 'MAT0081', '包装材料081', '规格-5-2', '卷', 11.500, 3, '申请明细 063-3', '2026-03-17 03:30:00', '2026-03-17 13:00:00', 0),
    (190, 64, 82, 'MAT0082', '办公耗材082', '规格-6-3', '箱', 49.500, 1, '申请明细 064-1', '2026-03-17 09:10:00', '2026-03-17 19:00:00', 0),
    (191, 64, 83, 'MAT0083', '设备配件083', '规格-7-4', '套', 57.000, 2, '申请明细 064-2', '2026-03-17 09:20:00', '2026-03-17 19:00:00', 0),
    (192, 64, 84, 'MAT0084', '化工辅料084', '规格-1-5', 'kg', 16.500, 3, '申请明细 064-3', '2026-03-17 09:30:00', '2026-03-17 19:00:00', 0),
    (193, 65, 85, 'MAT0085', '电子元件085', '规格-2-1', '个', 54.500, 1, '申请明细 065-1', '2026-03-17 15:10:00', '2026-03-18 01:00:00', 0),
    (194, 65, 86, 'MAT0086', '五金耗材086', '规格-3-2', '件', 14.000, 2, '申请明细 065-2', '2026-03-17 15:20:00', '2026-03-18 01:00:00', 0),
    (195, 65, 87, 'MAT0087', '包装材料087', '规格-4-3', '卷', 21.500, 3, '申请明细 065-3', '2026-03-17 15:30:00', '2026-03-18 01:00:00', 0),
    (196, 66, 88, 'MAT0088', '办公耗材088', '规格-5-4', '箱', 11.500, 1, '申请明细 066-1', '2026-03-17 21:10:00', '2026-03-18 07:00:00', 0),
    (197, 66, 89, 'MAT0089', '设备配件089', '规格-6-5', '套', 19.000, 2, '申请明细 066-2', '2026-03-17 21:20:00', '2026-03-18 07:00:00', 0),
    (198, 66, 90, 'MAT0090', '化工辅料090', '规格-7-1', 'kg', 26.500, 3, '申请明细 066-3', '2026-03-17 21:30:00', '2026-03-18 07:00:00', 0),
    (199, 67, 91, 'MAT0091', '电子元件091', '规格-1-2', '个', 16.500, 1, '申请明细 067-1', '2026-03-18 03:10:00', '2026-03-18 13:00:00', 0),
    (200, 67, 92, 'MAT0092', '五金耗材092', '规格-2-3', '件', 24.000, 2, '申请明细 067-2', '2026-03-18 03:20:00', '2026-03-18 13:00:00', 0);

INSERT INTO `purchase_request_item` (`id`, `request_id`, `material_id`, `material_code`, `material_name`, `specification`, `unit`, `request_number`, `sort_number`, `remark`, `create_time`, `update_time`, `deleted`) VALUES
    (201, 67, 93, 'MAT0093', '包装材料093', '规格-3-4', '卷', 31.500, 3, '申请明细 067-3', '2026-03-18 03:30:00', '2026-03-18 13:00:00', 0),
    (202, 68, 94, 'MAT0094', '办公耗材094', '规格-4-5', '箱', 21.500, 1, '申请明细 068-1', '2026-03-18 09:10:00', '2026-03-18 19:00:00', 0),
    (203, 68, 95, 'MAT0095', '设备配件095', '规格-5-1', '套', 29.000, 2, '申请明细 068-2', '2026-03-18 09:20:00', '2026-03-18 19:00:00', 0),
    (204, 68, 96, 'MAT0096', '化工辅料096', '规格-6-2', 'kg', 36.500, 3, '申请明细 068-3', '2026-03-18 09:30:00', '2026-03-18 19:00:00', 0),
    (205, 69, 97, 'MAT0097', '电子元件097', '规格-7-3', '个', 26.500, 1, '申请明细 069-1', '2026-03-18 15:10:00', '2026-03-19 01:00:00', 0),
    (206, 69, 98, 'MAT0098', '五金耗材098', '规格-1-4', '件', 34.000, 2, '申请明细 069-2', '2026-03-18 15:20:00', '2026-03-19 01:00:00', 0),
    (207, 69, 99, 'MAT0099', '包装材料099', '规格-2-5', '卷', 41.500, 3, '申请明细 069-3', '2026-03-18 15:30:00', '2026-03-19 01:00:00', 0),
    (208, 70, 100, 'MAT0100', '办公耗材100', '规格-3-1', '箱', 31.500, 1, '申请明细 070-1', '2026-03-18 21:10:00', '2026-03-19 07:00:00', 0),
    (209, 70, 101, 'MAT0101', '设备配件101', '规格-4-2', '套', 39.000, 2, '申请明细 070-2', '2026-03-18 21:20:00', '2026-03-19 07:00:00', 0),
    (210, 70, 102, 'MAT0102', '化工辅料102', '规格-5-3', 'kg', 46.500, 3, '申请明细 070-3', '2026-03-18 21:30:00', '2026-03-19 07:00:00', 0),
    (211, 71, 103, 'MAT0103', '电子元件103', '规格-6-4', '个', 36.500, 1, '申请明细 071-1', '2026-03-19 03:10:00', '2026-03-21 03:00:00', 0),
    (212, 71, 104, 'MAT0104', '五金耗材104', '规格-7-5', '件', 44.000, 2, '申请明细 071-2', '2026-03-19 03:20:00', '2026-03-21 03:00:00', 0),
    (213, 71, 105, 'MAT0105', '包装材料105', '规格-1-1', '卷', 51.500, 3, '申请明细 071-3', '2026-03-19 03:30:00', '2026-03-21 03:00:00', 0),
    (214, 72, 106, 'MAT0106', '办公耗材106', '规格-2-2', '箱', 41.500, 1, '申请明细 072-1', '2026-03-19 09:10:00', '2026-03-21 09:00:00', 0),
    (215, 72, 107, 'MAT0107', '设备配件107', '规格-3-3', '套', 49.000, 2, '申请明细 072-2', '2026-03-19 09:20:00', '2026-03-21 09:00:00', 0),
    (216, 72, 108, 'MAT0108', '化工辅料108', '规格-4-4', 'kg', 56.500, 3, '申请明细 072-3', '2026-03-19 09:30:00', '2026-03-21 09:00:00', 0),
    (217, 73, 1, 'MAT0001', '电子元件001', '规格-2-2', '个', 46.500, 1, '申请明细 073-1', '2026-03-19 15:10:00', '2026-03-21 15:00:00', 0),
    (218, 73, 2, 'MAT0002', '五金耗材002', '规格-3-3', '件', 54.000, 2, '申请明细 073-2', '2026-03-19 15:20:00', '2026-03-21 15:00:00', 0),
    (219, 73, 3, 'MAT0003', '包装材料003', '规格-4-4', '卷', 13.500, 3, '申请明细 073-3', '2026-03-19 15:30:00', '2026-03-21 15:00:00', 0),
    (220, 74, 4, 'MAT0004', '办公耗材004', '规格-5-5', '箱', 51.500, 1, '申请明细 074-1', '2026-03-19 21:10:00', '2026-03-21 21:00:00', 0),
    (221, 74, 5, 'MAT0005', '设备配件005', '规格-6-1', '套', 11.000, 2, '申请明细 074-2', '2026-03-19 21:20:00', '2026-03-21 21:00:00', 0),
    (222, 74, 6, 'MAT0006', '化工辅料006', '规格-7-2', 'kg', 18.500, 3, '申请明细 074-3', '2026-03-19 21:30:00', '2026-03-21 21:00:00', 0),
    (223, 75, 7, 'MAT0007', '电子元件007', '规格-1-3', '个', 56.500, 1, '申请明细 075-1', '2026-03-20 03:10:00', '2026-03-22 03:00:00', 0),
    (224, 75, 8, 'MAT0008', '五金耗材008', '规格-2-4', '件', 16.000, 2, '申请明细 075-2', '2026-03-20 03:20:00', '2026-03-22 03:00:00', 0),
    (225, 75, 9, 'MAT0009', '包装材料009', '规格-3-5', '卷', 23.500, 3, '申请明细 075-3', '2026-03-20 03:30:00', '2026-03-22 03:00:00', 0),
    (226, 76, 10, 'MAT0010', '办公耗材010', '规格-4-1', '箱', 13.500, 1, '申请明细 076-1', '2026-03-20 09:10:00', '2026-03-22 09:00:00', 0),
    (227, 76, 11, 'MAT0011', '设备配件011', '规格-5-2', '套', 21.000, 2, '申请明细 076-2', '2026-03-20 09:20:00', '2026-03-22 09:00:00', 0),
    (228, 76, 12, 'MAT0012', '化工辅料012', '规格-6-3', 'kg', 28.500, 3, '申请明细 076-3', '2026-03-20 09:30:00', '2026-03-22 09:00:00', 0),
    (229, 77, 13, 'MAT0013', '电子元件013', '规格-7-4', '个', 18.500, 1, '申请明细 077-1', '2026-03-20 15:10:00', '2026-03-22 15:00:00', 0),
    (230, 77, 14, 'MAT0014', '五金耗材014', '规格-1-5', '件', 26.000, 2, '申请明细 077-2', '2026-03-20 15:20:00', '2026-03-22 15:00:00', 0),
    (231, 77, 15, 'MAT0015', '包装材料015', '规格-2-1', '卷', 33.500, 3, '申请明细 077-3', '2026-03-20 15:30:00', '2026-03-22 15:00:00', 0),
    (232, 78, 16, 'MAT0016', '办公耗材016', '规格-3-2', '箱', 23.500, 1, '申请明细 078-1', '2026-03-20 21:10:00', '2026-03-22 21:00:00', 0),
    (233, 78, 17, 'MAT0017', '设备配件017', '规格-4-3', '套', 31.000, 2, '申请明细 078-2', '2026-03-20 21:20:00', '2026-03-22 21:00:00', 0),
    (234, 78, 18, 'MAT0018', '化工辅料018', '规格-5-4', 'kg', 38.500, 3, '申请明细 078-3', '2026-03-20 21:30:00', '2026-03-22 21:00:00', 0),
    (235, 79, 19, 'MAT0019', '电子元件019', '规格-6-5', '个', 28.500, 1, '申请明细 079-1', '2026-03-21 03:10:00', '2026-03-23 03:00:00', 0),
    (236, 79, 20, 'MAT0020', '五金耗材020', '规格-7-1', '件', 36.000, 2, '申请明细 079-2', '2026-03-21 03:20:00', '2026-03-23 03:00:00', 0),
    (237, 79, 21, 'MAT0021', '包装材料021', '规格-1-2', '卷', 43.500, 3, '申请明细 079-3', '2026-03-21 03:30:00', '2026-03-23 03:00:00', 0),
    (238, 80, 22, 'MAT0022', '办公耗材022', '规格-2-3', '箱', 33.500, 1, '申请明细 080-1', '2026-03-21 09:10:00', '2026-03-23 09:00:00', 0),
    (239, 80, 23, 'MAT0023', '设备配件023', '规格-3-4', '套', 41.000, 2, '申请明细 080-2', '2026-03-21 09:20:00', '2026-03-23 09:00:00', 0),
    (240, 80, 24, 'MAT0024', '化工辅料024', '规格-4-5', 'kg', 48.500, 3, '申请明细 080-3', '2026-03-21 09:30:00', '2026-03-23 09:00:00', 0),
    (241, 81, 25, 'MAT0025', '电子元件025', '规格-5-1', '个', 38.500, 1, '申请明细 081-1', '2026-03-21 15:10:00', '2026-03-22 01:00:00', 0),
    (242, 81, 26, 'MAT0026', '五金耗材026', '规格-6-2', '件', 46.000, 2, '申请明细 081-2', '2026-03-21 15:20:00', '2026-03-22 01:00:00', 0),
    (243, 81, 27, 'MAT0027', '包装材料027', '规格-7-3', '卷', 53.500, 3, '申请明细 081-3', '2026-03-21 15:30:00', '2026-03-22 01:00:00', 0),
    (244, 82, 28, 'MAT0028', '办公耗材028', '规格-1-4', '箱', 43.500, 1, '申请明细 082-1', '2026-03-21 21:10:00', '2026-03-22 07:00:00', 0),
    (245, 82, 29, 'MAT0029', '设备配件029', '规格-2-5', '套', 51.000, 2, '申请明细 082-2', '2026-03-21 21:20:00', '2026-03-22 07:00:00', 0),
    (246, 82, 30, 'MAT0030', '化工辅料030', '规格-3-1', 'kg', 58.500, 3, '申请明细 082-3', '2026-03-21 21:30:00', '2026-03-22 07:00:00', 0),
    (247, 83, 31, 'MAT0031', '电子元件031', '规格-4-2', '个', 48.500, 1, '申请明细 083-1', '2026-03-22 03:10:00', '2026-03-22 13:00:00', 0),
    (248, 83, 32, 'MAT0032', '五金耗材032', '规格-5-3', '件', 56.000, 2, '申请明细 083-2', '2026-03-22 03:20:00', '2026-03-22 13:00:00', 0),
    (249, 83, 33, 'MAT0033', '包装材料033', '规格-6-4', '卷', 15.500, 3, '申请明细 083-3', '2026-03-22 03:30:00', '2026-03-22 13:00:00', 0),
    (250, 84, 34, 'MAT0034', '办公耗材034', '规格-7-5', '箱', 53.500, 1, '申请明细 084-1', '2026-03-22 09:10:00', '2026-03-22 19:00:00', 0),
    (251, 84, 35, 'MAT0035', '设备配件035', '规格-1-1', '套', 13.000, 2, '申请明细 084-2', '2026-03-22 09:20:00', '2026-03-22 19:00:00', 0),
    (252, 84, 36, 'MAT0036', '化工辅料036', '规格-2-2', 'kg', 20.500, 3, '申请明细 084-3', '2026-03-22 09:30:00', '2026-03-22 19:00:00', 0),
    (253, 85, 37, 'MAT0037', '电子元件037', '规格-3-3', '个', 10.500, 1, '申请明细 085-1', '2026-03-22 15:10:00', '2026-03-23 01:00:00', 0),
    (254, 85, 38, 'MAT0038', '五金耗材038', '规格-4-4', '件', 18.000, 2, '申请明细 085-2', '2026-03-22 15:20:00', '2026-03-23 01:00:00', 0),
    (255, 85, 39, 'MAT0039', '包装材料039', '规格-5-5', '卷', 25.500, 3, '申请明细 085-3', '2026-03-22 15:30:00', '2026-03-23 01:00:00', 0),
    (256, 86, 40, 'MAT0040', '办公耗材040', '规格-6-1', '箱', 15.500, 1, '申请明细 086-1', '2026-03-22 21:10:00', '2026-03-22 23:00:00', 0),
    (257, 86, 41, 'MAT0041', '设备配件041', '规格-7-2', '套', 23.000, 2, '申请明细 086-2', '2026-03-22 21:20:00', '2026-03-22 23:00:00', 0),
    (258, 86, 42, 'MAT0042', '化工辅料042', '规格-1-3', 'kg', 30.500, 3, '申请明细 086-3', '2026-03-22 21:30:00', '2026-03-22 23:00:00', 0),
    (259, 87, 43, 'MAT0043', '电子元件043', '规格-2-4', '个', 20.500, 1, '申请明细 087-1', '2026-03-23 03:10:00', '2026-03-23 05:00:00', 0),
    (260, 87, 44, 'MAT0044', '五金耗材044', '规格-3-5', '件', 28.000, 2, '申请明细 087-2', '2026-03-23 03:20:00', '2026-03-23 05:00:00', 0),
    (261, 87, 45, 'MAT0045', '包装材料045', '规格-4-1', '卷', 35.500, 3, '申请明细 087-3', '2026-03-23 03:30:00', '2026-03-23 05:00:00', 0),
    (262, 88, 46, 'MAT0046', '办公耗材046', '规格-5-2', '箱', 25.500, 1, '申请明细 088-1', '2026-03-23 09:10:00', '2026-03-23 11:00:00', 0),
    (263, 88, 47, 'MAT0047', '设备配件047', '规格-6-3', '套', 33.000, 2, '申请明细 088-2', '2026-03-23 09:20:00', '2026-03-23 11:00:00', 0),
    (264, 88, 48, 'MAT0048', '化工辅料048', '规格-7-4', 'kg', 40.500, 3, '申请明细 088-3', '2026-03-23 09:30:00', '2026-03-23 11:00:00', 0),
    (265, 89, 49, 'MAT0049', '电子元件049', '规格-1-5', '个', 30.500, 1, '申请明细 089-1', '2026-03-23 15:10:00', '2026-03-23 17:00:00', 0),
    (266, 89, 50, 'MAT0050', '五金耗材050', '规格-2-1', '件', 38.000, 2, '申请明细 089-2', '2026-03-23 15:20:00', '2026-03-23 17:00:00', 0),
    (267, 89, 51, 'MAT0051', '包装材料051', '规格-3-2', '卷', 45.500, 3, '申请明细 089-3', '2026-03-23 15:30:00', '2026-03-23 17:00:00', 0),
    (268, 90, 52, 'MAT0052', '办公耗材052', '规格-4-3', '箱', 35.500, 1, '申请明细 090-1', '2026-03-23 21:10:00', '2026-03-23 23:00:00', 0),
    (269, 90, 53, 'MAT0053', '设备配件053', '规格-5-4', '套', 43.000, 2, '申请明细 090-2', '2026-03-23 21:20:00', '2026-03-23 23:00:00', 0),
    (270, 90, 54, 'MAT0054', '化工辅料054', '规格-6-5', 'kg', 50.500, 3, '申请明细 090-3', '2026-03-23 21:30:00', '2026-03-23 23:00:00', 0),
    (271, 91, 55, 'MAT0055', '电子元件055', '规格-7-1', '个', 40.500, 1, '申请明细 091-1', '2026-03-24 03:10:00', '2026-03-24 13:00:00', 0),
    (272, 91, 56, 'MAT0056', '五金耗材056', '规格-1-2', '件', 48.000, 2, '申请明细 091-2', '2026-03-24 03:20:00', '2026-03-24 13:00:00', 0),
    (273, 91, 57, 'MAT0057', '包装材料057', '规格-2-3', '卷', 55.500, 3, '申请明细 091-3', '2026-03-24 03:30:00', '2026-03-24 13:00:00', 0),
    (274, 92, 58, 'MAT0058', '办公耗材058', '规格-3-4', '箱', 45.500, 1, '申请明细 092-1', '2026-03-24 09:10:00', '2026-03-24 19:00:00', 0),
    (275, 92, 59, 'MAT0059', '设备配件059', '规格-4-5', '套', 53.000, 2, '申请明细 092-2', '2026-03-24 09:20:00', '2026-03-24 19:00:00', 0),
    (276, 92, 60, 'MAT0060', '化工辅料060', '规格-5-1', 'kg', 12.500, 3, '申请明细 092-3', '2026-03-24 09:30:00', '2026-03-24 19:00:00', 0),
    (277, 93, 61, 'MAT0061', '电子元件061', '规格-6-2', '个', 50.500, 1, '申请明细 093-1', '2026-03-24 15:10:00', '2026-03-25 01:00:00', 0),
    (278, 93, 62, 'MAT0062', '五金耗材062', '规格-7-3', '件', 58.000, 2, '申请明细 093-2', '2026-03-24 15:20:00', '2026-03-25 01:00:00', 0),
    (279, 93, 63, 'MAT0063', '包装材料063', '规格-1-4', '卷', 17.500, 3, '申请明细 093-3', '2026-03-24 15:30:00', '2026-03-25 01:00:00', 0),
    (280, 94, 64, 'MAT0064', '办公耗材064', '规格-2-5', '箱', 55.500, 1, '申请明细 094-1', '2026-03-24 21:10:00', '2026-03-25 07:00:00', 0),
    (281, 94, 65, 'MAT0065', '设备配件065', '规格-3-1', '套', 15.000, 2, '申请明细 094-2', '2026-03-24 21:20:00', '2026-03-25 07:00:00', 0),
    (282, 94, 66, 'MAT0066', '化工辅料066', '规格-4-2', 'kg', 22.500, 3, '申请明细 094-3', '2026-03-24 21:30:00', '2026-03-25 07:00:00', 0),
    (283, 95, 67, 'MAT0067', '电子元件067', '规格-5-3', '个', 12.500, 1, '申请明细 095-1', '2026-03-25 03:10:00', '2026-03-25 13:00:00', 0),
    (284, 95, 68, 'MAT0068', '五金耗材068', '规格-6-4', '件', 20.000, 2, '申请明细 095-2', '2026-03-25 03:20:00', '2026-03-25 13:00:00', 0),
    (285, 95, 69, 'MAT0069', '包装材料069', '规格-7-5', '卷', 27.500, 3, '申请明细 095-3', '2026-03-25 03:30:00', '2026-03-25 13:00:00', 0),
    (286, 96, 70, 'MAT0070', '办公耗材070', '规格-1-1', '箱', 17.500, 1, '申请明细 096-1', '2026-03-25 09:10:00', '2026-03-25 11:00:00', 0),
    (287, 96, 71, 'MAT0071', '设备配件071', '规格-2-2', '套', 25.000, 2, '申请明细 096-2', '2026-03-25 09:20:00', '2026-03-25 11:00:00', 0),
    (288, 96, 72, 'MAT0072', '化工辅料072', '规格-3-3', 'kg', 32.500, 3, '申请明细 096-3', '2026-03-25 09:30:00', '2026-03-25 11:00:00', 0),
    (289, 97, 73, 'MAT0073', '电子元件073', '规格-4-4', '个', 22.500, 1, '申请明细 097-1', '2026-03-25 15:10:00', '2026-03-25 17:00:00', 0),
    (290, 97, 74, 'MAT0074', '五金耗材074', '规格-5-5', '件', 30.000, 2, '申请明细 097-2', '2026-03-25 15:20:00', '2026-03-25 17:00:00', 0),
    (291, 97, 75, 'MAT0075', '包装材料075', '规格-6-1', '卷', 37.500, 3, '申请明细 097-3', '2026-03-25 15:30:00', '2026-03-25 17:00:00', 0),
    (292, 98, 76, 'MAT0076', '办公耗材076', '规格-7-2', '箱', 27.500, 1, '申请明细 098-1', '2026-03-25 21:10:00', '2026-03-25 23:00:00', 0),
    (293, 98, 77, 'MAT0077', '设备配件077', '规格-1-3', '套', 35.000, 2, '申请明细 098-2', '2026-03-25 21:20:00', '2026-03-25 23:00:00', 0),
    (294, 98, 78, 'MAT0078', '化工辅料078', '规格-2-4', 'kg', 42.500, 3, '申请明细 098-3', '2026-03-25 21:30:00', '2026-03-25 23:00:00', 0),
    (295, 99, 79, 'MAT0079', '电子元件079', '规格-3-5', '个', 32.500, 1, '申请明细 099-1', '2026-03-26 03:10:00', '2026-03-26 03:00:00', 0),
    (296, 99, 80, 'MAT0080', '五金耗材080', '规格-4-1', '件', 40.000, 2, '申请明细 099-2', '2026-03-26 03:20:00', '2026-03-26 03:00:00', 0),
    (297, 99, 81, 'MAT0081', '包装材料081', '规格-5-2', '卷', 47.500, 3, '申请明细 099-3', '2026-03-26 03:30:00', '2026-03-26 03:00:00', 0),
    (298, 100, 82, 'MAT0082', '办公耗材082', '规格-6-3', '箱', 37.500, 1, '申请明细 100-1', '2026-03-26 09:10:00', '2026-03-26 09:00:00', 0),
    (299, 100, 83, 'MAT0083', '设备配件083', '规格-7-4', '套', 45.000, 2, '申请明细 100-2', '2026-03-26 09:20:00', '2026-03-26 09:00:00', 0),
    (300, 100, 84, 'MAT0084', '化工辅料084', '规格-1-5', 'kg', 52.500, 3, '申请明细 100-3', '2026-03-26 09:30:00', '2026-03-26 09:00:00', 0);

INSERT INTO `purchase_request_review` (`id`, `request_id`, `action_type`, `from_status`, `to_status`, `operator_id`, `operator_name`, `operate_note`, `operate_time`) VALUES
    (1, 1, 'SUBMIT', 'DRAFT', 'PENDING_APPROVAL', 11, '采购员001', '提交采购申请', '2026-03-01 17:00:00'),
    (2, 1, 'APPROVE', 'PENDING_APPROVAL', 'APPROVED', 26, '采购主管001', '审批通过', '2026-03-02 01:00:00'),
    (3, 2, 'SUBMIT', 'DRAFT', 'PENDING_APPROVAL', 12, '采购员002', '提交采购申请', '2026-03-01 23:00:00'),
    (4, 2, 'APPROVE', 'PENDING_APPROVAL', 'APPROVED', 27, '采购主管002', '审批通过', '2026-03-02 07:00:00'),
    (5, 3, 'SUBMIT', 'DRAFT', 'PENDING_APPROVAL', 13, '采购员003', '提交采购申请', '2026-03-02 05:00:00'),
    (6, 3, 'APPROVE', 'PENDING_APPROVAL', 'APPROVED', 28, '采购主管003', '审批通过', '2026-03-02 13:00:00'),
    (7, 4, 'SUBMIT', 'DRAFT', 'PENDING_APPROVAL', 14, '采购员004', '提交采购申请', '2026-03-02 11:00:00'),
    (8, 4, 'APPROVE', 'PENDING_APPROVAL', 'APPROVED', 29, '采购主管004', '审批通过', '2026-03-02 19:00:00'),
    (9, 5, 'SUBMIT', 'DRAFT', 'PENDING_APPROVAL', 15, '采购员005', '提交采购申请', '2026-03-02 17:00:00'),
    (10, 5, 'APPROVE', 'PENDING_APPROVAL', 'APPROVED', 30, '采购主管005', '审批通过', '2026-03-03 01:00:00'),
    (11, 6, 'SUBMIT', 'DRAFT', 'PENDING_APPROVAL', 16, '采购员006', '提交采购申请', '2026-03-02 23:00:00'),
    (12, 6, 'APPROVE', 'PENDING_APPROVAL', 'APPROVED', 31, '采购主管006', '审批通过', '2026-03-03 07:00:00'),
    (13, 7, 'SUBMIT', 'DRAFT', 'PENDING_APPROVAL', 17, '采购员007', '提交采购申请', '2026-03-03 05:00:00'),
    (14, 7, 'APPROVE', 'PENDING_APPROVAL', 'APPROVED', 32, '采购主管007', '审批通过', '2026-03-03 13:00:00'),
    (15, 8, 'SUBMIT', 'DRAFT', 'PENDING_APPROVAL', 18, '采购员008', '提交采购申请', '2026-03-03 11:00:00'),
    (16, 8, 'APPROVE', 'PENDING_APPROVAL', 'APPROVED', 33, '采购主管008', '审批通过', '2026-03-03 19:00:00'),
    (17, 9, 'SUBMIT', 'DRAFT', 'PENDING_APPROVAL', 19, '采购员009', '提交采购申请', '2026-03-03 17:00:00'),
    (18, 9, 'APPROVE', 'PENDING_APPROVAL', 'APPROVED', 34, '采购主管009', '审批通过', '2026-03-04 01:00:00'),
    (19, 10, 'SUBMIT', 'DRAFT', 'PENDING_APPROVAL', 20, '采购员010', '提交采购申请', '2026-03-03 23:00:00'),
    (20, 10, 'APPROVE', 'PENDING_APPROVAL', 'APPROVED', 35, '采购主管010', '审批通过', '2026-03-04 07:00:00'),
    (21, 11, 'SUBMIT', 'DRAFT', 'PENDING_APPROVAL', 21, '采购员011', '提交采购申请', '2026-03-04 05:00:00'),
    (22, 11, 'APPROVE', 'PENDING_APPROVAL', 'APPROVED', 26, '采购主管001', '审批通过', '2026-03-04 13:00:00'),
    (23, 12, 'SUBMIT', 'DRAFT', 'PENDING_APPROVAL', 22, '采购员012', '提交采购申请', '2026-03-04 11:00:00'),
    (24, 12, 'APPROVE', 'PENDING_APPROVAL', 'APPROVED', 27, '采购主管002', '审批通过', '2026-03-04 19:00:00'),
    (25, 13, 'SUBMIT', 'DRAFT', 'PENDING_APPROVAL', 23, '采购员013', '提交采购申请', '2026-03-04 17:00:00'),
    (26, 13, 'APPROVE', 'PENDING_APPROVAL', 'APPROVED', 28, '采购主管003', '审批通过', '2026-03-05 01:00:00'),
    (27, 14, 'SUBMIT', 'DRAFT', 'PENDING_APPROVAL', 24, '采购员014', '提交采购申请', '2026-03-04 23:00:00'),
    (28, 14, 'APPROVE', 'PENDING_APPROVAL', 'APPROVED', 29, '采购主管004', '审批通过', '2026-03-05 07:00:00'),
    (29, 15, 'SUBMIT', 'DRAFT', 'PENDING_APPROVAL', 25, '采购员015', '提交采购申请', '2026-03-05 05:00:00'),
    (30, 15, 'APPROVE', 'PENDING_APPROVAL', 'APPROVED', 30, '采购主管005', '审批通过', '2026-03-05 13:00:00'),
    (31, 16, 'SUBMIT', 'DRAFT', 'PENDING_APPROVAL', 11, '采购员001', '提交采购申请', '2026-03-05 11:00:00'),
    (32, 16, 'APPROVE', 'PENDING_APPROVAL', 'APPROVED', 31, '采购主管006', '审批通过', '2026-03-05 19:00:00'),
    (33, 17, 'SUBMIT', 'DRAFT', 'PENDING_APPROVAL', 12, '采购员002', '提交采购申请', '2026-03-05 17:00:00'),
    (34, 17, 'APPROVE', 'PENDING_APPROVAL', 'APPROVED', 32, '采购主管007', '审批通过', '2026-03-06 01:00:00'),
    (35, 18, 'SUBMIT', 'DRAFT', 'PENDING_APPROVAL', 13, '采购员003', '提交采购申请', '2026-03-05 23:00:00'),
    (36, 18, 'APPROVE', 'PENDING_APPROVAL', 'APPROVED', 33, '采购主管008', '审批通过', '2026-03-06 07:00:00'),
    (37, 19, 'SUBMIT', 'DRAFT', 'PENDING_APPROVAL', 14, '采购员004', '提交采购申请', '2026-03-06 05:00:00'),
    (38, 19, 'APPROVE', 'PENDING_APPROVAL', 'APPROVED', 34, '采购主管009', '审批通过', '2026-03-06 13:00:00'),
    (39, 20, 'SUBMIT', 'DRAFT', 'PENDING_APPROVAL', 15, '采购员005', '提交采购申请', '2026-03-06 11:00:00'),
    (40, 20, 'APPROVE', 'PENDING_APPROVAL', 'APPROVED', 35, '采购主管010', '审批通过', '2026-03-06 19:00:00'),
    (41, 21, 'SUBMIT', 'DRAFT', 'PENDING_APPROVAL', 16, '采购员006', '提交采购申请', '2026-03-06 17:00:00'),
    (42, 21, 'APPROVE', 'PENDING_APPROVAL', 'APPROVED', 26, '采购主管001', '审批通过', '2026-03-07 01:00:00'),
    (43, 22, 'SUBMIT', 'DRAFT', 'PENDING_APPROVAL', 17, '采购员007', '提交采购申请', '2026-03-06 23:00:00'),
    (44, 22, 'APPROVE', 'PENDING_APPROVAL', 'APPROVED', 27, '采购主管002', '审批通过', '2026-03-07 07:00:00'),
    (45, 23, 'SUBMIT', 'DRAFT', 'PENDING_APPROVAL', 18, '采购员008', '提交采购申请', '2026-03-07 05:00:00'),
    (46, 23, 'APPROVE', 'PENDING_APPROVAL', 'APPROVED', 28, '采购主管003', '审批通过', '2026-03-07 13:00:00'),
    (47, 24, 'SUBMIT', 'DRAFT', 'PENDING_APPROVAL', 19, '采购员009', '提交采购申请', '2026-03-07 11:00:00'),
    (48, 24, 'APPROVE', 'PENDING_APPROVAL', 'APPROVED', 29, '采购主管004', '审批通过', '2026-03-07 19:00:00'),
    (49, 25, 'SUBMIT', 'DRAFT', 'PENDING_APPROVAL', 20, '采购员010', '提交采购申请', '2026-03-07 17:00:00'),
    (50, 25, 'APPROVE', 'PENDING_APPROVAL', 'APPROVED', 30, '采购主管005', '审批通过', '2026-03-08 01:00:00'),
    (51, 26, 'SUBMIT', 'DRAFT', 'PENDING_APPROVAL', 21, '采购员011', '提交采购申请', '2026-03-07 23:00:00'),
    (52, 26, 'APPROVE', 'PENDING_APPROVAL', 'APPROVED', 31, '采购主管006', '审批通过', '2026-03-08 07:00:00'),
    (53, 27, 'SUBMIT', 'DRAFT', 'PENDING_APPROVAL', 22, '采购员012', '提交采购申请', '2026-03-08 05:00:00'),
    (54, 27, 'APPROVE', 'PENDING_APPROVAL', 'APPROVED', 32, '采购主管007', '审批通过', '2026-03-08 13:00:00'),
    (55, 28, 'SUBMIT', 'DRAFT', 'PENDING_APPROVAL', 23, '采购员013', '提交采购申请', '2026-03-08 11:00:00'),
    (56, 28, 'APPROVE', 'PENDING_APPROVAL', 'APPROVED', 33, '采购主管008', '审批通过', '2026-03-08 19:00:00'),
    (57, 29, 'SUBMIT', 'DRAFT', 'PENDING_APPROVAL', 24, '采购员014', '提交采购申请', '2026-03-08 17:00:00'),
    (58, 29, 'APPROVE', 'PENDING_APPROVAL', 'APPROVED', 34, '采购主管009', '审批通过', '2026-03-09 01:00:00'),
    (59, 30, 'SUBMIT', 'DRAFT', 'PENDING_APPROVAL', 25, '采购员015', '提交采购申请', '2026-03-08 23:00:00'),
    (60, 30, 'APPROVE', 'PENDING_APPROVAL', 'APPROVED', 35, '采购主管010', '审批通过', '2026-03-09 07:00:00'),
    (61, 31, 'SUBMIT', 'DRAFT', 'PENDING_APPROVAL', 11, '采购员001', '提交采购申请', '2026-03-09 05:00:00'),
    (62, 31, 'APPROVE', 'PENDING_APPROVAL', 'APPROVED', 26, '采购主管001', '审批通过', '2026-03-09 13:00:00'),
    (63, 32, 'SUBMIT', 'DRAFT', 'PENDING_APPROVAL', 12, '采购员002', '提交采购申请', '2026-03-09 11:00:00'),
    (64, 32, 'APPROVE', 'PENDING_APPROVAL', 'APPROVED', 27, '采购主管002', '审批通过', '2026-03-09 19:00:00'),
    (65, 33, 'SUBMIT', 'DRAFT', 'PENDING_APPROVAL', 13, '采购员003', '提交采购申请', '2026-03-09 17:00:00'),
    (66, 33, 'APPROVE', 'PENDING_APPROVAL', 'APPROVED', 28, '采购主管003', '审批通过', '2026-03-10 01:00:00'),
    (67, 34, 'SUBMIT', 'DRAFT', 'PENDING_APPROVAL', 14, '采购员004', '提交采购申请', '2026-03-09 23:00:00'),
    (68, 34, 'APPROVE', 'PENDING_APPROVAL', 'APPROVED', 29, '采购主管004', '审批通过', '2026-03-10 07:00:00'),
    (69, 35, 'SUBMIT', 'DRAFT', 'PENDING_APPROVAL', 15, '采购员005', '提交采购申请', '2026-03-10 05:00:00'),
    (70, 35, 'APPROVE', 'PENDING_APPROVAL', 'APPROVED', 30, '采购主管005', '审批通过', '2026-03-10 13:00:00'),
    (71, 36, 'SUBMIT', 'DRAFT', 'PENDING_APPROVAL', 16, '采购员006', '提交采购申请', '2026-03-10 11:00:00'),
    (72, 36, 'APPROVE', 'PENDING_APPROVAL', 'APPROVED', 31, '采购主管006', '审批通过', '2026-03-10 19:00:00'),
    (73, 37, 'SUBMIT', 'DRAFT', 'PENDING_APPROVAL', 17, '采购员007', '提交采购申请', '2026-03-10 17:00:00'),
    (74, 37, 'APPROVE', 'PENDING_APPROVAL', 'APPROVED', 32, '采购主管007', '审批通过', '2026-03-11 01:00:00'),
    (75, 38, 'SUBMIT', 'DRAFT', 'PENDING_APPROVAL', 18, '采购员008', '提交采购申请', '2026-03-10 23:00:00'),
    (76, 38, 'APPROVE', 'PENDING_APPROVAL', 'APPROVED', 33, '采购主管008', '审批通过', '2026-03-11 07:00:00'),
    (77, 39, 'SUBMIT', 'DRAFT', 'PENDING_APPROVAL', 19, '采购员009', '提交采购申请', '2026-03-11 05:00:00'),
    (78, 39, 'APPROVE', 'PENDING_APPROVAL', 'APPROVED', 34, '采购主管009', '审批通过', '2026-03-11 13:00:00'),
    (79, 40, 'SUBMIT', 'DRAFT', 'PENDING_APPROVAL', 20, '采购员010', '提交采购申请', '2026-03-11 11:00:00'),
    (80, 40, 'APPROVE', 'PENDING_APPROVAL', 'APPROVED', 35, '采购主管010', '审批通过', '2026-03-11 19:00:00'),
    (81, 41, 'SUBMIT', 'DRAFT', 'PENDING_APPROVAL', 21, '采购员011', '提交采购申请', '2026-03-11 17:00:00'),
    (82, 41, 'APPROVE', 'PENDING_APPROVAL', 'APPROVED', 26, '采购主管001', '审批通过', '2026-03-12 01:00:00'),
    (83, 42, 'SUBMIT', 'DRAFT', 'PENDING_APPROVAL', 22, '采购员012', '提交采购申请', '2026-03-11 23:00:00'),
    (84, 42, 'APPROVE', 'PENDING_APPROVAL', 'APPROVED', 27, '采购主管002', '审批通过', '2026-03-12 07:00:00'),
    (85, 43, 'SUBMIT', 'DRAFT', 'PENDING_APPROVAL', 23, '采购员013', '提交采购申请', '2026-03-12 05:00:00'),
    (86, 43, 'APPROVE', 'PENDING_APPROVAL', 'APPROVED', 28, '采购主管003', '审批通过', '2026-03-12 13:00:00'),
    (87, 44, 'SUBMIT', 'DRAFT', 'PENDING_APPROVAL', 24, '采购员014', '提交采购申请', '2026-03-12 11:00:00'),
    (88, 44, 'APPROVE', 'PENDING_APPROVAL', 'APPROVED', 29, '采购主管004', '审批通过', '2026-03-12 19:00:00'),
    (89, 45, 'SUBMIT', 'DRAFT', 'PENDING_APPROVAL', 25, '采购员015', '提交采购申请', '2026-03-12 17:00:00'),
    (90, 45, 'APPROVE', 'PENDING_APPROVAL', 'APPROVED', 30, '采购主管005', '审批通过', '2026-03-13 01:00:00'),
    (91, 46, 'SUBMIT', 'DRAFT', 'PENDING_APPROVAL', 11, '采购员001', '提交采购申请', '2026-03-12 23:00:00'),
    (92, 46, 'APPROVE', 'PENDING_APPROVAL', 'APPROVED', 31, '采购主管006', '审批通过', '2026-03-13 07:00:00'),
    (93, 47, 'SUBMIT', 'DRAFT', 'PENDING_APPROVAL', 12, '采购员002', '提交采购申请', '2026-03-13 05:00:00'),
    (94, 47, 'APPROVE', 'PENDING_APPROVAL', 'APPROVED', 32, '采购主管007', '审批通过', '2026-03-13 13:00:00'),
    (95, 48, 'SUBMIT', 'DRAFT', 'PENDING_APPROVAL', 13, '采购员003', '提交采购申请', '2026-03-13 11:00:00'),
    (96, 48, 'APPROVE', 'PENDING_APPROVAL', 'APPROVED', 33, '采购主管008', '审批通过', '2026-03-13 19:00:00'),
    (97, 49, 'SUBMIT', 'DRAFT', 'PENDING_APPROVAL', 14, '采购员004', '提交采购申请', '2026-03-13 17:00:00'),
    (98, 49, 'APPROVE', 'PENDING_APPROVAL', 'APPROVED', 34, '采购主管009', '审批通过', '2026-03-14 01:00:00'),
    (99, 50, 'SUBMIT', 'DRAFT', 'PENDING_APPROVAL', 15, '采购员005', '提交采购申请', '2026-03-13 23:00:00'),
    (100, 50, 'APPROVE', 'PENDING_APPROVAL', 'APPROVED', 35, '采购主管010', '审批通过', '2026-03-14 07:00:00'),
    (101, 51, 'SUBMIT', 'DRAFT', 'PENDING_APPROVAL', 16, '采购员006', '提交采购申请', '2026-03-14 05:00:00'),
    (102, 51, 'APPROVE', 'PENDING_APPROVAL', 'APPROVED', 26, '采购主管001', '审批通过', '2026-03-14 13:00:00'),
    (103, 52, 'SUBMIT', 'DRAFT', 'PENDING_APPROVAL', 17, '采购员007', '提交采购申请', '2026-03-14 11:00:00'),
    (104, 52, 'APPROVE', 'PENDING_APPROVAL', 'APPROVED', 27, '采购主管002', '审批通过', '2026-03-14 19:00:00'),
    (105, 53, 'SUBMIT', 'DRAFT', 'PENDING_APPROVAL', 18, '采购员008', '提交采购申请', '2026-03-14 17:00:00'),
    (106, 53, 'APPROVE', 'PENDING_APPROVAL', 'APPROVED', 28, '采购主管003', '审批通过', '2026-03-15 01:00:00'),
    (107, 54, 'SUBMIT', 'DRAFT', 'PENDING_APPROVAL', 19, '采购员009', '提交采购申请', '2026-03-14 23:00:00'),
    (108, 54, 'APPROVE', 'PENDING_APPROVAL', 'APPROVED', 29, '采购主管004', '审批通过', '2026-03-15 07:00:00'),
    (109, 55, 'SUBMIT', 'DRAFT', 'PENDING_APPROVAL', 20, '采购员010', '提交采购申请', '2026-03-15 05:00:00'),
    (110, 55, 'APPROVE', 'PENDING_APPROVAL', 'APPROVED', 30, '采购主管005', '审批通过', '2026-03-15 13:00:00'),
    (111, 56, 'SUBMIT', 'DRAFT', 'PENDING_APPROVAL', 21, '采购员011', '提交采购申请', '2026-03-15 11:00:00'),
    (112, 56, 'APPROVE', 'PENDING_APPROVAL', 'APPROVED', 31, '采购主管006', '审批通过', '2026-03-15 19:00:00'),
    (113, 57, 'SUBMIT', 'DRAFT', 'PENDING_APPROVAL', 22, '采购员012', '提交采购申请', '2026-03-15 17:00:00'),
    (114, 57, 'APPROVE', 'PENDING_APPROVAL', 'APPROVED', 32, '采购主管007', '审批通过', '2026-03-16 01:00:00'),
    (115, 58, 'SUBMIT', 'DRAFT', 'PENDING_APPROVAL', 23, '采购员013', '提交采购申请', '2026-03-15 23:00:00'),
    (116, 58, 'APPROVE', 'PENDING_APPROVAL', 'APPROVED', 33, '采购主管008', '审批通过', '2026-03-16 07:00:00'),
    (117, 59, 'SUBMIT', 'DRAFT', 'PENDING_APPROVAL', 24, '采购员014', '提交采购申请', '2026-03-16 05:00:00'),
    (118, 59, 'APPROVE', 'PENDING_APPROVAL', 'APPROVED', 34, '采购主管009', '审批通过', '2026-03-16 13:00:00'),
    (119, 60, 'SUBMIT', 'DRAFT', 'PENDING_APPROVAL', 25, '采购员015', '提交采购申请', '2026-03-16 11:00:00'),
    (120, 60, 'APPROVE', 'PENDING_APPROVAL', 'APPROVED', 35, '采购主管010', '审批通过', '2026-03-16 19:00:00'),
    (121, 61, 'SUBMIT', 'DRAFT', 'PENDING_APPROVAL', 11, '采购员001', '提交采购申请', '2026-03-16 17:00:00'),
    (122, 61, 'APPROVE', 'PENDING_APPROVAL', 'APPROVED', 26, '采购主管001', '审批通过', '2026-03-17 01:00:00'),
    (123, 62, 'SUBMIT', 'DRAFT', 'PENDING_APPROVAL', 12, '采购员002', '提交采购申请', '2026-03-16 23:00:00'),
    (124, 62, 'APPROVE', 'PENDING_APPROVAL', 'APPROVED', 27, '采购主管002', '审批通过', '2026-03-17 07:00:00'),
    (125, 63, 'SUBMIT', 'DRAFT', 'PENDING_APPROVAL', 13, '采购员003', '提交采购申请', '2026-03-17 05:00:00'),
    (126, 63, 'APPROVE', 'PENDING_APPROVAL', 'APPROVED', 28, '采购主管003', '审批通过', '2026-03-17 13:00:00'),
    (127, 64, 'SUBMIT', 'DRAFT', 'PENDING_APPROVAL', 14, '采购员004', '提交采购申请', '2026-03-17 11:00:00'),
    (128, 64, 'APPROVE', 'PENDING_APPROVAL', 'APPROVED', 29, '采购主管004', '审批通过', '2026-03-17 19:00:00'),
    (129, 65, 'SUBMIT', 'DRAFT', 'PENDING_APPROVAL', 15, '采购员005', '提交采购申请', '2026-03-17 17:00:00'),
    (130, 65, 'APPROVE', 'PENDING_APPROVAL', 'APPROVED', 30, '采购主管005', '审批通过', '2026-03-18 01:00:00'),
    (131, 66, 'SUBMIT', 'DRAFT', 'PENDING_APPROVAL', 16, '采购员006', '提交采购申请', '2026-03-17 23:00:00'),
    (132, 66, 'APPROVE', 'PENDING_APPROVAL', 'APPROVED', 31, '采购主管006', '审批通过', '2026-03-18 07:00:00'),
    (133, 67, 'SUBMIT', 'DRAFT', 'PENDING_APPROVAL', 17, '采购员007', '提交采购申请', '2026-03-18 05:00:00'),
    (134, 67, 'APPROVE', 'PENDING_APPROVAL', 'APPROVED', 32, '采购主管007', '审批通过', '2026-03-18 13:00:00'),
    (135, 68, 'SUBMIT', 'DRAFT', 'PENDING_APPROVAL', 18, '采购员008', '提交采购申请', '2026-03-18 11:00:00'),
    (136, 68, 'APPROVE', 'PENDING_APPROVAL', 'APPROVED', 33, '采购主管008', '审批通过', '2026-03-18 19:00:00'),
    (137, 69, 'SUBMIT', 'DRAFT', 'PENDING_APPROVAL', 19, '采购员009', '提交采购申请', '2026-03-18 17:00:00'),
    (138, 69, 'APPROVE', 'PENDING_APPROVAL', 'APPROVED', 34, '采购主管009', '审批通过', '2026-03-19 01:00:00'),
    (139, 70, 'SUBMIT', 'DRAFT', 'PENDING_APPROVAL', 20, '采购员010', '提交采购申请', '2026-03-18 23:00:00'),
    (140, 70, 'APPROVE', 'PENDING_APPROVAL', 'APPROVED', 35, '采购主管010', '审批通过', '2026-03-19 07:00:00'),
    (141, 71, 'SUBMIT', 'DRAFT', 'PENDING_APPROVAL', 21, '采购员011', '首次提交采购申请', '2026-03-19 05:00:00'),
    (142, 71, 'REJECT', 'PENDING_APPROVAL', 'REJECTED', 26, '采购主管001', '驳回后补充资料', '2026-03-19 15:00:00'),
    (143, 71, 'RESUBMIT', 'REJECTED', 'PENDING_APPROVAL', 21, '采购员011', '补充资料后重新提交', '2026-03-20 19:00:00'),
    (144, 71, 'APPROVE', 'PENDING_APPROVAL', 'APPROVED', 26, '采购主管001', '再次审批通过', '2026-03-21 03:00:00'),
    (145, 72, 'SUBMIT', 'DRAFT', 'PENDING_APPROVAL', 22, '采购员012', '首次提交采购申请', '2026-03-19 11:00:00'),
    (146, 72, 'REJECT', 'PENDING_APPROVAL', 'REJECTED', 27, '采购主管002', '驳回后补充资料', '2026-03-19 21:00:00'),
    (147, 72, 'RESUBMIT', 'REJECTED', 'PENDING_APPROVAL', 22, '采购员012', '补充资料后重新提交', '2026-03-21 01:00:00'),
    (148, 72, 'APPROVE', 'PENDING_APPROVAL', 'APPROVED', 27, '采购主管002', '再次审批通过', '2026-03-21 09:00:00'),
    (149, 73, 'SUBMIT', 'DRAFT', 'PENDING_APPROVAL', 23, '采购员013', '首次提交采购申请', '2026-03-19 17:00:00'),
    (150, 73, 'REJECT', 'PENDING_APPROVAL', 'REJECTED', 28, '采购主管003', '驳回后补充资料', '2026-03-20 03:00:00'),
    (151, 73, 'RESUBMIT', 'REJECTED', 'PENDING_APPROVAL', 23, '采购员013', '补充资料后重新提交', '2026-03-21 07:00:00'),
    (152, 73, 'APPROVE', 'PENDING_APPROVAL', 'APPROVED', 28, '采购主管003', '再次审批通过', '2026-03-21 15:00:00'),
    (153, 74, 'SUBMIT', 'DRAFT', 'PENDING_APPROVAL', 24, '采购员014', '首次提交采购申请', '2026-03-19 23:00:00'),
    (154, 74, 'REJECT', 'PENDING_APPROVAL', 'REJECTED', 29, '采购主管004', '驳回后补充资料', '2026-03-20 09:00:00'),
    (155, 74, 'RESUBMIT', 'REJECTED', 'PENDING_APPROVAL', 24, '采购员014', '补充资料后重新提交', '2026-03-21 13:00:00'),
    (156, 74, 'APPROVE', 'PENDING_APPROVAL', 'APPROVED', 29, '采购主管004', '再次审批通过', '2026-03-21 21:00:00'),
    (157, 75, 'SUBMIT', 'DRAFT', 'PENDING_APPROVAL', 25, '采购员015', '首次提交采购申请', '2026-03-20 05:00:00'),
    (158, 75, 'REJECT', 'PENDING_APPROVAL', 'REJECTED', 30, '采购主管005', '驳回后补充资料', '2026-03-20 15:00:00'),
    (159, 75, 'RESUBMIT', 'REJECTED', 'PENDING_APPROVAL', 25, '采购员015', '补充资料后重新提交', '2026-03-21 19:00:00'),
    (160, 75, 'APPROVE', 'PENDING_APPROVAL', 'APPROVED', 30, '采购主管005', '再次审批通过', '2026-03-22 03:00:00'),
    (161, 76, 'SUBMIT', 'DRAFT', 'PENDING_APPROVAL', 11, '采购员001', '首次提交采购申请', '2026-03-20 11:00:00'),
    (162, 76, 'REJECT', 'PENDING_APPROVAL', 'REJECTED', 31, '采购主管006', '驳回后补充资料', '2026-03-20 21:00:00'),
    (163, 76, 'RESUBMIT', 'REJECTED', 'PENDING_APPROVAL', 11, '采购员001', '补充资料后重新提交', '2026-03-22 01:00:00'),
    (164, 76, 'APPROVE', 'PENDING_APPROVAL', 'APPROVED', 31, '采购主管006', '再次审批通过', '2026-03-22 09:00:00'),
    (165, 77, 'SUBMIT', 'DRAFT', 'PENDING_APPROVAL', 12, '采购员002', '首次提交采购申请', '2026-03-20 17:00:00'),
    (166, 77, 'REJECT', 'PENDING_APPROVAL', 'REJECTED', 32, '采购主管007', '驳回后补充资料', '2026-03-21 03:00:00'),
    (167, 77, 'RESUBMIT', 'REJECTED', 'PENDING_APPROVAL', 12, '采购员002', '补充资料后重新提交', '2026-03-22 07:00:00'),
    (168, 77, 'APPROVE', 'PENDING_APPROVAL', 'APPROVED', 32, '采购主管007', '再次审批通过', '2026-03-22 15:00:00'),
    (169, 78, 'SUBMIT', 'DRAFT', 'PENDING_APPROVAL', 13, '采购员003', '首次提交采购申请', '2026-03-20 23:00:00'),
    (170, 78, 'REJECT', 'PENDING_APPROVAL', 'REJECTED', 33, '采购主管008', '驳回后补充资料', '2026-03-21 09:00:00'),
    (171, 78, 'RESUBMIT', 'REJECTED', 'PENDING_APPROVAL', 13, '采购员003', '补充资料后重新提交', '2026-03-22 13:00:00'),
    (172, 78, 'APPROVE', 'PENDING_APPROVAL', 'APPROVED', 33, '采购主管008', '再次审批通过', '2026-03-22 21:00:00'),
    (173, 79, 'SUBMIT', 'DRAFT', 'PENDING_APPROVAL', 14, '采购员004', '首次提交采购申请', '2026-03-21 05:00:00'),
    (174, 79, 'REJECT', 'PENDING_APPROVAL', 'REJECTED', 34, '采购主管009', '驳回后补充资料', '2026-03-21 15:00:00'),
    (175, 79, 'RESUBMIT', 'REJECTED', 'PENDING_APPROVAL', 14, '采购员004', '补充资料后重新提交', '2026-03-22 19:00:00'),
    (176, 79, 'APPROVE', 'PENDING_APPROVAL', 'APPROVED', 34, '采购主管009', '再次审批通过', '2026-03-23 03:00:00'),
    (177, 80, 'SUBMIT', 'DRAFT', 'PENDING_APPROVAL', 15, '采购员005', '首次提交采购申请', '2026-03-21 11:00:00'),
    (178, 80, 'REJECT', 'PENDING_APPROVAL', 'REJECTED', 35, '采购主管010', '驳回后补充资料', '2026-03-21 21:00:00'),
    (179, 80, 'RESUBMIT', 'REJECTED', 'PENDING_APPROVAL', 15, '采购员005', '补充资料后重新提交', '2026-03-23 01:00:00'),
    (180, 80, 'APPROVE', 'PENDING_APPROVAL', 'APPROVED', 35, '采购主管010', '再次审批通过', '2026-03-23 09:00:00'),
    (181, 81, 'SUBMIT', 'DRAFT', 'PENDING_APPROVAL', 16, '采购员006', '提交采购申请', '2026-03-21 17:00:00'),
    (182, 81, 'APPROVE', 'PENDING_APPROVAL', 'APPROVED', 26, '采购主管001', '审批通过', '2026-03-22 01:00:00'),
    (183, 82, 'SUBMIT', 'DRAFT', 'PENDING_APPROVAL', 17, '采购员007', '提交采购申请', '2026-03-21 23:00:00'),
    (184, 82, 'APPROVE', 'PENDING_APPROVAL', 'APPROVED', 27, '采购主管002', '审批通过', '2026-03-22 07:00:00'),
    (185, 83, 'SUBMIT', 'DRAFT', 'PENDING_APPROVAL', 18, '采购员008', '提交采购申请', '2026-03-22 05:00:00'),
    (186, 83, 'APPROVE', 'PENDING_APPROVAL', 'APPROVED', 28, '采购主管003', '审批通过', '2026-03-22 13:00:00'),
    (187, 84, 'SUBMIT', 'DRAFT', 'PENDING_APPROVAL', 19, '采购员009', '提交采购申请', '2026-03-22 11:00:00'),
    (188, 84, 'APPROVE', 'PENDING_APPROVAL', 'APPROVED', 29, '采购主管004', '审批通过', '2026-03-22 19:00:00'),
    (189, 85, 'SUBMIT', 'DRAFT', 'PENDING_APPROVAL', 20, '采购员010', '提交采购申请', '2026-03-22 17:00:00'),
    (190, 85, 'APPROVE', 'PENDING_APPROVAL', 'APPROVED', 30, '采购主管005', '审批通过', '2026-03-23 01:00:00'),
    (191, 86, 'SUBMIT', 'DRAFT', 'PENDING_APPROVAL', 21, '采购员011', '提交采购申请，等待审批', '2026-03-22 23:00:00'),
    (192, 87, 'SUBMIT', 'DRAFT', 'PENDING_APPROVAL', 22, '采购员012', '提交采购申请，等待审批', '2026-03-23 05:00:00'),
    (193, 88, 'SUBMIT', 'DRAFT', 'PENDING_APPROVAL', 23, '采购员013', '提交采购申请，等待审批', '2026-03-23 11:00:00'),
    (194, 89, 'SUBMIT', 'DRAFT', 'PENDING_APPROVAL', 24, '采购员014', '提交采购申请，等待审批', '2026-03-23 17:00:00'),
    (195, 90, 'SUBMIT', 'DRAFT', 'PENDING_APPROVAL', 25, '采购员015', '提交采购申请，等待审批', '2026-03-23 23:00:00'),
    (196, 91, 'SUBMIT', 'DRAFT', 'PENDING_APPROVAL', 11, '采购员001', '提交采购申请', '2026-03-24 05:00:00'),
    (197, 91, 'REJECT', 'PENDING_APPROVAL', 'REJECTED', 26, '采购主管001', '采购说明不完整，驳回修改', '2026-03-24 13:00:00'),
    (198, 92, 'SUBMIT', 'DRAFT', 'PENDING_APPROVAL', 12, '采购员002', '提交采购申请', '2026-03-24 11:00:00'),
    (199, 92, 'REJECT', 'PENDING_APPROVAL', 'REJECTED', 27, '采购主管002', '采购说明不完整，驳回修改', '2026-03-24 19:00:00'),
    (200, 93, 'SUBMIT', 'DRAFT', 'PENDING_APPROVAL', 13, '采购员003', '提交采购申请', '2026-03-24 17:00:00');

INSERT INTO `purchase_request_review` (`id`, `request_id`, `action_type`, `from_status`, `to_status`, `operator_id`, `operator_name`, `operate_note`, `operate_time`) VALUES
    (201, 93, 'REJECT', 'PENDING_APPROVAL', 'REJECTED', 28, '采购主管003', '采购说明不完整，驳回修改', '2026-03-25 01:00:00'),
    (202, 94, 'SUBMIT', 'DRAFT', 'PENDING_APPROVAL', 14, '采购员004', '提交采购申请', '2026-03-24 23:00:00'),
    (203, 94, 'REJECT', 'PENDING_APPROVAL', 'REJECTED', 29, '采购主管004', '采购说明不完整，驳回修改', '2026-03-25 07:00:00'),
    (204, 95, 'SUBMIT', 'DRAFT', 'PENDING_APPROVAL', 15, '采购员005', '提交采购申请', '2026-03-25 05:00:00'),
    (205, 95, 'REJECT', 'PENDING_APPROVAL', 'REJECTED', 30, '采购主管005', '采购说明不完整，驳回修改', '2026-03-25 13:00:00'),
    (206, 96, 'SUBMIT', 'DRAFT', 'PENDING_APPROVAL', 16, '采购员006', '提交采购申请', '2026-03-25 11:00:00'),
    (207, 96, 'WITHDRAW', 'PENDING_APPROVAL', 'WITHDRAWN', 16, '采购员006', '申请人主动撤回', '2026-03-25 14:00:00'),
    (208, 97, 'SUBMIT', 'DRAFT', 'PENDING_APPROVAL', 17, '采购员007', '提交采购申请', '2026-03-25 17:00:00'),
    (209, 97, 'WITHDRAW', 'PENDING_APPROVAL', 'WITHDRAWN', 17, '采购员007', '申请人主动撤回', '2026-03-25 20:00:00'),
    (210, 98, 'SUBMIT', 'DRAFT', 'PENDING_APPROVAL', 18, '采购员008', '提交采购申请', '2026-03-25 23:00:00'),
    (211, 98, 'WITHDRAW', 'PENDING_APPROVAL', 'WITHDRAWN', 18, '采购员008', '申请人主动撤回', '2026-03-26 02:00:00');

INSERT INTO `purchase_order` (`id`, `order_no`, `request_id`, `supplier_id`, `purchaser_id`, `plan_date`, `supplier_date`, `confirm_time`, `total_amount`, `status`, `supplier_note`, `close_time`, `close_reason`, `remark`, `create_time`, `update_time`, `deleted`) VALUES
    (1, 'PO2026040001', 1, 1, 11, '2026-03-22', NULL, NULL, 1636.50, 'WAIT_CONFIRM', '等待供应商确认', NULL, NULL, '采购订单样本 001', '2026-03-03 02:00:00', '2026-03-03 02:00:00', 0),
    (2, 'PO2026040002', 2, 2, 12, '2026-03-23', NULL, NULL, 3063.00, 'WAIT_CONFIRM', '等待供应商确认', NULL, NULL, '采购订单样本 002', '2026-03-03 09:00:00', '2026-03-03 09:00:00', 0),
    (3, 'PO2026040003', 3, 3, 13, '2026-03-25', NULL, NULL, 2062.50, 'WAIT_CONFIRM', '等待供应商确认', NULL, NULL, '采购订单样本 003', '2026-03-03 16:00:00', '2026-03-03 16:00:00', 0),
    (4, 'PO2026040004', 4, 4, 14, '2026-03-26', NULL, NULL, 3810.00, 'WAIT_CONFIRM', '等待供应商确认', NULL, NULL, '采购订单样本 004', '2026-03-03 23:00:00', '2026-03-03 23:00:00', 0),
    (5, 'PO2026040005', 5, 5, 15, '2026-03-27', NULL, NULL, 2440.50, 'WAIT_CONFIRM', '等待供应商确认', NULL, NULL, '采购订单样本 005', '2026-03-04 01:00:00', '2026-03-04 01:00:00', 0),
    (6, 'PO2026040006', 6, 6, 16, '2026-03-28', NULL, NULL, 2992.20, 'WAIT_CONFIRM', '等待供应商确认', NULL, NULL, '采购订单样本 006', '2026-03-04 08:00:00', '2026-03-04 08:00:00', 0),
    (7, 'PO2026040007', 7, 7, 17, '2026-03-30', NULL, NULL, 1104.90, 'WAIT_CONFIRM', '等待供应商确认', NULL, NULL, '采购订单样本 007', '2026-03-04 15:00:00', '2026-03-04 15:00:00', 0),
    (8, 'PO2026040008', 8, 8, 18, '2026-03-31', NULL, NULL, 2428.80, 'WAIT_CONFIRM', '等待供应商确认', NULL, NULL, '采购订单样本 008', '2026-03-04 22:00:00', '2026-03-04 22:00:00', 0),
    (9, 'PO2026040009', 9, 9, 19, '2026-03-23', NULL, NULL, 1007.70, 'WAIT_CONFIRM', '等待供应商确认', NULL, NULL, '采购订单样本 009', '2026-03-05 05:00:00', '2026-03-05 05:00:00', 0),
    (10, 'PO2026040010', 10, 10, 20, '2026-03-24', NULL, NULL, 2119.80, 'WAIT_CONFIRM', '等待供应商确认', NULL, NULL, '采购订单样本 010', '2026-03-05 07:00:00', '2026-03-05 07:00:00', 0),
    (11, 'PO2026040011', 11, 11, 21, '2026-03-26', '2026-03-25', '2026-03-06 02:00:00', 1920.40, 'IN_PROGRESS', '供应商已确认订单并反馈交期', NULL, NULL, '采购订单样本 011', '2026-03-05 14:00:00', '2026-03-06 02:00:00', 0),
    (12, 'PO2026040012', 12, 12, 22, '2026-03-27', '2026-03-27', '2026-03-06 09:00:00', 2790.00, 'IN_PROGRESS', '供应商已确认订单并反馈交期', NULL, NULL, '采购订单样本 012', '2026-03-05 21:00:00', '2026-03-06 09:00:00', 0),
    (13, 'PO2026040013', 13, 13, 23, '2026-03-28', '2026-03-29', '2026-03-06 16:00:00', 2451.60, 'IN_PROGRESS', '供应商已确认订单并反馈交期', NULL, NULL, '采购订单样本 013', '2026-03-06 04:00:00', '2026-03-06 16:00:00', 0),
    (14, 'PO2026040014', 14, 14, 24, '2026-03-29', '2026-03-31', '2026-03-06 23:00:00', 3412.20, 'IN_PROGRESS', '供应商已确认订单并反馈交期', NULL, NULL, '采购订单样本 014', '2026-03-06 11:00:00', '2026-03-06 23:00:00', 0),
    (15, 'PO2026040015', 15, 15, 25, '2026-03-31', '2026-03-29', '2026-03-07 01:00:00', 2142.80, 'IN_PROGRESS', '供应商已确认订单并反馈交期', NULL, NULL, '采购订单样本 015', '2026-03-06 13:00:00', '2026-03-07 01:00:00', 0),
    (16, 'PO2026040016', 16, 16, 11, '2026-04-01', '2026-03-31', '2026-03-07 08:00:00', 2661.60, 'IN_PROGRESS', '供应商已确认订单并反馈交期', NULL, NULL, '采购订单样本 016', '2026-03-06 20:00:00', '2026-03-07 08:00:00', 0),
    (17, 'PO2026040017', 17, 17, 12, '2026-04-02', '2026-04-02', '2026-03-07 15:00:00', 2088.40, 'IN_PROGRESS', '供应商已确认订单并反馈交期', NULL, NULL, '采购订单样本 017', '2026-03-07 03:00:00', '2026-03-07 15:00:00', 0),
    (18, 'PO2026040018', 18, 18, 13, '2026-03-25', '2026-03-26', '2026-03-07 22:00:00', 1330.20, 'IN_PROGRESS', '供应商已确认订单并反馈交期', NULL, NULL, '采购订单样本 018', '2026-03-07 10:00:00', '2026-03-07 22:00:00', 0),
    (19, 'PO2026040019', 19, 19, 14, '2026-03-27', '2026-03-29', '2026-03-08 05:00:00', 1184.40, 'IN_PROGRESS', '供应商已确认订单并反馈交期', NULL, NULL, '采购订单样本 019', '2026-03-07 17:00:00', '2026-03-08 05:00:00', 0),
    (20, 'PO2026040020', 20, 20, 15, '2026-03-28', '2026-03-26', '2026-03-08 07:00:00', 1923.60, 'IN_PROGRESS', '供应商已确认订单并反馈交期', NULL, NULL, '采购订单样本 020', '2026-03-07 19:00:00', '2026-03-08 07:00:00', 0),
    (21, 'PO2026040021', 21, 21, 16, '2026-03-29', '2026-03-28', '2026-03-08 14:00:00', 2420.80, 'IN_PROGRESS', '供应商已确认订单并反馈交期', NULL, NULL, '采购订单样本 021', '2026-03-08 02:00:00', '2026-03-08 14:00:00', 0),
    (22, 'PO2026040022', 22, 22, 17, '2026-03-30', '2026-03-30', '2026-03-08 21:00:00', 2469.00, 'IN_PROGRESS', '供应商已确认订单并反馈交期', NULL, NULL, '采购订单样本 022', '2026-03-08 09:00:00', '2026-03-08 21:00:00', 0),
    (23, 'PO2026040023', 23, 23, 18, '2026-04-01', '2026-04-02', '2026-03-09 04:00:00', 3057.20, 'IN_PROGRESS', '供应商已确认订单并反馈交期', NULL, NULL, '采购订单样本 023', '2026-03-08 16:00:00', '2026-03-09 04:00:00', 0),
    (24, 'PO2026040024', 24, 24, 19, '2026-04-02', '2026-04-04', '2026-03-09 11:00:00', 2966.40, 'IN_PROGRESS', '供应商已确认订单并反馈交期', NULL, NULL, '采购订单样本 024', '2026-03-08 23:00:00', '2026-03-09 11:00:00', 0),
    (25, 'PO2026040025', 25, 25, 20, '2026-04-03', '2026-04-01', '2026-03-09 13:00:00', 3045.60, 'IN_PROGRESS', '供应商已确认订单并反馈交期', NULL, NULL, '采购订单样本 025', '2026-03-09 01:00:00', '2026-03-09 13:00:00', 0),
    (26, 'PO2026040026', 26, 26, 21, '2026-04-04', '2026-04-03', '2026-03-09 20:00:00', 1375.80, 'IN_PROGRESS', '供应商已确认订单并反馈交期', NULL, NULL, '采购订单样本 026', '2026-03-09 08:00:00', '2026-03-09 20:00:00', 0),
    (27, 'PO2026040027', 27, 27, 22, '2026-03-28', '2026-03-28', '2026-03-10 03:00:00', 2184.40, 'IN_PROGRESS', '供应商已确认订单并反馈交期', NULL, NULL, '采购订单样本 027', '2026-03-09 15:00:00', '2026-03-10 03:00:00', 0),
    (28, 'PO2026040028', 28, 28, 23, '2026-03-29', '2026-03-30', '2026-03-10 10:00:00', 1210.80, 'IN_PROGRESS', '供应商已确认订单并反馈交期', NULL, NULL, '采购订单样本 028', '2026-03-09 22:00:00', '2026-03-10 10:00:00', 0),
    (29, 'PO2026040029', 29, 29, 24, '2026-03-30', '2026-04-01', '2026-03-10 17:00:00', 2348.10, 'IN_PROGRESS', '供应商已确认订单并反馈交期', NULL, NULL, '采购订单样本 029', '2026-03-10 05:00:00', '2026-03-10 17:00:00', 0),
    (30, 'PO2026040030', 30, 30, 25, '2026-03-31', '2026-03-29', '2026-03-10 19:00:00', 1679.40, 'IN_PROGRESS', '供应商已确认订单并反馈交期', NULL, NULL, '采购订单样本 030', '2026-03-10 07:00:00', '2026-03-10 19:00:00', 0),
    (31, 'PO2026040031', 31, 31, 11, '2026-04-02', '2026-04-01', '2026-03-11 02:00:00', 3137.70, 'PARTIAL_ARRIVAL', '供应商已确认订单并反馈交期', NULL, NULL, '采购订单样本 031', '2026-03-10 14:00:00', '2026-03-11 02:00:00', 0),
    (32, 'PO2026040032', 32, 32, 12, '2026-04-03', '2026-04-03', '2026-03-11 09:00:00', 2100.00, 'PARTIAL_ARRIVAL', '供应商已确认订单并反馈交期', NULL, NULL, '采购订单样本 032', '2026-03-10 21:00:00', '2026-03-11 09:00:00', 0),
    (33, 'PO2026040033', 33, 33, 13, '2026-04-04', '2026-04-05', '2026-03-11 16:00:00', 3879.30, 'PARTIAL_ARRIVAL', '供应商已确认订单并反馈交期', NULL, NULL, '采购订单样本 033', '2026-03-11 04:00:00', '2026-03-11 16:00:00', 0),
    (34, 'PO2026040034', 34, 34, 14, '2026-04-05', '2026-04-07', '2026-03-11 23:00:00', 2472.60, 'PARTIAL_ARRIVAL', '供应商已确认订单并反馈交期', NULL, NULL, '采购订单样本 034', '2026-03-11 11:00:00', '2026-03-11 23:00:00', 0),
    (35, 'PO2026040035', 35, 35, 15, '2026-04-07', '2026-04-05', '2026-03-12 01:00:00', 3060.90, 'PARTIAL_ARRIVAL', '供应商已确认订单并反馈交期', NULL, NULL, '采购订单样本 035', '2026-03-11 13:00:00', '2026-03-12 01:00:00', 0),
    (36, 'PO2026040036', 36, 36, 16, '2026-03-30', '2026-03-29', '2026-03-12 08:00:00', 1141.20, 'PARTIAL_ARRIVAL', '供应商已确认订单并反馈交期', NULL, NULL, '采购订单样本 036', '2026-03-11 20:00:00', '2026-03-12 08:00:00', 0),
    (37, 'PO2026040037', 37, 37, 17, '2026-03-31', '2026-03-31', '2026-03-12 15:00:00', 1010.10, 'PARTIAL_ARRIVAL', '供应商已确认订单并反馈交期', NULL, NULL, '采购订单样本 037', '2026-03-12 03:00:00', '2026-03-12 15:00:00', 0),
    (38, 'PO2026040038', 38, 38, 18, '2026-04-01', '2026-04-02', '2026-03-12 22:00:00', 2037.00, 'PARTIAL_ARRIVAL', '供应商已确认订单并反馈交期', NULL, NULL, '采购订单样本 038', '2026-03-12 10:00:00', '2026-03-12 22:00:00', 0),
    (39, 'PO2026040039', 39, 39, 19, '2026-04-03', '2026-04-05', '2026-03-13 05:00:00', 1464.90, 'PARTIAL_ARRIVAL', '供应商已确认订单并反馈交期', NULL, NULL, '采购订单样本 039', '2026-03-12 17:00:00', '2026-03-13 05:00:00', 0),
    (40, 'PO2026040040', 40, 40, 20, '2026-04-04', '2026-04-02', '2026-03-13 07:00:00', 2812.80, 'PARTIAL_ARRIVAL', '供应商已确认订单并反馈交期', NULL, NULL, '采购订单样本 040', '2026-03-12 19:00:00', '2026-03-13 07:00:00', 0),
    (41, 'PO2026040041', 41, 41, 21, '2026-04-05', '2026-04-04', '2026-03-13 14:00:00', 1871.70, 'PARTIAL_ARRIVAL', '供应商已确认订单并反馈交期', NULL, NULL, '采购订单样本 041', '2026-03-13 02:00:00', '2026-03-13 14:00:00', 0),
    (42, 'PO2026040042', 42, 42, 22, '2026-04-06', '2026-04-06', '2026-03-13 21:00:00', 3540.60, 'PARTIAL_ARRIVAL', '供应商已确认订单并反馈交期', NULL, NULL, '采购订单样本 042', '2026-03-13 09:00:00', '2026-03-13 21:00:00', 0),
    (43, 'PO2026040043', 43, 43, 23, '2026-04-08', '2026-04-09', '2026-03-14 04:00:00', 2230.50, 'PARTIAL_ARRIVAL', '供应商已确认订单并反馈交期', NULL, NULL, '采购订单样本 043', '2026-03-13 16:00:00', '2026-03-14 04:00:00', 0),
    (44, 'PO2026040044', 44, 44, 24, '2026-04-09', '2026-04-11', '2026-03-14 11:00:00', 2742.00, 'PARTIAL_ARRIVAL', '供应商已确认订单并反馈交期', NULL, NULL, '采购订单样本 044', '2026-03-13 23:00:00', '2026-03-14 11:00:00', 0),
    (45, 'PO2026040045', 45, 45, 25, '2026-04-01', '2026-03-30', '2026-03-14 13:00:00', 1634.10, 'PARTIAL_ARRIVAL', '供应商已确认订单并反馈交期', NULL, NULL, '采购订单样本 045', '2026-03-14 01:00:00', '2026-03-14 13:00:00', 0),
    (46, 'PO2026040046', 46, 46, 11, '2026-04-02', '2026-04-01', '2026-03-14 20:00:00', 2197.80, 'PARTIAL_ARRIVAL', '供应商已确认订单并反馈交期', NULL, NULL, '采购订单样本 046', '2026-03-14 08:00:00', '2026-03-14 20:00:00', 0),
    (47, 'PO2026040047', 47, 47, 12, '2026-04-04', '2026-04-04', '2026-03-15 03:00:00', 1162.00, 'PARTIAL_ARRIVAL', '供应商已确认订单并反馈交期', NULL, NULL, '采购订单样本 047', '2026-03-14 15:00:00', '2026-03-15 03:00:00', 0),
    (48, 'PO2026040048', 48, 48, 13, '2026-04-05', '2026-04-06', '2026-03-15 10:00:00', 1908.00, 'PARTIAL_ARRIVAL', '供应商已确认订单并反馈交期', NULL, NULL, '采购订单样本 048', '2026-03-14 22:00:00', '2026-03-15 10:00:00', 0),
    (49, 'PO2026040049', 49, 49, 14, '2026-04-06', '2026-04-08', '2026-03-15 17:00:00', 1722.00, 'PARTIAL_ARRIVAL', '供应商已确认订单并反馈交期', NULL, NULL, '采购订单样本 049', '2026-03-15 05:00:00', '2026-03-15 17:00:00', 0),
    (50, 'PO2026040050', 50, 50, 15, '2026-04-07', '2026-04-05', '2026-03-15 19:00:00', 2559.00, 'PARTIAL_ARRIVAL', '供应商已确认订单并反馈交期', NULL, NULL, '采购订单样本 050', '2026-03-15 07:00:00', '2026-03-15 19:00:00', 0),
    (51, 'PO2026040051', 51, 51, 16, '2026-04-09', '2026-04-08', '2026-03-16 02:00:00', 2234.00, 'PARTIAL_ARRIVAL', '供应商已确认订单并反馈交期', NULL, NULL, '采购订单样本 051', '2026-03-15 14:00:00', '2026-03-16 02:00:00', 0),
    (52, 'PO2026040052', 52, 52, 17, '2026-04-10', '2026-04-10', '2026-03-16 09:00:00', 3162.00, 'PARTIAL_ARRIVAL', '供应商已确认订单并反馈交期', NULL, NULL, '采购订单样本 052', '2026-03-15 21:00:00', '2026-03-16 09:00:00', 0),
    (53, 'PO2026040053', 53, 53, 18, '2026-04-11', '2026-04-12', '2026-03-16 16:00:00', 2698.00, 'PARTIAL_ARRIVAL', '供应商已确认订单并反馈交期', NULL, NULL, '采购订单样本 053', '2026-03-16 04:00:00', '2026-03-16 16:00:00', 0),
    (54, 'PO2026040054', 54, 54, 19, '2026-04-03', '2026-04-05', '2026-03-16 23:00:00', 2430.60, 'PARTIAL_ARRIVAL', '供应商已确认订单并反馈交期', NULL, NULL, '采购订单样本 054', '2026-03-16 11:00:00', '2026-03-16 23:00:00', 0),
    (55, 'PO2026040055', 55, 55, 20, '2026-04-05', '2026-04-03', '2026-03-17 01:00:00', 1909.20, 'PARTIAL_ARRIVAL', '供应商已确认订单并反馈交期', NULL, NULL, '采购订单样本 055', '2026-03-16 13:00:00', '2026-03-17 01:00:00', 0),
    (56, 'PO2026040056', 56, 56, 21, '2026-04-06', '2026-04-05', '2026-03-17 08:00:00', 1953.60, 'PARTIAL_ARRIVAL', '供应商已确认订单并反馈交期', NULL, NULL, '采购订单样本 056', '2026-03-16 20:00:00', '2026-03-17 08:00:00', 0),
    (57, 'PO2026040057', 57, 57, 22, '2026-04-07', '2026-04-07', '2026-03-17 15:00:00', 1530.40, 'PARTIAL_ARRIVAL', '供应商已确认订单并反馈交期', NULL, NULL, '采购订单样本 057', '2026-03-17 03:00:00', '2026-03-17 15:00:00', 0),
    (58, 'PO2026040058', 58, 58, 23, '2026-04-08', '2026-04-09', '2026-03-17 22:00:00', 1731.00, 'PARTIAL_ARRIVAL', '供应商已确认订单并反馈交期', NULL, NULL, '采购订单样本 058', '2026-03-17 10:00:00', '2026-03-17 22:00:00', 0),
    (59, 'PO2026040059', 59, 59, 24, '2026-04-10', '2026-04-12', '2026-03-18 05:00:00', 2195.60, 'PARTIAL_ARRIVAL', '供应商已确认订单并反馈交期', NULL, NULL, '采购订单样本 059', '2026-03-17 17:00:00', '2026-03-18 05:00:00', 0),
    (60, 'PO2026040060', 60, 60, 25, '2026-04-11', '2026-04-09', '2026-03-18 07:00:00', 2257.20, 'PARTIAL_ARRIVAL', '供应商已确认订单并反馈交期', NULL, NULL, '采购订单样本 060', '2026-03-17 19:00:00', '2026-03-18 07:00:00', 0),
    (61, 'PO2026040061', 61, 1, 11, '2026-04-12', '2026-04-11', '2026-03-18 14:00:00', 2812.80, 'COMPLETED', '供应商已确认订单并反馈交期', NULL, NULL, '采购订单样本 061', '2026-03-18 02:00:00', '2026-03-18 14:00:00', 0),
    (62, 'PO2026040062', 62, 2, 12, '2026-04-13', '2026-04-13', '2026-03-18 21:00:00', 2735.40, 'COMPLETED', '供应商已确认订单并反馈交期', NULL, NULL, '采购订单样本 062', '2026-03-18 09:00:00', '2026-03-18 21:00:00', 0),
    (63, 'PO2026040063', 63, 3, 13, '2026-04-06', '2026-04-07', '2026-03-19 04:00:00', 2820.40, 'COMPLETED', '供应商已确认订单并反馈交期', NULL, NULL, '采购订单样本 063', '2026-03-18 16:00:00', '2026-03-19 04:00:00', 0),
    (64, 'PO2026040064', 64, 4, 14, '2026-04-07', '2026-04-09', '2026-03-19 11:00:00', 2071.20, 'COMPLETED', '供应商已确认订单并反馈交期', NULL, NULL, '采购订单样本 064', '2026-03-18 23:00:00', '2026-03-19 11:00:00', 0),
    (65, 'PO2026040065', 65, 5, 15, '2026-04-08', '2026-04-06', '2026-03-19 13:00:00', 2472.90, 'COMPLETED', '供应商已确认订单并反馈交期', NULL, NULL, '采购订单样本 065', '2026-03-19 01:00:00', '2026-03-19 13:00:00', 0),
    (66, 'PO2026040066', 66, 6, 16, '2026-04-09', '2026-04-08', '2026-03-19 20:00:00', 1056.60, 'COMPLETED', '供应商已确认订单并反馈交期', NULL, NULL, '采购订单样本 066', '2026-03-19 08:00:00', '2026-03-19 20:00:00', 0),
    (67, 'PO2026040067', 67, 7, 17, '2026-04-11', '2026-04-11', '2026-03-20 03:00:00', 2115.30, 'COMPLETED', '供应商已确认订单并反馈交期', NULL, NULL, '采购订单样本 067', '2026-03-19 15:00:00', '2026-03-20 03:00:00', 0),
    (68, 'PO2026040068', 68, 8, 18, '2026-04-12', '2026-04-13', '2026-03-20 10:00:00', 1506.00, 'COMPLETED', '供应商已确认订单并反馈交期', NULL, NULL, '采购订单样本 068', '2026-03-19 22:00:00', '2026-03-20 10:00:00', 0),
    (69, 'PO2026040069', 69, 9, 19, '2026-04-13', '2026-04-15', '2026-03-20 17:00:00', 2885.70, 'COMPLETED', '供应商已确认订单并反馈交期', NULL, NULL, '采购订单样本 069', '2026-03-20 05:00:00', '2026-03-20 17:00:00', 0),
    (70, 'PO2026040070', 70, 10, 20, '2026-04-14', '2026-04-12', '2026-03-20 19:00:00', 1907.40, 'COMPLETED', '供应商已确认订单并反馈交期', NULL, NULL, '采购订单样本 070', '2026-03-20 07:00:00', '2026-03-20 19:00:00', 0),
    (71, 'PO2026040071', 71, 11, 21, '2026-04-16', '2026-04-15', '2026-03-22 16:00:00', 3608.10, 'COMPLETED', '供应商已确认订单并反馈交期', NULL, NULL, '采购订单样本 071', '2026-03-22 04:00:00', '2026-03-22 16:00:00', 0),
    (72, 'PO2026040072', 72, 12, 22, '2026-04-08', '2026-04-08', '2026-03-22 23:00:00', 2260.80, 'COMPLETED', '供应商已确认订单并反馈交期', NULL, NULL, '采购订单样本 072', '2026-03-22 11:00:00', '2026-03-22 23:00:00', 0),
    (73, 'PO2026040073', 73, 13, 23, '2026-04-09', '2026-04-10', '2026-03-23 06:00:00', 1828.50, 'COMPLETED', '供应商已确认订单并反馈交期', NULL, NULL, '采购订单样本 073', '2026-03-22 18:00:00', '2026-03-23 06:00:00', 0),
    (74, 'PO2026040074', 74, 14, 24, '2026-04-10', '2026-04-12', '2026-03-23 13:00:00', 2153.40, 'COMPLETED', '供应商已确认订单并反馈交期', NULL, NULL, '采购订单样本 074', '2026-03-23 01:00:00', '2026-03-23 13:00:00', 0),
    (75, 'PO2026040075', 75, 15, 25, '2026-04-12', '2026-04-10', '2026-03-23 15:00:00', 1438.50, 'COMPLETED', '供应商已确认订单并反馈交期', NULL, NULL, '采购订单样本 075', '2026-03-23 03:00:00', '2026-03-23 15:00:00', 0),
    (76, 'PO2026040076', 76, 16, 11, '2026-04-13', '2026-04-12', '2026-03-23 22:00:00', 1815.60, 'CLOSED', '供应商已确认订单并反馈交期', '2026-04-17 10:00:00', '阶段性采购结束，剩余数量不再执行', '采购订单样本 076', '2026-03-23 10:00:00', '2026-04-17 10:00:00', 0),
    (77, 'PO2026040077', 77, 17, 12, '2026-04-14', '2026-04-14', '2026-03-24 05:00:00', 1302.90, 'CLOSED', '供应商已确认订单并反馈交期', '2026-04-17 17:00:00', '阶段性采购结束，剩余数量不再执行', '采购订单样本 077', '2026-03-23 17:00:00', '2026-04-17 17:00:00', 0),
    (78, 'PO2026040078', 78, 18, 13, '2026-04-15', '2026-04-16', '2026-03-24 12:00:00', 2572.20, 'CLOSED', '供应商已确认订单并反馈交期', '2026-04-18 00:00:00', '阶段性采购结束，剩余数量不再执行', '采购订单样本 078', '2026-03-24 00:00:00', '2026-04-18 00:00:00', 0),
    (79, 'PO2026040079', 79, 19, 14, '2026-04-17', NULL, NULL, 1690.50, 'CANCELLED', '订单未确认，采购侧主动取消', '2026-03-26 07:00:00', '采购计划调整，订单取消', '采购订单样本 079', '2026-03-24 07:00:00', '2026-03-26 07:00:00', 0),
    (80, 'PO2026040080', 80, 20, 15, '2026-04-18', NULL, NULL, 3280.80, 'CANCELLED', '订单未确认，采购侧主动取消', '2026-03-26 09:00:00', '采购计划调整，订单取消', '采购订单样本 080', '2026-03-24 09:00:00', '2026-03-26 09:00:00', 0);

INSERT INTO `purchase_order_item` (`id`, `order_id`, `request_item_id`, `material_id`, `material_code`, `material_name`, `specification`, `unit`, `order_number`, `unit_price`, `line_amount`, `arrived_number`, `inbound_number`, `sort_number`, `remark`, `create_time`, `update_time`, `deleted`) VALUES
    (1, 1, 1, 1, 'MAT0001', '电子元件001', '规格-2-2', '个', 22.500, 12.70, 285.75, 0.000, 0.000, 1, '订单明细 001-1', '2026-03-03 02:08:00', '2026-03-03 02:08:00', 0),
    (2, 1, 2, 2, 'MAT0002', '五金耗材002', '规格-3-3', '件', 30.000, 17.40, 522.00, 0.000, 0.000, 2, '订单明细 001-2', '2026-03-03 02:16:00', '2026-03-03 02:16:00', 0),
    (3, 1, 3, 3, 'MAT0003', '包装材料003', '规格-4-4', '卷', 37.500, 22.10, 828.75, 0.000, 0.000, 3, '订单明细 001-3', '2026-03-03 02:24:00', '2026-03-03 02:24:00', 0),
    (4, 2, 4, 4, 'MAT0004', '办公耗材004', '规格-5-5', '箱', 27.500, 23.80, 654.50, 0.000, 0.000, 1, '订单明细 002-1', '2026-03-03 09:08:00', '2026-03-03 09:08:00', 0),
    (5, 2, 5, 5, 'MAT0005', '设备配件005', '规格-6-1', '套', 35.000, 28.50, 997.50, 0.000, 0.000, 2, '订单明细 002-2', '2026-03-03 09:16:00', '2026-03-03 09:16:00', 0),
    (6, 2, 6, 6, 'MAT0006', '化工辅料006', '规格-7-2', 'kg', 42.500, 33.20, 1411.00, 0.000, 0.000, 3, '订单明细 002-3', '2026-03-03 09:24:00', '2026-03-03 09:24:00', 0),
    (7, 3, 7, 7, 'MAT0007', '电子元件007', '规格-1-3', '个', 32.500, 11.90, 386.75, 0.000, 0.000, 1, '订单明细 003-1', '2026-03-03 16:08:00', '2026-03-03 16:08:00', 0),
    (8, 3, 8, 8, 'MAT0008', '五金耗材008', '规格-2-4', '件', 40.000, 16.60, 664.00, 0.000, 0.000, 2, '订单明细 003-2', '2026-03-03 16:16:00', '2026-03-03 16:16:00', 0),
    (9, 3, 9, 9, 'MAT0009', '包装材料009', '规格-3-5', '卷', 47.500, 21.30, 1011.75, 0.000, 0.000, 3, '订单明细 003-3', '2026-03-03 16:24:00', '2026-03-03 16:24:00', 0),
    (10, 4, 10, 10, 'MAT0010', '办公耗材010', '规格-4-1', '箱', 37.500, 23.00, 862.50, 0.000, 0.000, 1, '订单明细 004-1', '2026-03-03 23:08:00', '2026-03-03 23:08:00', 0),
    (11, 4, 11, 11, 'MAT0011', '设备配件011', '规格-5-2', '套', 45.000, 27.70, 1246.50, 0.000, 0.000, 2, '订单明细 004-2', '2026-03-03 23:16:00', '2026-03-03 23:16:00', 0),
    (12, 4, 12, 12, 'MAT0012', '化工辅料012', '规格-6-3', 'kg', 52.500, 32.40, 1701.00, 0.000, 0.000, 3, '订单明细 004-3', '2026-03-03 23:24:00', '2026-03-03 23:24:00', 0),
    (13, 5, 13, 13, 'MAT0013', '电子元件013', '规格-7-4', '个', 42.500, 11.10, 471.75, 0.000, 0.000, 1, '订单明细 005-1', '2026-03-04 01:08:00', '2026-03-04 01:08:00', 0),
    (14, 5, 14, 14, 'MAT0014', '五金耗材014', '规格-1-5', '件', 50.000, 15.80, 790.00, 0.000, 0.000, 2, '订单明细 005-2', '2026-03-04 01:16:00', '2026-03-04 01:16:00', 0),
    (15, 5, 15, 15, 'MAT0015', '包装材料015', '规格-2-1', '卷', 57.500, 20.50, 1178.75, 0.000, 0.000, 3, '订单明细 005-3', '2026-03-04 01:24:00', '2026-03-04 01:24:00', 0),
    (16, 6, 16, 16, 'MAT0016', '办公耗材016', '规格-3-2', '箱', 47.500, 22.20, 1054.50, 0.000, 0.000, 1, '订单明细 006-1', '2026-03-04 08:08:00', '2026-03-04 08:08:00', 0),
    (17, 6, 17, 17, 'MAT0017', '设备配件017', '规格-4-3', '套', 55.000, 26.90, 1479.50, 0.000, 0.000, 2, '订单明细 006-2', '2026-03-04 08:16:00', '2026-03-04 08:16:00', 0),
    (18, 6, 18, 18, 'MAT0018', '化工辅料018', '规格-5-4', 'kg', 14.500, 31.60, 458.20, 0.000, 0.000, 3, '订单明细 006-3', '2026-03-04 08:24:00', '2026-03-04 08:24:00', 0),
    (19, 7, 19, 19, 'MAT0019', '电子元件019', '规格-6-5', '个', 52.500, 10.30, 540.75, 0.000, 0.000, 1, '订单明细 007-1', '2026-03-04 15:08:00', '2026-03-04 15:08:00', 0),
    (20, 7, 20, 20, 'MAT0020', '五金耗材020', '规格-7-1', '件', 12.000, 15.00, 180.00, 0.000, 0.000, 2, '订单明细 007-2', '2026-03-04 15:16:00', '2026-03-04 15:16:00', 0),
    (21, 7, 21, 21, 'MAT0021', '包装材料021', '规格-1-2', '卷', 19.500, 19.70, 384.15, 0.000, 0.000, 3, '订单明细 007-3', '2026-03-04 15:24:00', '2026-03-04 15:24:00', 0),
    (22, 8, 22, 22, 'MAT0022', '办公耗材022', '规格-2-3', '箱', 57.500, 21.40, 1230.50, 0.000, 0.000, 1, '订单明细 008-1', '2026-03-04 22:08:00', '2026-03-04 22:08:00', 0),
    (23, 8, 23, 23, 'MAT0023', '设备配件023', '规格-3-4', '套', 17.000, 26.10, 443.70, 0.000, 0.000, 2, '订单明细 008-2', '2026-03-04 22:16:00', '2026-03-04 22:16:00', 0),
    (24, 8, 24, 24, 'MAT0024', '化工辅料024', '规格-4-5', 'kg', 24.500, 30.80, 754.60, 0.000, 0.000, 3, '订单明细 008-3', '2026-03-04 22:24:00', '2026-03-04 22:24:00', 0),
    (25, 9, 25, 25, 'MAT0025', '电子元件025', '规格-5-1', '个', 14.500, 9.50, 137.75, 0.000, 0.000, 1, '订单明细 009-1', '2026-03-05 05:08:00', '2026-03-05 05:08:00', 0),
    (26, 9, 26, 26, 'MAT0026', '五金耗材026', '规格-6-2', '件', 22.000, 14.20, 312.40, 0.000, 0.000, 2, '订单明细 009-2', '2026-03-05 05:16:00', '2026-03-05 05:16:00', 0),
    (27, 9, 27, 27, 'MAT0027', '包装材料027', '规格-7-3', '卷', 29.500, 18.90, 557.55, 0.000, 0.000, 3, '订单明细 009-3', '2026-03-05 05:24:00', '2026-03-05 05:24:00', 0),
    (28, 10, 28, 28, 'MAT0028', '办公耗材028', '规格-1-4', '箱', 19.500, 20.60, 401.70, 0.000, 0.000, 1, '订单明细 010-1', '2026-03-05 07:08:00', '2026-03-05 07:08:00', 0),
    (29, 10, 29, 29, 'MAT0029', '设备配件029', '规格-2-5', '套', 27.000, 25.30, 683.10, 0.000, 0.000, 2, '订单明细 010-2', '2026-03-05 07:16:00', '2026-03-05 07:16:00', 0),
    (30, 10, 30, 30, 'MAT0030', '化工辅料030', '规格-3-1', 'kg', 34.500, 30.00, 1035.00, 0.000, 0.000, 3, '订单明细 010-3', '2026-03-05 07:24:00', '2026-03-05 07:24:00', 0),
    (31, 11, 31, 31, 'MAT0031', '电子元件031', '规格-4-2', '个', 24.500, 31.70, 776.65, 0.000, 0.000, 1, '订单明细 011-1', '2026-03-05 14:08:00', '2026-03-05 14:08:00', 0),
    (32, 11, 32, 32, 'MAT0032', '五金耗材032', '规格-5-3', '件', 32.000, 13.40, 428.80, 0.000, 0.000, 2, '订单明细 011-2', '2026-03-05 14:16:00', '2026-03-05 14:16:00', 0),
    (33, 11, 33, 33, 'MAT0033', '包装材料033', '规格-6-4', '卷', 39.500, 18.10, 714.95, 0.000, 0.000, 3, '订单明细 011-3', '2026-03-05 14:24:00', '2026-03-05 14:24:00', 0),
    (34, 12, 34, 34, 'MAT0034', '办公耗材034', '规格-7-5', '箱', 29.500, 19.80, 584.10, 0.000, 0.000, 1, '订单明细 012-1', '2026-03-05 21:08:00', '2026-03-05 21:08:00', 0),
    (35, 12, 35, 35, 'MAT0035', '设备配件035', '规格-1-1', '套', 37.000, 24.50, 906.50, 0.000, 0.000, 2, '订单明细 012-2', '2026-03-05 21:16:00', '2026-03-05 21:16:00', 0),
    (36, 12, 36, 36, 'MAT0036', '化工辅料036', '规格-2-2', 'kg', 44.500, 29.20, 1299.40, 0.000, 0.000, 3, '订单明细 012-3', '2026-03-05 21:24:00', '2026-03-05 21:24:00', 0),
    (37, 13, 37, 37, 'MAT0037', '电子元件037', '规格-3-3', '个', 34.500, 30.90, 1066.05, 0.000, 0.000, 1, '订单明细 013-1', '2026-03-06 04:08:00', '2026-03-06 04:08:00', 0),
    (38, 13, 38, 38, 'MAT0038', '五金耗材038', '规格-4-4', '件', 42.000, 12.60, 529.20, 0.000, 0.000, 2, '订单明细 013-2', '2026-03-06 04:16:00', '2026-03-06 04:16:00', 0),
    (39, 13, 39, 39, 'MAT0039', '包装材料039', '规格-5-5', '卷', 49.500, 17.30, 856.35, 0.000, 0.000, 3, '订单明细 013-3', '2026-03-06 04:24:00', '2026-03-06 04:24:00', 0),
    (40, 14, 40, 40, 'MAT0040', '办公耗材040', '规格-6-1', '箱', 39.500, 19.00, 750.50, 0.000, 0.000, 1, '订单明细 014-1', '2026-03-06 11:08:00', '2026-03-06 11:08:00', 0),
    (41, 14, 41, 41, 'MAT0041', '设备配件041', '规格-7-2', '套', 47.000, 23.70, 1113.90, 0.000, 0.000, 2, '订单明细 014-2', '2026-03-06 11:16:00', '2026-03-06 11:16:00', 0),
    (42, 14, 42, 42, 'MAT0042', '化工辅料042', '规格-1-3', 'kg', 54.500, 28.40, 1547.80, 0.000, 0.000, 3, '订单明细 014-3', '2026-03-06 11:24:00', '2026-03-06 11:24:00', 0),
    (43, 15, 43, 43, 'MAT0043', '电子元件043', '规格-2-4', '个', 44.500, 30.10, 1339.45, 0.000, 0.000, 1, '订单明细 015-1', '2026-03-06 13:08:00', '2026-03-06 13:08:00', 0),
    (44, 15, 44, 44, 'MAT0044', '五金耗材044', '规格-3-5', '件', 52.000, 11.80, 613.60, 0.000, 0.000, 2, '订单明细 015-2', '2026-03-06 13:16:00', '2026-03-06 13:16:00', 0),
    (45, 15, 45, 45, 'MAT0045', '包装材料045', '规格-4-1', '卷', 11.500, 16.50, 189.75, 0.000, 0.000, 3, '订单明细 015-3', '2026-03-06 13:24:00', '2026-03-06 13:24:00', 0),
    (46, 16, 46, 46, 'MAT0046', '办公耗材046', '规格-5-2', '箱', 49.500, 18.20, 900.90, 0.000, 0.000, 1, '订单明细 016-1', '2026-03-06 20:08:00', '2026-03-06 20:08:00', 0),
    (47, 16, 47, 47, 'MAT0047', '设备配件047', '规格-6-3', '套', 57.000, 22.90, 1305.30, 0.000, 0.000, 2, '订单明细 016-2', '2026-03-06 20:16:00', '2026-03-06 20:16:00', 0),
    (48, 16, 48, 48, 'MAT0048', '化工辅料048', '规格-7-4', 'kg', 16.500, 27.60, 455.40, 0.000, 0.000, 3, '订单明细 016-3', '2026-03-06 20:24:00', '2026-03-06 20:24:00', 0),
    (49, 17, 49, 49, 'MAT0049', '电子元件049', '规格-1-5', '个', 54.500, 29.30, 1596.85, 0.000, 0.000, 1, '订单明细 017-1', '2026-03-07 03:08:00', '2026-03-07 03:08:00', 0),
    (50, 17, 50, 50, 'MAT0050', '五金耗材050', '规格-2-1', '件', 14.000, 11.00, 154.00, 0.000, 0.000, 2, '订单明细 017-2', '2026-03-07 03:16:00', '2026-03-07 03:16:00', 0),
    (51, 17, 51, 51, 'MAT0051', '包装材料051', '规格-3-2', '卷', 21.500, 15.70, 337.55, 0.000, 0.000, 3, '订单明细 017-3', '2026-03-07 03:24:00', '2026-03-07 03:24:00', 0),
    (52, 18, 52, 52, 'MAT0052', '办公耗材052', '规格-4-3', '箱', 11.500, 17.40, 200.10, 0.000, 0.000, 1, '订单明细 018-1', '2026-03-07 10:08:00', '2026-03-07 10:08:00', 0),
    (53, 18, 53, 53, 'MAT0053', '设备配件053', '规格-5-4', '套', 19.000, 22.10, 419.90, 0.000, 0.000, 2, '订单明细 018-2', '2026-03-07 10:16:00', '2026-03-07 10:16:00', 0),
    (54, 18, 54, 54, 'MAT0054', '化工辅料054', '规格-6-5', 'kg', 26.500, 26.80, 710.20, 0.000, 0.000, 3, '订单明细 018-3', '2026-03-07 10:24:00', '2026-03-07 10:24:00', 0),
    (55, 19, 55, 55, 'MAT0055', '电子元件055', '规格-7-1', '个', 16.500, 28.50, 470.25, 0.000, 0.000, 1, '订单明细 019-1', '2026-03-07 17:08:00', '2026-03-07 17:08:00', 0),
    (56, 19, 56, 56, 'MAT0056', '五金耗材056', '规格-1-2', '件', 24.000, 10.20, 244.80, 0.000, 0.000, 2, '订单明细 019-2', '2026-03-07 17:16:00', '2026-03-07 17:16:00', 0),
    (57, 19, 57, 57, 'MAT0057', '包装材料057', '规格-2-3', '卷', 31.500, 14.90, 469.35, 0.000, 0.000, 3, '订单明细 019-3', '2026-03-07 17:24:00', '2026-03-07 17:24:00', 0),
    (58, 20, 58, 58, 'MAT0058', '办公耗材058', '规格-3-4', '箱', 21.500, 16.60, 356.90, 0.000, 0.000, 1, '订单明细 020-1', '2026-03-07 19:08:00', '2026-03-07 19:08:00', 0),
    (59, 20, 59, 59, 'MAT0059', '设备配件059', '规格-4-5', '套', 29.000, 21.30, 617.70, 0.000, 0.000, 2, '订单明细 020-2', '2026-03-07 19:16:00', '2026-03-07 19:16:00', 0),
    (60, 20, 60, 60, 'MAT0060', '化工辅料060', '规格-5-1', 'kg', 36.500, 26.00, 949.00, 0.000, 0.000, 3, '订单明细 020-3', '2026-03-07 19:24:00', '2026-03-07 19:24:00', 0),
    (61, 21, 61, 61, 'MAT0061', '电子元件061', '规格-6-2', '个', 26.500, 27.70, 734.05, 0.000, 0.000, 1, '订单明细 021-1', '2026-03-08 02:08:00', '2026-03-08 02:08:00', 0),
    (62, 21, 62, 62, 'MAT0062', '五金耗材062', '规格-7-3', '件', 34.000, 32.40, 1101.60, 0.000, 0.000, 2, '订单明细 021-2', '2026-03-08 02:16:00', '2026-03-08 02:16:00', 0),
    (63, 21, 63, 63, 'MAT0063', '包装材料063', '规格-1-4', '卷', 41.500, 14.10, 585.15, 0.000, 0.000, 3, '订单明细 021-3', '2026-03-08 02:24:00', '2026-03-08 02:24:00', 0),
    (64, 22, 64, 64, 'MAT0064', '办公耗材064', '规格-2-5', '箱', 31.500, 15.80, 497.70, 0.000, 0.000, 1, '订单明细 022-1', '2026-03-08 09:08:00', '2026-03-08 09:08:00', 0),
    (65, 22, 65, 65, 'MAT0065', '设备配件065', '规格-3-1', '套', 39.000, 20.50, 799.50, 0.000, 0.000, 2, '订单明细 022-2', '2026-03-08 09:16:00', '2026-03-08 09:16:00', 0),
    (66, 22, 66, 66, 'MAT0066', '化工辅料066', '规格-4-2', 'kg', 46.500, 25.20, 1171.80, 0.000, 0.000, 3, '订单明细 022-3', '2026-03-08 09:24:00', '2026-03-08 09:24:00', 0),
    (67, 23, 67, 67, 'MAT0067', '电子元件067', '规格-5-3', '个', 36.500, 26.90, 981.85, 0.000, 0.000, 1, '订单明细 023-1', '2026-03-08 16:08:00', '2026-03-08 16:08:00', 0),
    (68, 23, 68, 68, 'MAT0068', '五金耗材068', '规格-6-4', '件', 44.000, 31.60, 1390.40, 0.000, 0.000, 2, '订单明细 023-2', '2026-03-08 16:16:00', '2026-03-08 16:16:00', 0),
    (69, 23, 69, 69, 'MAT0069', '包装材料069', '规格-7-5', '卷', 51.500, 13.30, 684.95, 0.000, 0.000, 3, '订单明细 023-3', '2026-03-08 16:24:00', '2026-03-08 16:24:00', 0),
    (70, 24, 70, 70, 'MAT0070', '办公耗材070', '规格-1-1', '箱', 41.500, 15.00, 622.50, 0.000, 0.000, 1, '订单明细 024-1', '2026-03-08 23:08:00', '2026-03-08 23:08:00', 0),
    (71, 24, 71, 71, 'MAT0071', '设备配件071', '规格-2-2', '套', 49.000, 19.70, 965.30, 0.000, 0.000, 2, '订单明细 024-2', '2026-03-08 23:16:00', '2026-03-08 23:16:00', 0),
    (72, 24, 72, 72, 'MAT0072', '化工辅料072', '规格-3-3', 'kg', 56.500, 24.40, 1378.60, 0.000, 0.000, 3, '订单明细 024-3', '2026-03-08 23:24:00', '2026-03-08 23:24:00', 0),
    (73, 25, 73, 73, 'MAT0073', '电子元件073', '规格-4-4', '个', 46.500, 26.10, 1213.65, 0.000, 0.000, 1, '订单明细 025-1', '2026-03-09 01:08:00', '2026-03-09 01:08:00', 0),
    (74, 25, 74, 74, 'MAT0074', '五金耗材074', '规格-5-5', '件', 54.000, 30.80, 1663.20, 0.000, 0.000, 2, '订单明细 025-2', '2026-03-09 01:16:00', '2026-03-09 01:16:00', 0),
    (75, 25, 75, 75, 'MAT0075', '包装材料075', '规格-6-1', '卷', 13.500, 12.50, 168.75, 0.000, 0.000, 3, '订单明细 025-3', '2026-03-09 01:24:00', '2026-03-09 01:24:00', 0),
    (76, 26, 76, 76, 'MAT0076', '办公耗材076', '规格-7-2', '箱', 51.500, 14.20, 731.30, 0.000, 0.000, 1, '订单明细 026-1', '2026-03-09 08:08:00', '2026-03-09 08:08:00', 0),
    (77, 26, 77, 77, 'MAT0077', '设备配件077', '规格-1-3', '套', 11.000, 18.90, 207.90, 0.000, 0.000, 2, '订单明细 026-2', '2026-03-09 08:16:00', '2026-03-09 08:16:00', 0),
    (78, 26, 78, 78, 'MAT0078', '化工辅料078', '规格-2-4', 'kg', 18.500, 23.60, 436.60, 0.000, 0.000, 3, '订单明细 026-3', '2026-03-09 08:24:00', '2026-03-09 08:24:00', 0),
    (79, 27, 79, 79, 'MAT0079', '电子元件079', '规格-3-5', '个', 56.500, 25.30, 1429.45, 0.000, 0.000, 1, '订单明细 027-1', '2026-03-09 15:08:00', '2026-03-09 15:08:00', 0),
    (80, 27, 80, 80, 'MAT0080', '五金耗材080', '规格-4-1', '件', 16.000, 30.00, 480.00, 0.000, 0.000, 2, '订单明细 027-2', '2026-03-09 15:16:00', '2026-03-09 15:16:00', 0),
    (81, 27, 81, 81, 'MAT0081', '包装材料081', '规格-5-2', '卷', 23.500, 11.70, 274.95, 0.000, 0.000, 3, '订单明细 027-3', '2026-03-09 15:24:00', '2026-03-09 15:24:00', 0),
    (82, 28, 82, 82, 'MAT0082', '办公耗材082', '规格-6-3', '箱', 13.500, 13.40, 180.90, 0.000, 0.000, 1, '订单明细 028-1', '2026-03-09 22:08:00', '2026-03-09 22:08:00', 0),
    (83, 28, 83, 83, 'MAT0083', '设备配件083', '规格-7-4', '套', 21.000, 18.10, 380.10, 0.000, 0.000, 2, '订单明细 028-2', '2026-03-09 22:16:00', '2026-03-09 22:16:00', 0),
    (84, 28, 84, 84, 'MAT0084', '化工辅料084', '规格-1-5', 'kg', 28.500, 22.80, 649.80, 0.000, 0.000, 3, '订单明细 028-3', '2026-03-09 22:24:00', '2026-03-09 22:24:00', 0),
    (85, 29, 85, 85, 'MAT0085', '电子元件085', '规格-2-1', '个', 18.500, 24.50, 453.25, 0.000, 0.000, 1, '订单明细 029-1', '2026-03-10 05:08:00', '2026-03-10 05:08:00', 0),
    (86, 29, 86, 86, 'MAT0086', '五金耗材086', '规格-3-2', '件', 26.000, 29.20, 759.20, 0.000, 0.000, 2, '订单明细 029-2', '2026-03-10 05:16:00', '2026-03-10 05:16:00', 0),
    (87, 29, 87, 87, 'MAT0087', '包装材料087', '规格-4-3', '卷', 33.500, 33.90, 1135.65, 0.000, 0.000, 3, '订单明细 029-3', '2026-03-10 05:24:00', '2026-03-10 05:24:00', 0),
    (88, 30, 88, 88, 'MAT0088', '办公耗材088', '规格-5-4', '箱', 23.500, 12.60, 296.10, 0.000, 0.000, 1, '订单明细 030-1', '2026-03-10 07:08:00', '2026-03-10 07:08:00', 0),
    (89, 30, 89, 89, 'MAT0089', '设备配件089', '规格-6-5', '套', 31.000, 17.30, 536.30, 0.000, 0.000, 2, '订单明细 030-2', '2026-03-10 07:16:00', '2026-03-10 07:16:00', 0),
    (90, 30, 90, 90, 'MAT0090', '化工辅料090', '规格-7-1', 'kg', 38.500, 22.00, 847.00, 0.000, 0.000, 3, '订单明细 030-3', '2026-03-10 07:24:00', '2026-03-10 07:24:00', 0),
    (91, 31, 91, 91, 'MAT0091', '电子元件091', '规格-1-2', '个', 28.500, 23.70, 675.45, 28.500, 28.500, 1, '订单明细 031-1', '2026-03-10 14:08:00', '2026-03-10 14:08:00', 0),
    (92, 31, 92, 92, 'MAT0092', '五金耗材092', '规格-2-3', '件', 36.000, 28.40, 1022.40, 36.000, 36.000, 2, '订单明细 031-2', '2026-03-10 14:16:00', '2026-03-10 14:16:00', 0),
    (93, 31, 93, 93, 'MAT0093', '包装材料093', '规格-3-4', '卷', 43.500, 33.10, 1439.85, 43.500, 43.500, 3, '订单明细 031-3', '2026-03-10 14:24:00', '2026-03-10 14:24:00', 0),
    (94, 32, 94, 94, 'MAT0094', '办公耗材094', '规格-4-5', '箱', 33.500, 11.80, 395.30, 33.500, 33.500, 1, '订单明细 032-1', '2026-03-10 21:08:00', '2026-03-10 21:08:00', 0),
    (95, 32, 95, 95, 'MAT0095', '设备配件095', '规格-5-1', '套', 41.000, 16.50, 676.50, 41.000, 41.000, 2, '订单明细 032-2', '2026-03-10 21:16:00', '2026-03-10 21:16:00', 0),
    (96, 32, 96, 96, 'MAT0096', '化工辅料096', '规格-6-2', 'kg', 48.500, 21.20, 1028.20, 48.500, 48.500, 3, '订单明细 032-3', '2026-03-10 21:24:00', '2026-03-10 21:24:00', 0),
    (97, 33, 97, 97, 'MAT0097', '电子元件097', '规格-7-3', '个', 38.500, 22.90, 881.65, 38.500, 37.422, 1, '订单明细 033-1', '2026-03-11 04:08:00', '2026-03-11 04:08:00', 0),
    (98, 33, 98, 98, 'MAT0098', '五金耗材098', '规格-1-4', '件', 46.000, 27.60, 1269.60, 46.000, 44.712, 2, '订单明细 033-2', '2026-03-11 04:16:00', '2026-03-11 04:16:00', 0),
    (99, 33, 99, 99, 'MAT0099', '包装材料099', '规格-2-5', '卷', 53.500, 32.30, 1728.05, 53.500, 52.002, 3, '订单明细 033-3', '2026-03-11 04:24:00', '2026-03-11 04:24:00', 0),
    (100, 34, 100, 100, 'MAT0100', '办公耗材100', '规格-3-1', '箱', 43.500, 11.00, 478.50, 43.500, 43.500, 1, '订单明细 034-1', '2026-03-11 11:08:00', '2026-03-11 11:08:00', 0),
    (101, 34, 101, 101, 'MAT0101', '设备配件101', '规格-4-2', '套', 51.000, 15.70, 800.70, 51.000, 51.000, 2, '订单明细 034-2', '2026-03-11 11:16:00', '2026-03-11 11:16:00', 0),
    (102, 34, 102, 102, 'MAT0102', '化工辅料102', '规格-5-3', 'kg', 58.500, 20.40, 1193.40, 58.500, 58.500, 3, '订单明细 034-3', '2026-03-11 11:24:00', '2026-03-11 11:24:00', 0),
    (103, 35, 103, 103, 'MAT0103', '电子元件103', '规格-6-4', '个', 48.500, 22.10, 1071.85, 48.500, 45.978, 1, '订单明细 035-1', '2026-03-11 13:08:00', '2026-03-11 13:08:00', 0),
    (104, 35, 104, 104, 'MAT0104', '五金耗材104', '规格-7-5', '件', 56.000, 26.80, 1500.80, 56.000, 53.088, 2, '订单明细 035-2', '2026-03-11 13:16:00', '2026-03-11 13:16:00', 0),
    (105, 35, 105, 105, 'MAT0105', '包装材料105', '规格-1-1', '卷', 15.500, 31.50, 488.25, 15.500, 14.694, 3, '订单明细 035-3', '2026-03-11 13:24:00', '2026-03-11 13:24:00', 0),
    (106, 36, 106, 106, 'MAT0106', '办公耗材106', '规格-2-2', '箱', 53.500, 10.20, 545.70, 53.500, 53.500, 1, '订单明细 036-1', '2026-03-11 20:08:00', '2026-03-11 20:08:00', 0),
    (107, 36, 107, 107, 'MAT0107', '设备配件107', '规格-3-3', '套', 13.000, 14.90, 193.70, 13.000, 13.000, 2, '订单明细 036-2', '2026-03-11 20:16:00', '2026-03-11 20:16:00', 0),
    (108, 36, 108, 108, 'MAT0108', '化工辅料108', '规格-4-4', 'kg', 20.500, 19.60, 401.80, 20.500, 20.500, 3, '订单明细 036-3', '2026-03-11 20:24:00', '2026-03-11 20:24:00', 0),
    (109, 37, 109, 1, 'MAT0001', '电子元件001', '规格-2-2', '个', 10.500, 12.70, 133.35, 10.500, 10.500, 1, '订单明细 037-1', '2026-03-12 03:08:00', '2026-03-12 03:08:00', 0),
    (110, 37, 110, 2, 'MAT0002', '五金耗材002', '规格-3-3', '件', 18.000, 17.40, 313.20, 18.000, 18.000, 2, '订单明细 037-2', '2026-03-12 03:16:00', '2026-03-12 03:16:00', 0),
    (111, 37, 111, 3, 'MAT0003', '包装材料003', '规格-4-4', '卷', 25.500, 22.10, 563.55, 25.500, 25.500, 3, '订单明细 037-3', '2026-03-12 03:24:00', '2026-03-12 03:24:00', 0),
    (112, 38, 112, 4, 'MAT0004', '办公耗材004', '规格-5-5', '箱', 15.500, 23.80, 368.90, 15.500, 15.066, 1, '订单明细 038-1', '2026-03-12 10:08:00', '2026-03-12 10:08:00', 0),
    (113, 38, 113, 5, 'MAT0005', '设备配件005', '规格-6-1', '套', 23.000, 28.50, 655.50, 23.000, 22.356, 2, '订单明细 038-2', '2026-03-12 10:16:00', '2026-03-12 10:16:00', 0),
    (114, 38, 114, 6, 'MAT0006', '化工辅料006', '规格-7-2', 'kg', 30.500, 33.20, 1012.60, 30.500, 29.646, 3, '订单明细 038-3', '2026-03-12 10:24:00', '2026-03-12 10:24:00', 0),
    (115, 39, 115, 7, 'MAT0007', '电子元件007', '规格-1-3', '个', 20.500, 11.90, 243.95, 20.500, 20.500, 1, '订单明细 039-1', '2026-03-12 17:08:00', '2026-03-12 17:08:00', 0),
    (116, 39, 116, 8, 'MAT0008', '五金耗材008', '规格-2-4', '件', 28.000, 16.60, 464.80, 28.000, 28.000, 2, '订单明细 039-2', '2026-03-12 17:16:00', '2026-03-12 17:16:00', 0),
    (117, 39, 117, 9, 'MAT0009', '包装材料009', '规格-3-5', '卷', 35.500, 21.30, 756.15, 35.500, 35.500, 3, '订单明细 039-3', '2026-03-12 17:24:00', '2026-03-12 17:24:00', 0),
    (118, 40, 118, 10, 'MAT0010', '办公耗材010', '规格-4-1', '箱', 25.500, 23.00, 586.50, 25.500, 24.174, 1, '订单明细 040-1', '2026-03-12 19:08:00', '2026-03-12 19:08:00', 0),
    (119, 40, 119, 11, 'MAT0011', '设备配件011', '规格-5-2', '套', 33.000, 27.70, 914.10, 33.000, 31.284, 2, '订单明细 040-2', '2026-03-12 19:16:00', '2026-03-12 19:16:00', 0),
    (120, 40, 120, 12, 'MAT0012', '化工辅料012', '规格-6-3', 'kg', 40.500, 32.40, 1312.20, 40.500, 38.394, 3, '订单明细 040-3', '2026-03-12 19:24:00', '2026-03-12 19:24:00', 0),
    (121, 41, 121, 13, 'MAT0013', '电子元件013', '规格-7-4', '个', 30.500, 11.10, 338.55, 30.500, 30.500, 1, '订单明细 041-1', '2026-03-13 02:08:00', '2026-03-13 02:08:00', 0),
    (122, 41, 122, 14, 'MAT0014', '五金耗材014', '规格-1-5', '件', 38.000, 15.80, 600.40, 38.000, 38.000, 2, '订单明细 041-2', '2026-03-13 02:16:00', '2026-03-13 02:16:00', 0),
    (123, 41, 123, 15, 'MAT0015', '包装材料015', '规格-2-1', '卷', 45.500, 20.50, 932.75, 45.500, 45.500, 3, '订单明细 041-3', '2026-03-13 02:24:00', '2026-03-13 02:24:00', 0),
    (124, 42, 124, 16, 'MAT0016', '办公耗材016', '规格-3-2', '箱', 35.500, 22.20, 788.10, 35.500, 35.500, 1, '订单明细 042-1', '2026-03-13 09:08:00', '2026-03-13 09:08:00', 0),
    (125, 42, 125, 17, 'MAT0017', '设备配件017', '规格-4-3', '套', 43.000, 26.90, 1156.70, 43.000, 43.000, 2, '订单明细 042-2', '2026-03-13 09:16:00', '2026-03-13 09:16:00', 0),
    (126, 42, 126, 18, 'MAT0018', '化工辅料018', '规格-5-4', 'kg', 50.500, 31.60, 1595.80, 50.500, 50.500, 3, '订单明细 042-3', '2026-03-13 09:24:00', '2026-03-13 09:24:00', 0),
    (127, 43, 127, 19, 'MAT0019', '电子元件019', '规格-6-5', '个', 40.500, 10.30, 417.15, 40.500, 39.366, 1, '订单明细 043-1', '2026-03-13 16:08:00', '2026-03-13 16:08:00', 0),
    (128, 43, 128, 20, 'MAT0020', '五金耗材020', '规格-7-1', '件', 48.000, 15.00, 720.00, 48.000, 46.656, 2, '订单明细 043-2', '2026-03-13 16:16:00', '2026-03-13 16:16:00', 0),
    (129, 43, 129, 21, 'MAT0021', '包装材料021', '规格-1-2', '卷', 55.500, 19.70, 1093.35, 55.500, 53.946, 3, '订单明细 043-3', '2026-03-13 16:24:00', '2026-03-13 16:24:00', 0),
    (130, 44, 130, 22, 'MAT0022', '办公耗材022', '规格-2-3', '箱', 45.500, 21.40, 973.70, 45.500, 45.500, 1, '订单明细 044-1', '2026-03-13 23:08:00', '2026-03-13 23:08:00', 0),
    (131, 44, 131, 23, 'MAT0023', '设备配件023', '规格-3-4', '套', 53.000, 26.10, 1383.30, 53.000, 53.000, 2, '订单明细 044-2', '2026-03-13 23:16:00', '2026-03-13 23:16:00', 0),
    (132, 44, 132, 24, 'MAT0024', '化工辅料024', '规格-4-5', 'kg', 12.500, 30.80, 385.00, 12.500, 12.500, 3, '订单明细 044-3', '2026-03-13 23:24:00', '2026-03-13 23:24:00', 0),
    (133, 45, 133, 25, 'MAT0025', '电子元件025', '规格-5-1', '个', 50.500, 9.50, 479.75, 50.500, 47.874, 1, '订单明细 045-1', '2026-03-14 01:08:00', '2026-03-14 01:08:00', 0),
    (134, 45, 134, 26, 'MAT0026', '五金耗材026', '规格-6-2', '件', 58.000, 14.20, 823.60, 58.000, 54.984, 2, '订单明细 045-2', '2026-03-14 01:16:00', '2026-03-14 01:16:00', 0),
    (135, 45, 135, 27, 'MAT0027', '包装材料027', '规格-7-3', '卷', 17.500, 18.90, 330.75, 17.500, 16.590, 3, '订单明细 045-3', '2026-03-14 01:24:00', '2026-03-14 01:24:00', 0),
    (136, 46, 136, 28, 'MAT0028', '办公耗材028', '规格-1-4', '箱', 55.500, 20.60, 1143.30, 55.500, 55.500, 1, '订单明细 046-1', '2026-03-14 08:08:00', '2026-03-14 08:08:00', 0),
    (137, 46, 137, 29, 'MAT0029', '设备配件029', '规格-2-5', '套', 15.000, 25.30, 379.50, 15.000, 15.000, 2, '订单明细 046-2', '2026-03-14 08:16:00', '2026-03-14 08:16:00', 0),
    (138, 46, 138, 30, 'MAT0030', '化工辅料030', '规格-3-1', 'kg', 22.500, 30.00, 675.00, 22.500, 22.500, 3, '订单明细 046-3', '2026-03-14 08:24:00', '2026-03-14 08:24:00', 0),
    (139, 47, 139, 31, 'MAT0031', '电子元件031', '规格-4-2', '个', 12.500, 31.70, 396.25, 12.500, 12.500, 1, '订单明细 047-1', '2026-03-14 15:08:00', '2026-03-14 15:08:00', 0),
    (140, 47, 140, 32, 'MAT0032', '五金耗材032', '规格-5-3', '件', 20.000, 13.40, 268.00, 20.000, 20.000, 2, '订单明细 047-2', '2026-03-14 15:16:00', '2026-03-14 15:16:00', 0),
    (141, 47, 141, 33, 'MAT0033', '包装材料033', '规格-6-4', '卷', 27.500, 18.10, 497.75, 27.500, 27.500, 3, '订单明细 047-3', '2026-03-14 15:24:00', '2026-03-14 15:24:00', 0),
    (142, 48, 142, 34, 'MAT0034', '办公耗材034', '规格-7-5', '箱', 17.500, 19.80, 346.50, 17.500, 5.635, 1, '订单明细 048-1', '2026-03-14 22:08:00', '2026-03-14 22:08:00', 0),
    (143, 48, 143, 35, 'MAT0035', '设备配件035', '规格-1-1', '套', 25.000, 24.50, 612.50, 25.000, 8.050, 2, '订单明细 048-2', '2026-03-14 22:16:00', '2026-03-14 22:16:00', 0),
    (144, 48, 144, 36, 'MAT0036', '化工辅料036', '规格-2-2', 'kg', 32.500, 29.20, 949.00, 32.500, 10.465, 3, '订单明细 048-3', '2026-03-14 22:24:00', '2026-03-14 22:24:00', 0),
    (145, 49, 145, 37, 'MAT0037', '电子元件037', '规格-3-3', '个', 22.500, 30.90, 695.25, 22.500, 0.000, 1, '订单明细 049-1', '2026-03-15 05:08:00', '2026-03-15 05:08:00', 0),
    (146, 49, 146, 38, 'MAT0038', '五金耗材038', '规格-4-4', '件', 30.000, 12.60, 378.00, 30.000, 0.000, 2, '订单明细 049-2', '2026-03-15 05:16:00', '2026-03-15 05:16:00', 0),
    (147, 49, 147, 39, 'MAT0039', '包装材料039', '规格-5-5', '卷', 37.500, 17.30, 648.75, 37.500, 0.000, 3, '订单明细 049-3', '2026-03-15 05:24:00', '2026-03-15 05:24:00', 0),
    (148, 50, 148, 40, 'MAT0040', '办公耗材040', '规格-6-1', '箱', 27.500, 19.00, 522.50, 27.500, 0.000, 1, '订单明细 050-1', '2026-03-15 07:08:00', '2026-03-15 07:08:00', 0),
    (149, 50, 149, 41, 'MAT0041', '设备配件041', '规格-7-2', '套', 35.000, 23.70, 829.50, 35.000, 0.000, 2, '订单明细 050-2', '2026-03-15 07:16:00', '2026-03-15 07:16:00', 0),
    (150, 50, 150, 42, 'MAT0042', '化工辅料042', '规格-1-3', 'kg', 42.500, 28.40, 1207.00, 42.500, 0.000, 3, '订单明细 050-3', '2026-03-15 07:24:00', '2026-03-15 07:24:00', 0),
    (151, 51, 151, 43, 'MAT0043', '电子元件043', '规格-2-4', '个', 32.500, 30.10, 978.25, 32.500, 0.000, 1, '订单明细 051-1', '2026-03-15 14:08:00', '2026-03-15 14:08:00', 0),
    (152, 51, 152, 44, 'MAT0044', '五金耗材044', '规格-3-5', '件', 40.000, 11.80, 472.00, 40.000, 0.000, 2, '订单明细 051-2', '2026-03-15 14:16:00', '2026-03-15 14:16:00', 0),
    (153, 51, 153, 45, 'MAT0045', '包装材料045', '规格-4-1', '卷', 47.500, 16.50, 783.75, 47.500, 0.000, 3, '订单明细 051-3', '2026-03-15 14:24:00', '2026-03-15 14:24:00', 0),
    (154, 52, 154, 46, 'MAT0046', '办公耗材046', '规格-5-2', '箱', 37.500, 18.20, 682.50, 37.500, 0.000, 1, '订单明细 052-1', '2026-03-15 21:08:00', '2026-03-15 21:08:00', 0),
    (155, 52, 155, 47, 'MAT0047', '设备配件047', '规格-6-3', '套', 45.000, 22.90, 1030.50, 45.000, 0.000, 2, '订单明细 052-2', '2026-03-15 21:16:00', '2026-03-15 21:16:00', 0),
    (156, 52, 156, 48, 'MAT0048', '化工辅料048', '规格-7-4', 'kg', 52.500, 27.60, 1449.00, 52.500, 0.000, 3, '订单明细 052-3', '2026-03-15 21:24:00', '2026-03-15 21:24:00', 0),
    (157, 53, 157, 49, 'MAT0049', '电子元件049', '规格-1-5', '个', 42.500, 29.30, 1245.25, 42.500, 0.000, 1, '订单明细 053-1', '2026-03-16 04:08:00', '2026-03-16 04:08:00', 0),
    (158, 53, 158, 50, 'MAT0050', '五金耗材050', '规格-2-1', '件', 50.000, 11.00, 550.00, 50.000, 0.000, 2, '订单明细 053-2', '2026-03-16 04:16:00', '2026-03-16 04:16:00', 0),
    (159, 53, 159, 51, 'MAT0051', '包装材料051', '规格-3-2', '卷', 57.500, 15.70, 902.75, 57.500, 0.000, 3, '订单明细 053-3', '2026-03-16 04:24:00', '2026-03-16 04:24:00', 0),
    (160, 54, 160, 52, 'MAT0052', '办公耗材052', '规格-4-3', '箱', 47.500, 17.40, 826.50, 47.500, 0.000, 1, '订单明细 054-1', '2026-03-16 11:08:00', '2026-03-16 11:08:00', 0),
    (161, 54, 161, 53, 'MAT0053', '设备配件053', '规格-5-4', '套', 55.000, 22.10, 1215.50, 55.000, 0.000, 2, '订单明细 054-2', '2026-03-16 11:16:00', '2026-03-16 11:16:00', 0),
    (162, 54, 162, 54, 'MAT0054', '化工辅料054', '规格-6-5', 'kg', 14.500, 26.80, 388.60, 14.500, 0.000, 3, '订单明细 054-3', '2026-03-16 11:24:00', '2026-03-16 11:24:00', 0),
    (163, 55, 163, 55, 'MAT0055', '电子元件055', '规格-7-1', '个', 52.500, 28.50, 1496.25, 52.500, 0.000, 1, '订单明细 055-1', '2026-03-16 13:08:00', '2026-03-16 13:08:00', 0),
    (164, 55, 164, 56, 'MAT0056', '五金耗材056', '规格-1-2', '件', 12.000, 10.20, 122.40, 12.000, 0.000, 2, '订单明细 055-2', '2026-03-16 13:16:00', '2026-03-16 13:16:00', 0),
    (165, 55, 165, 57, 'MAT0057', '包装材料057', '规格-2-3', '卷', 19.500, 14.90, 290.55, 19.500, 0.000, 3, '订单明细 055-3', '2026-03-16 13:24:00', '2026-03-16 13:24:00', 0),
    (166, 56, 166, 58, 'MAT0058', '办公耗材058', '规格-3-4', '箱', 57.500, 16.60, 954.50, 57.500, 0.000, 1, '订单明细 056-1', '2026-03-16 20:08:00', '2026-03-16 20:08:00', 0),
    (167, 56, 167, 59, 'MAT0059', '设备配件059', '规格-4-5', '套', 17.000, 21.30, 362.10, 17.000, 0.000, 2, '订单明细 056-2', '2026-03-16 20:16:00', '2026-03-16 20:16:00', 0),
    (168, 56, 168, 60, 'MAT0060', '化工辅料060', '规格-5-1', 'kg', 24.500, 26.00, 637.00, 24.500, 0.000, 3, '订单明细 056-3', '2026-03-16 20:24:00', '2026-03-16 20:24:00', 0),
    (169, 57, 169, 61, 'MAT0061', '电子元件061', '规格-6-2', '个', 14.500, 27.70, 401.65, 14.500, 0.000, 1, '订单明细 057-1', '2026-03-17 03:08:00', '2026-03-17 03:08:00', 0),
    (170, 57, 170, 62, 'MAT0062', '五金耗材062', '规格-7-3', '件', 22.000, 32.40, 712.80, 22.000, 0.000, 2, '订单明细 057-2', '2026-03-17 03:16:00', '2026-03-17 03:16:00', 0),
    (171, 57, 171, 63, 'MAT0063', '包装材料063', '规格-1-4', '卷', 29.500, 14.10, 415.95, 29.500, 0.000, 3, '订单明细 057-3', '2026-03-17 03:24:00', '2026-03-17 03:24:00', 0),
    (172, 58, 172, 64, 'MAT0064', '办公耗材064', '规格-2-5', '箱', 19.500, 15.80, 308.10, 19.500, 0.000, 1, '订单明细 058-1', '2026-03-17 10:08:00', '2026-03-17 10:08:00', 0),
    (173, 58, 173, 65, 'MAT0065', '设备配件065', '规格-3-1', '套', 27.000, 20.50, 553.50, 27.000, 0.000, 2, '订单明细 058-2', '2026-03-17 10:16:00', '2026-03-17 10:16:00', 0),
    (174, 58, 174, 66, 'MAT0066', '化工辅料066', '规格-4-2', 'kg', 34.500, 25.20, 869.40, 34.500, 0.000, 3, '订单明细 058-3', '2026-03-17 10:24:00', '2026-03-17 10:24:00', 0),
    (175, 59, 175, 67, 'MAT0067', '电子元件067', '规格-5-3', '个', 24.500, 26.90, 659.05, 24.500, 0.000, 1, '订单明细 059-1', '2026-03-17 17:08:00', '2026-03-17 17:08:00', 0),
    (176, 59, 176, 68, 'MAT0068', '五金耗材068', '规格-6-4', '件', 32.000, 31.60, 1011.20, 32.000, 0.000, 2, '订单明细 059-2', '2026-03-17 17:16:00', '2026-03-17 17:16:00', 0),
    (177, 59, 177, 69, 'MAT0069', '包装材料069', '规格-7-5', '卷', 39.500, 13.30, 525.35, 39.500, 0.000, 3, '订单明细 059-3', '2026-03-17 17:24:00', '2026-03-17 17:24:00', 0),
    (178, 60, 178, 70, 'MAT0070', '办公耗材070', '规格-1-1', '箱', 29.500, 15.00, 442.50, 29.500, 0.000, 1, '订单明细 060-1', '2026-03-17 19:08:00', '2026-03-17 19:08:00', 0),
    (179, 60, 179, 71, 'MAT0071', '设备配件071', '规格-2-2', '套', 37.000, 19.70, 728.90, 37.000, 0.000, 2, '订单明细 060-2', '2026-03-17 19:16:00', '2026-03-17 19:16:00', 0),
    (180, 60, 180, 72, 'MAT0072', '化工辅料072', '规格-3-3', 'kg', 44.500, 24.40, 1085.80, 44.500, 0.000, 3, '订单明细 060-3', '2026-03-17 19:24:00', '2026-03-17 19:24:00', 0),
    (181, 61, 181, 73, 'MAT0073', '电子元件073', '规格-4-4', '个', 34.500, 26.10, 900.45, 34.500, 34.500, 1, '订单明细 061-1', '2026-03-18 02:08:00', '2026-03-18 02:08:00', 0),
    (182, 61, 182, 74, 'MAT0074', '五金耗材074', '规格-5-5', '件', 42.000, 30.80, 1293.60, 42.000, 42.000, 2, '订单明细 061-2', '2026-03-18 02:16:00', '2026-03-18 02:16:00', 0),
    (183, 61, 183, 75, 'MAT0075', '包装材料075', '规格-6-1', '卷', 49.500, 12.50, 618.75, 49.500, 49.500, 3, '订单明细 061-3', '2026-03-18 02:24:00', '2026-03-18 02:24:00', 0),
    (184, 62, 184, 76, 'MAT0076', '办公耗材076', '规格-7-2', '箱', 39.500, 14.20, 560.90, 39.500, 39.500, 1, '订单明细 062-1', '2026-03-18 09:08:00', '2026-03-18 09:08:00', 0),
    (185, 62, 185, 77, 'MAT0077', '设备配件077', '规格-1-3', '套', 47.000, 18.90, 888.30, 47.000, 47.000, 2, '订单明细 062-2', '2026-03-18 09:16:00', '2026-03-18 09:16:00', 0),
    (186, 62, 186, 78, 'MAT0078', '化工辅料078', '规格-2-4', 'kg', 54.500, 23.60, 1286.20, 54.500, 54.500, 3, '订单明细 062-3', '2026-03-18 09:24:00', '2026-03-18 09:24:00', 0),
    (187, 63, 187, 79, 'MAT0079', '电子元件079', '规格-3-5', '个', 44.500, 25.30, 1125.85, 44.500, 44.500, 1, '订单明细 063-1', '2026-03-18 16:08:00', '2026-03-18 16:08:00', 0),
    (188, 63, 188, 80, 'MAT0080', '五金耗材080', '规格-4-1', '件', 52.000, 30.00, 1560.00, 52.000, 52.000, 2, '订单明细 063-2', '2026-03-18 16:16:00', '2026-03-18 16:16:00', 0),
    (189, 63, 189, 81, 'MAT0081', '包装材料081', '规格-5-2', '卷', 11.500, 11.70, 134.55, 11.500, 11.500, 3, '订单明细 063-3', '2026-03-18 16:24:00', '2026-03-18 16:24:00', 0),
    (190, 64, 190, 82, 'MAT0082', '办公耗材082', '规格-6-3', '箱', 49.500, 13.40, 663.30, 49.500, 49.500, 1, '订单明细 064-1', '2026-03-18 23:08:00', '2026-03-18 23:08:00', 0),
    (191, 64, 191, 83, 'MAT0083', '设备配件083', '规格-7-4', '套', 57.000, 18.10, 1031.70, 57.000, 57.000, 2, '订单明细 064-2', '2026-03-18 23:16:00', '2026-03-18 23:16:00', 0),
    (192, 64, 192, 84, 'MAT0084', '化工辅料084', '规格-1-5', 'kg', 16.500, 22.80, 376.20, 16.500, 16.500, 3, '订单明细 064-3', '2026-03-18 23:24:00', '2026-03-18 23:24:00', 0),
    (193, 65, 193, 85, 'MAT0085', '电子元件085', '规格-2-1', '个', 54.500, 24.50, 1335.25, 54.500, 54.500, 1, '订单明细 065-1', '2026-03-19 01:08:00', '2026-03-19 01:08:00', 0),
    (194, 65, 194, 86, 'MAT0086', '五金耗材086', '规格-3-2', '件', 14.000, 29.20, 408.80, 14.000, 14.000, 2, '订单明细 065-2', '2026-03-19 01:16:00', '2026-03-19 01:16:00', 0),
    (195, 65, 195, 87, 'MAT0087', '包装材料087', '规格-4-3', '卷', 21.500, 33.90, 728.85, 21.500, 21.500, 3, '订单明细 065-3', '2026-03-19 01:24:00', '2026-03-19 01:24:00', 0),
    (196, 66, 196, 88, 'MAT0088', '办公耗材088', '规格-5-4', '箱', 11.500, 12.60, 144.90, 11.500, 11.500, 1, '订单明细 066-1', '2026-03-19 08:08:00', '2026-03-19 08:08:00', 0),
    (197, 66, 197, 89, 'MAT0089', '设备配件089', '规格-6-5', '套', 19.000, 17.30, 328.70, 19.000, 19.000, 2, '订单明细 066-2', '2026-03-19 08:16:00', '2026-03-19 08:16:00', 0),
    (198, 66, 198, 90, 'MAT0090', '化工辅料090', '规格-7-1', 'kg', 26.500, 22.00, 583.00, 26.500, 26.500, 3, '订单明细 066-3', '2026-03-19 08:24:00', '2026-03-19 08:24:00', 0),
    (199, 67, 199, 91, 'MAT0091', '电子元件091', '规格-1-2', '个', 16.500, 23.70, 391.05, 16.500, 16.500, 1, '订单明细 067-1', '2026-03-19 15:08:00', '2026-03-19 15:08:00', 0),
    (200, 67, 200, 92, 'MAT0092', '五金耗材092', '规格-2-3', '件', 24.000, 28.40, 681.60, 24.000, 24.000, 2, '订单明细 067-2', '2026-03-19 15:16:00', '2026-03-19 15:16:00', 0);

INSERT INTO `purchase_order_item` (`id`, `order_id`, `request_item_id`, `material_id`, `material_code`, `material_name`, `specification`, `unit`, `order_number`, `unit_price`, `line_amount`, `arrived_number`, `inbound_number`, `sort_number`, `remark`, `create_time`, `update_time`, `deleted`) VALUES
    (201, 67, 201, 93, 'MAT0093', '包装材料093', '规格-3-4', '卷', 31.500, 33.10, 1042.65, 31.500, 31.500, 3, '订单明细 067-3', '2026-03-19 15:24:00', '2026-03-19 15:24:00', 0),
    (202, 68, 202, 94, 'MAT0094', '办公耗材094', '规格-4-5', '箱', 21.500, 11.80, 253.70, 21.500, 21.500, 1, '订单明细 068-1', '2026-03-19 22:08:00', '2026-03-19 22:08:00', 0),
    (203, 68, 203, 95, 'MAT0095', '设备配件095', '规格-5-1', '套', 29.000, 16.50, 478.50, 29.000, 29.000, 2, '订单明细 068-2', '2026-03-19 22:16:00', '2026-03-19 22:16:00', 0),
    (204, 68, 204, 96, 'MAT0096', '化工辅料096', '规格-6-2', 'kg', 36.500, 21.20, 773.80, 36.500, 36.500, 3, '订单明细 068-3', '2026-03-19 22:24:00', '2026-03-19 22:24:00', 0),
    (205, 69, 205, 97, 'MAT0097', '电子元件097', '规格-7-3', '个', 26.500, 22.90, 606.85, 26.500, 26.500, 1, '订单明细 069-1', '2026-03-20 05:08:00', '2026-03-20 05:08:00', 0),
    (206, 69, 206, 98, 'MAT0098', '五金耗材098', '规格-1-4', '件', 34.000, 27.60, 938.40, 34.000, 34.000, 2, '订单明细 069-2', '2026-03-20 05:16:00', '2026-03-20 05:16:00', 0),
    (207, 69, 207, 99, 'MAT0099', '包装材料099', '规格-2-5', '卷', 41.500, 32.30, 1340.45, 41.500, 41.500, 3, '订单明细 069-3', '2026-03-20 05:24:00', '2026-03-20 05:24:00', 0),
    (208, 70, 208, 100, 'MAT0100', '办公耗材100', '规格-3-1', '箱', 31.500, 11.00, 346.50, 31.500, 31.500, 1, '订单明细 070-1', '2026-03-20 07:08:00', '2026-03-20 07:08:00', 0),
    (209, 70, 209, 101, 'MAT0101', '设备配件101', '规格-4-2', '套', 39.000, 15.70, 612.30, 39.000, 39.000, 2, '订单明细 070-2', '2026-03-20 07:16:00', '2026-03-20 07:16:00', 0),
    (210, 70, 210, 102, 'MAT0102', '化工辅料102', '规格-5-3', 'kg', 46.500, 20.40, 948.60, 46.500, 46.500, 3, '订单明细 070-3', '2026-03-20 07:24:00', '2026-03-20 07:24:00', 0),
    (211, 71, 211, 103, 'MAT0103', '电子元件103', '规格-6-4', '个', 36.500, 22.10, 806.65, 36.500, 36.500, 1, '订单明细 071-1', '2026-03-22 04:08:00', '2026-03-22 04:08:00', 0),
    (212, 71, 212, 104, 'MAT0104', '五金耗材104', '规格-7-5', '件', 44.000, 26.80, 1179.20, 44.000, 44.000, 2, '订单明细 071-2', '2026-03-22 04:16:00', '2026-03-22 04:16:00', 0),
    (213, 71, 213, 105, 'MAT0105', '包装材料105', '规格-1-1', '卷', 51.500, 31.50, 1622.25, 51.500, 51.500, 3, '订单明细 071-3', '2026-03-22 04:24:00', '2026-03-22 04:24:00', 0),
    (214, 72, 214, 106, 'MAT0106', '办公耗材106', '规格-2-2', '箱', 41.500, 10.20, 423.30, 41.500, 41.500, 1, '订单明细 072-1', '2026-03-22 11:08:00', '2026-03-22 11:08:00', 0),
    (215, 72, 215, 107, 'MAT0107', '设备配件107', '规格-3-3', '套', 49.000, 14.90, 730.10, 49.000, 49.000, 2, '订单明细 072-2', '2026-03-22 11:16:00', '2026-03-22 11:16:00', 0),
    (216, 72, 216, 108, 'MAT0108', '化工辅料108', '规格-4-4', 'kg', 56.500, 19.60, 1107.40, 56.500, 56.500, 3, '订单明细 072-3', '2026-03-22 11:24:00', '2026-03-22 11:24:00', 0),
    (217, 73, 217, 1, 'MAT0001', '电子元件001', '规格-2-2', '个', 46.500, 12.70, 590.55, 46.500, 46.500, 1, '订单明细 073-1', '2026-03-22 18:08:00', '2026-03-22 18:08:00', 0),
    (218, 73, 218, 2, 'MAT0002', '五金耗材002', '规格-3-3', '件', 54.000, 17.40, 939.60, 54.000, 54.000, 2, '订单明细 073-2', '2026-03-22 18:16:00', '2026-03-22 18:16:00', 0),
    (219, 73, 219, 3, 'MAT0003', '包装材料003', '规格-4-4', '卷', 13.500, 22.10, 298.35, 13.500, 13.500, 3, '订单明细 073-3', '2026-03-22 18:24:00', '2026-03-22 18:24:00', 0),
    (220, 74, 220, 4, 'MAT0004', '办公耗材004', '规格-5-5', '箱', 51.500, 23.80, 1225.70, 51.500, 51.500, 1, '订单明细 074-1', '2026-03-23 01:08:00', '2026-03-23 01:08:00', 0),
    (221, 74, 221, 5, 'MAT0005', '设备配件005', '规格-6-1', '套', 11.000, 28.50, 313.50, 11.000, 11.000, 2, '订单明细 074-2', '2026-03-23 01:16:00', '2026-03-23 01:16:00', 0),
    (222, 74, 222, 6, 'MAT0006', '化工辅料006', '规格-7-2', 'kg', 18.500, 33.20, 614.20, 18.500, 18.500, 3, '订单明细 074-3', '2026-03-23 01:24:00', '2026-03-23 01:24:00', 0),
    (223, 75, 223, 7, 'MAT0007', '电子元件007', '规格-1-3', '个', 56.500, 11.90, 672.35, 56.500, 56.500, 1, '订单明细 075-1', '2026-03-23 03:08:00', '2026-03-23 03:08:00', 0),
    (224, 75, 224, 8, 'MAT0008', '五金耗材008', '规格-2-4', '件', 16.000, 16.60, 265.60, 16.000, 16.000, 2, '订单明细 075-2', '2026-03-23 03:16:00', '2026-03-23 03:16:00', 0),
    (225, 75, 225, 9, 'MAT0009', '包装材料009', '规格-3-5', '卷', 23.500, 21.30, 500.55, 23.500, 23.500, 3, '订单明细 075-3', '2026-03-23 03:24:00', '2026-03-23 03:24:00', 0),
    (226, 76, 226, 10, 'MAT0010', '办公耗材010', '规格-4-1', '箱', 13.500, 23.00, 310.50, 13.500, 0.000, 1, '订单明细 076-1', '2026-03-23 10:08:00', '2026-03-23 10:08:00', 0),
    (227, 76, 227, 11, 'MAT0011', '设备配件011', '规格-5-2', '套', 21.000, 27.70, 581.70, 21.000, 0.000, 2, '订单明细 076-2', '2026-03-23 10:16:00', '2026-03-23 10:16:00', 0),
    (228, 76, 228, 12, 'MAT0012', '化工辅料012', '规格-6-3', 'kg', 28.500, 32.40, 923.40, 28.500, 0.000, 3, '订单明细 076-3', '2026-03-23 10:24:00', '2026-03-23 10:24:00', 0),
    (229, 77, 229, 13, 'MAT0013', '电子元件013', '规格-7-4', '个', 18.500, 11.10, 205.35, 18.500, 0.000, 1, '订单明细 077-1', '2026-03-23 17:08:00', '2026-03-23 17:08:00', 0),
    (230, 77, 230, 14, 'MAT0014', '五金耗材014', '规格-1-5', '件', 26.000, 15.80, 410.80, 26.000, 0.000, 2, '订单明细 077-2', '2026-03-23 17:16:00', '2026-03-23 17:16:00', 0),
    (231, 77, 231, 15, 'MAT0015', '包装材料015', '规格-2-1', '卷', 33.500, 20.50, 686.75, 33.500, 0.000, 3, '订单明细 077-3', '2026-03-23 17:24:00', '2026-03-23 17:24:00', 0),
    (232, 78, 232, 16, 'MAT0016', '办公耗材016', '规格-3-2', '箱', 23.500, 22.20, 521.70, 23.500, 0.000, 1, '订单明细 078-1', '2026-03-24 00:08:00', '2026-03-24 00:08:00', 0),
    (233, 78, 233, 17, 'MAT0017', '设备配件017', '规格-4-3', '套', 31.000, 26.90, 833.90, 31.000, 0.000, 2, '订单明细 078-2', '2026-03-24 00:16:00', '2026-03-24 00:16:00', 0),
    (234, 78, 234, 18, 'MAT0018', '化工辅料018', '规格-5-4', 'kg', 38.500, 31.60, 1216.60, 38.500, 0.000, 3, '订单明细 078-3', '2026-03-24 00:24:00', '2026-03-24 00:24:00', 0),
    (235, 79, 235, 19, 'MAT0019', '电子元件019', '规格-6-5', '个', 28.500, 10.30, 293.55, 0.000, 0.000, 1, '订单明细 079-1', '2026-03-24 07:08:00', '2026-03-24 07:08:00', 0),
    (236, 79, 236, 20, 'MAT0020', '五金耗材020', '规格-7-1', '件', 36.000, 15.00, 540.00, 0.000, 0.000, 2, '订单明细 079-2', '2026-03-24 07:16:00', '2026-03-24 07:16:00', 0),
    (237, 79, 237, 21, 'MAT0021', '包装材料021', '规格-1-2', '卷', 43.500, 19.70, 856.95, 0.000, 0.000, 3, '订单明细 079-3', '2026-03-24 07:24:00', '2026-03-24 07:24:00', 0),
    (238, 80, 238, 22, 'MAT0022', '办公耗材022', '规格-2-3', '箱', 33.500, 21.40, 716.90, 0.000, 0.000, 1, '订单明细 080-1', '2026-03-24 09:08:00', '2026-03-24 09:08:00', 0),
    (239, 80, 239, 23, 'MAT0023', '设备配件023', '规格-3-4', '套', 41.000, 26.10, 1070.10, 0.000, 0.000, 2, '订单明细 080-2', '2026-03-24 09:16:00', '2026-03-24 09:16:00', 0),
    (240, 80, 240, 24, 'MAT0024', '化工辅料024', '规格-4-5', 'kg', 48.500, 30.80, 1493.80, 0.000, 0.000, 3, '订单明细 080-3', '2026-03-24 09:24:00', '2026-03-24 09:24:00', 0);

INSERT INTO `arrival` (`id`, `arrival_no`, `order_id`, `warehouse_id`, `arrival_date`, `arrival_number`, `qualified_number`, `unqualified_number`, `status`, `abnormal_note`, `operator_id`, `remark`, `create_time`, `update_time`, `deleted`) VALUES
    (1, 'AR2026040001', 61, 1, '2026-03-25', 37.800, 37.800, 0.000, 'NORMAL', NULL, 36, '到货记录样本 001', '2026-03-25 14:00:00', '2026-03-25 14:00:00', 0),
    (2, 'AR2026040002', 61, 1, '2026-03-28', 37.800, 37.800, 0.000, 'NORMAL', NULL, 36, '到货记录样本 002', '2026-03-28 14:00:00', '2026-03-28 14:00:00', 0),
    (3, 'AR2026040003', 61, 1, '2026-03-31', 50.400, 50.400, 0.000, 'NORMAL', NULL, 36, '到货记录样本 003', '2026-03-31 14:00:00', '2026-03-31 14:00:00', 0),
    (4, 'AR2026040004', 62, 2, '2026-03-26', 42.300, 42.300, 0.000, 'NORMAL', NULL, 37, '到货记录样本 004', '2026-03-26 14:00:00', '2026-03-26 14:00:00', 0),
    (5, 'AR2026040005', 62, 2, '2026-03-29', 42.300, 42.300, 0.000, 'ABNORMAL', '到货包装外观异常，已现场复核，不影响入库', 37, '到货记录样本 005', '2026-03-29 14:00:00', '2026-03-29 14:00:00', 0),
    (6, 'AR2026040006', 62, 2, '2026-04-01', 56.400, 56.400, 0.000, 'NORMAL', NULL, 37, '到货记录样本 006', '2026-04-01 14:00:00', '2026-04-01 14:00:00', 0),
    (7, 'AR2026040007', 63, 3, '2026-03-28', 32.400, 32.400, 0.000, 'NORMAL', NULL, 38, '到货记录样本 007', '2026-03-28 14:00:00', '2026-03-28 14:00:00', 0),
    (8, 'AR2026040008', 63, 3, '2026-03-31', 32.400, 32.400, 0.000, 'NORMAL', NULL, 38, '到货记录样本 008', '2026-03-31 14:00:00', '2026-03-31 14:00:00', 0),
    (9, 'AR2026040009', 63, 3, '2026-04-03', 43.200, 43.200, 0.000, 'NORMAL', NULL, 38, '到货记录样本 009', '2026-04-03 14:00:00', '2026-04-03 14:00:00', 0),
    (10, 'AR2026040010', 64, 4, '2026-03-26', 36.900, 36.900, 0.000, 'ABNORMAL', '到货包装外观异常，已现场复核，不影响入库', 39, '到货记录样本 010', '2026-03-26 14:00:00', '2026-03-26 14:00:00', 0),
    (11, 'AR2026040011', 64, 4, '2026-03-29', 36.900, 36.900, 0.000, 'NORMAL', NULL, 39, '到货记录样本 011', '2026-03-29 14:00:00', '2026-03-29 14:00:00', 0),
    (12, 'AR2026040012', 64, 4, '2026-04-01', 49.200, 49.200, 0.000, 'NORMAL', NULL, 39, '到货记录样本 012', '2026-04-01 14:00:00', '2026-04-01 14:00:00', 0),
    (13, 'AR2026040013', 65, 5, '2026-03-27', 27.000, 27.000, 0.000, 'NORMAL', NULL, 40, '到货记录样本 013', '2026-03-27 14:00:00', '2026-03-27 14:00:00', 0),
    (14, 'AR2026040014', 65, 5, '2026-03-30', 27.000, 27.000, 0.000, 'NORMAL', NULL, 40, '到货记录样本 014', '2026-03-30 14:00:00', '2026-03-30 14:00:00', 0),
    (15, 'AR2026040015', 65, 5, '2026-04-02', 36.000, 36.000, 0.000, 'ABNORMAL', '到货包装外观异常，已现场复核，不影响入库', 40, '到货记录样本 015', '2026-04-02 14:00:00', '2026-04-02 14:00:00', 0),
    (16, 'AR2026040016', 66, 6, '2026-03-28', 17.100, 17.100, 0.000, 'NORMAL', NULL, 41, '到货记录样本 016', '2026-03-28 14:00:00', '2026-03-28 14:00:00', 0),
    (17, 'AR2026040017', 66, 6, '2026-03-31', 17.100, 17.100, 0.000, 'NORMAL', NULL, 41, '到货记录样本 017', '2026-03-31 14:00:00', '2026-03-31 14:00:00', 0),
    (18, 'AR2026040018', 66, 6, '2026-04-03', 22.800, 22.800, 0.000, 'NORMAL', NULL, 41, '到货记录样本 018', '2026-04-03 14:00:00', '2026-04-03 14:00:00', 0),
    (19, 'AR2026040019', 67, 7, '2026-03-27', 21.600, 21.600, 0.000, 'NORMAL', NULL, 42, '到货记录样本 019', '2026-03-27 14:00:00', '2026-03-27 14:00:00', 0),
    (20, 'AR2026040020', 67, 7, '2026-03-30', 21.600, 21.600, 0.000, 'ABNORMAL', '到货包装外观异常，已现场复核，不影响入库', 42, '到货记录样本 020', '2026-03-30 14:00:00', '2026-03-30 14:00:00', 0),
    (21, 'AR2026040021', 67, 7, '2026-04-02', 28.800, 28.800, 0.000, 'NORMAL', NULL, 42, '到货记录样本 021', '2026-04-02 14:00:00', '2026-04-02 14:00:00', 0),
    (22, 'AR2026040022', 68, 8, '2026-03-28', 26.100, 26.100, 0.000, 'NORMAL', NULL, 43, '到货记录样本 022', '2026-03-28 14:00:00', '2026-03-28 14:00:00', 0),
    (23, 'AR2026040023', 68, 8, '2026-03-31', 26.100, 26.100, 0.000, 'NORMAL', NULL, 43, '到货记录样本 023', '2026-03-31 14:00:00', '2026-03-31 14:00:00', 0),
    (24, 'AR2026040024', 68, 8, '2026-04-03', 34.800, 34.800, 0.000, 'NORMAL', NULL, 43, '到货记录样本 024', '2026-04-03 14:00:00', '2026-04-03 14:00:00', 0),
    (25, 'AR2026040025', 69, 9, '2026-03-29', 30.600, 30.600, 0.000, 'ABNORMAL', '到货包装外观异常，已现场复核，不影响入库', 44, '到货记录样本 025', '2026-03-29 14:00:00', '2026-03-29 14:00:00', 0),
    (26, 'AR2026040026', 69, 9, '2026-04-01', 30.600, 30.600, 0.000, 'NORMAL', NULL, 44, '到货记录样本 026', '2026-04-01 14:00:00', '2026-04-01 14:00:00', 0),
    (27, 'AR2026040027', 69, 9, '2026-04-04', 40.800, 40.800, 0.000, 'NORMAL', NULL, 44, '到货记录样本 027', '2026-04-04 14:00:00', '2026-04-04 14:00:00', 0),
    (28, 'AR2026040028', 70, 10, '2026-03-27', 35.100, 35.100, 0.000, 'NORMAL', NULL, 45, '到货记录样本 028', '2026-03-27 14:00:00', '2026-03-27 14:00:00', 0),
    (29, 'AR2026040029', 70, 10, '2026-03-30', 35.100, 35.100, 0.000, 'NORMAL', NULL, 45, '到货记录样本 029', '2026-03-30 14:00:00', '2026-03-30 14:00:00', 0),
    (30, 'AR2026040030', 70, 10, '2026-04-02', 46.800, 46.800, 0.000, 'ABNORMAL', '到货包装外观异常，已现场复核，不影响入库', 45, '到货记录样本 030', '2026-04-02 14:00:00', '2026-04-02 14:00:00', 0),
    (31, 'AR2026040031', 71, 1, '2026-03-30', 39.600, 39.600, 0.000, 'NORMAL', NULL, 36, '到货记录样本 031', '2026-03-30 14:00:00', '2026-03-30 14:00:00', 0),
    (32, 'AR2026040032', 71, 1, '2026-04-02', 39.600, 39.600, 0.000, 'NORMAL', NULL, 36, '到货记录样本 032', '2026-04-02 14:00:00', '2026-04-02 14:00:00', 0),
    (33, 'AR2026040033', 71, 1, '2026-04-05', 52.800, 52.800, 0.000, 'NORMAL', NULL, 36, '到货记录样本 033', '2026-04-05 14:00:00', '2026-04-05 14:00:00', 0),
    (34, 'AR2026040034', 72, 2, '2026-03-31', 44.100, 44.100, 0.000, 'NORMAL', NULL, 37, '到货记录样本 034', '2026-03-31 14:00:00', '2026-03-31 14:00:00', 0),
    (35, 'AR2026040035', 72, 2, '2026-04-03', 44.100, 44.100, 0.000, 'ABNORMAL', '到货包装外观异常，已现场复核，不影响入库', 37, '到货记录样本 035', '2026-04-03 14:00:00', '2026-04-03 14:00:00', 0),
    (36, 'AR2026040036', 72, 2, '2026-04-06', 58.800, 58.800, 0.000, 'NORMAL', NULL, 37, '到货记录样本 036', '2026-04-06 14:00:00', '2026-04-06 14:00:00', 0),
    (37, 'AR2026040037', 73, 3, '2026-03-30', 34.200, 34.200, 0.000, 'NORMAL', NULL, 38, '到货记录样本 037', '2026-03-30 14:00:00', '2026-03-30 14:00:00', 0),
    (38, 'AR2026040038', 73, 3, '2026-04-02', 34.200, 34.200, 0.000, 'NORMAL', NULL, 38, '到货记录样本 038', '2026-04-02 14:00:00', '2026-04-02 14:00:00', 0),
    (39, 'AR2026040039', 73, 3, '2026-04-05', 45.600, 45.600, 0.000, 'NORMAL', NULL, 38, '到货记录样本 039', '2026-04-05 14:00:00', '2026-04-05 14:00:00', 0),
    (40, 'AR2026040040', 74, 4, '2026-03-31', 24.300, 24.300, 0.000, 'ABNORMAL', '到货包装外观异常，已现场复核，不影响入库', 39, '到货记录样本 040', '2026-03-31 14:00:00', '2026-03-31 14:00:00', 0),
    (41, 'AR2026040041', 74, 4, '2026-04-03', 24.300, 24.300, 0.000, 'NORMAL', NULL, 39, '到货记录样本 041', '2026-04-03 14:00:00', '2026-04-03 14:00:00', 0),
    (42, 'AR2026040042', 74, 4, '2026-04-06', 32.400, 32.400, 0.000, 'NORMAL', NULL, 39, '到货记录样本 042', '2026-04-06 14:00:00', '2026-04-06 14:00:00', 0),
    (43, 'AR2026040043', 75, 5, '2026-04-01', 28.800, 28.800, 0.000, 'NORMAL', NULL, 40, '到货记录样本 043', '2026-04-01 14:00:00', '2026-04-01 14:00:00', 0),
    (44, 'AR2026040044', 75, 5, '2026-04-04', 28.800, 28.800, 0.000, 'NORMAL', NULL, 40, '到货记录样本 044', '2026-04-04 14:00:00', '2026-04-04 14:00:00', 0),
    (45, 'AR2026040045', 75, 5, '2026-04-07', 38.400, 38.400, 0.000, 'NORMAL', NULL, 40, '到货记录样本 045', '2026-04-07 14:00:00', '2026-04-07 14:00:00', 0),
    (46, 'AR2026040046', 31, 1, '2026-03-20', 37.800, 37.800, 0.000, 'NORMAL', NULL, 36, '到货记录样本 046', '2026-03-20 14:00:00', '2026-03-20 14:00:00', 0),
    (47, 'AR2026040047', 31, 1, '2026-03-24', 70.200, 70.200, 0.000, 'NORMAL', NULL, 36, '到货记录样本 047', '2026-03-24 14:00:00', '2026-03-24 14:00:00', 0),
    (48, 'AR2026040048', 32, 2, '2026-03-21', 43.050, 43.050, 0.000, 'NORMAL', NULL, 37, '到货记录样本 048', '2026-03-21 14:00:00', '2026-03-21 14:00:00', 0),
    (49, 'AR2026040049', 32, 2, '2026-03-25', 79.950, 79.950, 0.000, 'NORMAL', NULL, 37, '到货记录样本 049', '2026-03-25 14:00:00', '2026-03-25 14:00:00', 0),
    (50, 'AR2026040050', 33, 3, '2026-03-22', 48.300, 44.436, 3.864, 'ABNORMAL', '到货存在少量破损，已记录异常', 38, '到货记录样本 050', '2026-03-22 14:00:00', '2026-03-22 14:00:00', 0),
    (51, 'AR2026040051', 33, 3, '2026-03-26', 89.700, 89.700, 0.000, 'NORMAL', NULL, 38, '到货记录样本 051', '2026-03-26 14:00:00', '2026-03-26 14:00:00', 0),
    (52, 'AR2026040052', 34, 4, '2026-03-23', 53.550, 53.550, 0.000, 'NORMAL', NULL, 39, '到货记录样本 052', '2026-03-23 14:00:00', '2026-03-23 14:00:00', 0),
    (53, 'AR2026040053', 34, 4, '2026-03-27', 99.450, 99.450, 0.000, 'NORMAL', NULL, 39, '到货记录样本 053', '2026-03-27 14:00:00', '2026-03-27 14:00:00', 0),
    (54, 'AR2026040054', 35, 5, '2026-03-21', 42.000, 42.000, 0.000, 'NORMAL', NULL, 40, '到货记录样本 054', '2026-03-21 14:00:00', '2026-03-21 14:00:00', 0),
    (55, 'AR2026040055', 35, 5, '2026-03-25', 78.000, 71.760, 6.240, 'ABNORMAL', '到货存在少量破损，已记录异常', 40, '到货记录样本 055', '2026-03-25 14:00:00', '2026-03-25 14:00:00', 0),
    (56, 'AR2026040056', 36, 6, '2026-03-22', 30.450, 30.450, 0.000, 'NORMAL', NULL, 41, '到货记录样本 056', '2026-03-22 14:00:00', '2026-03-22 14:00:00', 0),
    (57, 'AR2026040057', 36, 6, '2026-03-26', 56.550, 56.550, 0.000, 'NORMAL', NULL, 41, '到货记录样本 057', '2026-03-26 14:00:00', '2026-03-26 14:00:00', 0),
    (58, 'AR2026040058', 37, 7, '2026-03-23', 18.900, 18.900, 0.000, 'NORMAL', NULL, 42, '到货记录样本 058', '2026-03-23 14:00:00', '2026-03-23 14:00:00', 0),
    (59, 'AR2026040059', 37, 7, '2026-03-27', 35.100, 35.100, 0.000, 'NORMAL', NULL, 42, '到货记录样本 059', '2026-03-27 14:00:00', '2026-03-27 14:00:00', 0),
    (60, 'AR2026040060', 38, 8, '2026-03-24', 24.150, 22.218, 1.932, 'ABNORMAL', '到货存在少量破损，已记录异常', 43, '到货记录样本 060', '2026-03-24 14:00:00', '2026-03-24 14:00:00', 0),
    (61, 'AR2026040061', 38, 8, '2026-03-28', 44.850, 44.850, 0.000, 'NORMAL', NULL, 43, '到货记录样本 061', '2026-03-28 14:00:00', '2026-03-28 14:00:00', 0),
    (62, 'AR2026040062', 39, 9, '2026-03-22', 29.400, 29.400, 0.000, 'NORMAL', NULL, 44, '到货记录样本 062', '2026-03-22 14:00:00', '2026-03-22 14:00:00', 0),
    (63, 'AR2026040063', 39, 9, '2026-03-26', 54.600, 54.600, 0.000, 'NORMAL', NULL, 44, '到货记录样本 063', '2026-03-26 14:00:00', '2026-03-26 14:00:00', 0),
    (64, 'AR2026040064', 40, 10, '2026-03-23', 34.650, 34.650, 0.000, 'NORMAL', NULL, 45, '到货记录样本 064', '2026-03-23 14:00:00', '2026-03-23 14:00:00', 0),
    (65, 'AR2026040065', 40, 10, '2026-03-27', 64.350, 59.202, 5.148, 'ABNORMAL', '到货存在少量破损，已记录异常', 45, '到货记录样本 065', '2026-03-27 14:00:00', '2026-03-27 14:00:00', 0),
    (66, 'AR2026040066', 41, 1, '2026-03-24', 39.900, 39.900, 0.000, 'NORMAL', NULL, 36, '到货记录样本 066', '2026-03-24 14:00:00', '2026-03-24 14:00:00', 0),
    (67, 'AR2026040067', 41, 1, '2026-03-28', 74.100, 74.100, 0.000, 'NORMAL', NULL, 36, '到货记录样本 067', '2026-03-28 14:00:00', '2026-03-28 14:00:00', 0),
    (68, 'AR2026040068', 42, 2, '2026-03-25', 45.150, 45.150, 0.000, 'NORMAL', NULL, 37, '到货记录样本 068', '2026-03-25 14:00:00', '2026-03-25 14:00:00', 0),
    (69, 'AR2026040069', 42, 2, '2026-03-29', 83.850, 83.850, 0.000, 'NORMAL', NULL, 37, '到货记录样本 069', '2026-03-29 14:00:00', '2026-03-29 14:00:00', 0),
    (70, 'AR2026040070', 43, 3, '2026-03-23', 50.400, 46.368, 4.032, 'ABNORMAL', '到货存在少量破损，已记录异常', 38, '到货记录样本 070', '2026-03-23 14:00:00', '2026-03-23 14:00:00', 0),
    (71, 'AR2026040071', 43, 3, '2026-03-27', 93.600, 93.600, 0.000, 'NORMAL', NULL, 38, '到货记录样本 071', '2026-03-27 14:00:00', '2026-03-27 14:00:00', 0),
    (72, 'AR2026040072', 44, 4, '2026-03-24', 38.850, 38.850, 0.000, 'NORMAL', NULL, 39, '到货记录样本 072', '2026-03-24 14:00:00', '2026-03-24 14:00:00', 0),
    (73, 'AR2026040073', 44, 4, '2026-03-28', 72.150, 72.150, 0.000, 'NORMAL', NULL, 39, '到货记录样本 073', '2026-03-28 14:00:00', '2026-03-28 14:00:00', 0),
    (74, 'AR2026040074', 45, 5, '2026-03-25', 44.100, 44.100, 0.000, 'NORMAL', NULL, 40, '到货记录样本 074', '2026-03-25 14:00:00', '2026-03-25 14:00:00', 0),
    (75, 'AR2026040075', 45, 5, '2026-03-29', 81.900, 75.348, 6.552, 'ABNORMAL', '到货存在少量破损，已记录异常', 40, '到货记录样本 075', '2026-03-29 14:00:00', '2026-03-29 14:00:00', 0),
    (76, 'AR2026040076', 46, 6, '2026-03-26', 32.550, 32.550, 0.000, 'NORMAL', NULL, 41, '到货记录样本 076', '2026-03-26 14:00:00', '2026-03-26 14:00:00', 0),
    (77, 'AR2026040077', 46, 6, '2026-03-30', 60.450, 60.450, 0.000, 'NORMAL', NULL, 41, '到货记录样本 077', '2026-03-30 14:00:00', '2026-03-30 14:00:00', 0),
    (78, 'AR2026040078', 47, 7, '2026-03-24', 21.000, 21.000, 0.000, 'NORMAL', NULL, 42, '到货记录样本 078', '2026-03-24 14:00:00', '2026-03-24 14:00:00', 0),
    (79, 'AR2026040079', 47, 7, '2026-03-28', 39.000, 39.000, 0.000, 'NORMAL', NULL, 42, '到货记录样本 079', '2026-03-28 14:00:00', '2026-03-28 14:00:00', 0),
    (80, 'AR2026040080', 48, 8, '2026-03-25', 26.250, 24.150, 2.100, 'ABNORMAL', '到货存在少量破损，已记录异常', 43, '到货记录样本 080', '2026-03-25 14:00:00', '2026-03-25 14:00:00', 0),
    (81, 'AR2026040081', 48, 8, '2026-03-29', 48.750, 48.750, 0.000, 'NORMAL', NULL, 43, '到货记录样本 081', '2026-03-29 14:00:00', '2026-03-29 14:00:00', 0),
    (82, 'AR2026040082', 49, 9, '2026-03-26', 31.500, 31.500, 0.000, 'NORMAL', NULL, 44, '到货记录样本 082', '2026-03-26 14:00:00', '2026-03-26 14:00:00', 0),
    (83, 'AR2026040083', 49, 9, '2026-03-30', 58.500, 58.500, 0.000, 'NORMAL', NULL, 44, '到货记录样本 083', '2026-03-30 14:00:00', '2026-03-30 14:00:00', 0),
    (84, 'AR2026040084', 50, 10, '2026-03-27', 36.750, 36.750, 0.000, 'NORMAL', NULL, 45, '到货记录样本 084', '2026-03-27 14:00:00', '2026-03-27 14:00:00', 0),
    (85, 'AR2026040085', 50, 10, '2026-03-31', 68.250, 62.790, 5.460, 'ABNORMAL', '到货存在少量破损，已记录异常', 45, '到货记录样本 085', '2026-03-31 14:00:00', '2026-03-31 14:00:00', 0),
    (86, 'AR2026040086', 51, 1, '2026-03-25', 42.000, 42.000, 0.000, 'NORMAL', NULL, 36, '到货记录样本 086', '2026-03-25 14:00:00', '2026-03-25 14:00:00', 0),
    (87, 'AR2026040087', 51, 1, '2026-03-29', 78.000, 78.000, 0.000, 'NORMAL', NULL, 36, '到货记录样本 087', '2026-03-29 14:00:00', '2026-03-29 14:00:00', 0),
    (88, 'AR2026040088', 52, 2, '2026-03-26', 47.250, 47.250, 0.000, 'NORMAL', NULL, 37, '到货记录样本 088', '2026-03-26 14:00:00', '2026-03-26 14:00:00', 0),
    (89, 'AR2026040089', 52, 2, '2026-03-30', 87.750, 87.750, 0.000, 'NORMAL', NULL, 37, '到货记录样本 089', '2026-03-30 14:00:00', '2026-03-30 14:00:00', 0),
    (90, 'AR2026040090', 53, 3, '2026-03-27', 52.500, 48.300, 4.200, 'ABNORMAL', '到货存在少量破损，已记录异常', 38, '到货记录样本 090', '2026-03-27 14:00:00', '2026-03-27 14:00:00', 0),
    (91, 'AR2026040091', 53, 3, '2026-03-31', 97.500, 97.500, 0.000, 'NORMAL', NULL, 38, '到货记录样本 091', '2026-03-31 14:00:00', '2026-03-31 14:00:00', 0),
    (92, 'AR2026040092', 54, 4, '2026-03-28', 40.950, 40.950, 0.000, 'NORMAL', NULL, 39, '到货记录样本 092', '2026-03-28 14:00:00', '2026-03-28 14:00:00', 0),
    (93, 'AR2026040093', 54, 4, '2026-04-01', 76.050, 76.050, 0.000, 'NORMAL', NULL, 39, '到货记录样本 093', '2026-04-01 14:00:00', '2026-04-01 14:00:00', 0),
    (94, 'AR2026040094', 55, 5, '2026-03-26', 29.400, 29.400, 0.000, 'NORMAL', NULL, 40, '到货记录样本 094', '2026-03-26 14:00:00', '2026-03-26 14:00:00', 0),
    (95, 'AR2026040095', 55, 5, '2026-03-30', 54.600, 50.232, 4.368, 'ABNORMAL', '到货存在少量破损，已记录异常', 40, '到货记录样本 095', '2026-03-30 14:00:00', '2026-03-30 14:00:00', 0),
    (96, 'AR2026040096', 56, 6, '2026-03-27', 34.650, 34.650, 0.000, 'NORMAL', NULL, 41, '到货记录样本 096', '2026-03-27 14:00:00', '2026-03-27 14:00:00', 0),
    (97, 'AR2026040097', 56, 6, '2026-03-31', 64.350, 64.350, 0.000, 'NORMAL', NULL, 41, '到货记录样本 097', '2026-03-31 14:00:00', '2026-03-31 14:00:00', 0),
    (98, 'AR2026040098', 57, 7, '2026-03-28', 23.100, 23.100, 0.000, 'NORMAL', NULL, 42, '到货记录样本 098', '2026-03-28 14:00:00', '2026-03-28 14:00:00', 0),
    (99, 'AR2026040099', 57, 7, '2026-04-01', 42.900, 42.900, 0.000, 'NORMAL', NULL, 42, '到货记录样本 099', '2026-04-01 14:00:00', '2026-04-01 14:00:00', 0),
    (100, 'AR2026040100', 58, 8, '2026-03-29', 28.350, 28.350, 0.000, 'NORMAL', NULL, 43, '到货记录样本 100', '2026-03-29 14:00:00', '2026-03-29 14:00:00', 0),
    (101, 'AR2026040101', 58, 8, '2026-04-02', 52.650, 52.650, 0.000, 'NORMAL', NULL, 43, '到货记录样本 101', '2026-04-02 14:00:00', '2026-04-02 14:00:00', 0),
    (102, 'AR2026040102', 59, 9, '2026-03-27', 33.600, 33.600, 0.000, 'NORMAL', NULL, 44, '到货记录样本 102', '2026-03-27 14:00:00', '2026-03-27 14:00:00', 0),
    (103, 'AR2026040103', 59, 9, '2026-03-31', 62.400, 62.400, 0.000, 'NORMAL', NULL, 44, '到货记录样本 103', '2026-03-31 14:00:00', '2026-03-31 14:00:00', 0),
    (104, 'AR2026040104', 60, 10, '2026-03-28', 38.850, 38.850, 0.000, 'NORMAL', NULL, 45, '到货记录样本 104', '2026-03-28 14:00:00', '2026-03-28 14:00:00', 0),
    (105, 'AR2026040105', 60, 10, '2026-04-01', 72.150, 72.150, 0.000, 'NORMAL', NULL, 45, '到货记录样本 105', '2026-04-01 14:00:00', '2026-04-01 14:00:00', 0),
    (106, 'AR2026040106', 76, 11, '2026-03-29', 63.000, 57.960, 5.040, 'ABNORMAL', '到货不完整，订单已关闭，保留异常记录', 46, '到货记录样本 106', '2026-03-29 14:00:00', '2026-03-29 14:00:00', 0),
    (107, 'AR2026040107', 77, 12, '2026-03-31', 78.000, 78.000, 0.000, 'NORMAL', NULL, 47, '到货记录样本 107', '2026-03-31 14:00:00', '2026-03-31 14:00:00', 0),
    (108, 'AR2026040108', 78, 13, '2026-04-01', 93.000, 85.560, 7.440, 'ABNORMAL', '到货不完整，订单已关闭，保留异常记录', 48, '到货记录样本 108', '2026-04-01 14:00:00', '2026-04-01 14:00:00', 0);

INSERT INTO `arrival_item` (`id`, `arrival_id`, `order_item_id`, `material_id`, `material_code`, `material_name`, `specification`, `unit`, `arrival_number`, `qualified_number`, `unqualified_number`, `abnormal_note`, `sort_number`, `remark`, `create_time`, `update_time`, `deleted`) VALUES
    (1, 1, 181, 73, 'MAT0073', '电子元件073', '规格-4-4', '个', 10.350, 10.350, 0.000, NULL, 1, '到货明细 001-1', '2026-03-25 15:00:00', '2026-03-25 15:00:00', 0),
    (2, 1, 182, 74, 'MAT0074', '五金耗材074', '规格-5-5', '件', 12.600, 12.600, 0.000, NULL, 2, '到货明细 001-2', '2026-03-25 15:00:00', '2026-03-25 15:00:00', 0),
    (3, 1, 183, 75, 'MAT0075', '包装材料075', '规格-6-1', '卷', 14.850, 14.850, 0.000, NULL, 3, '到货明细 001-3', '2026-03-25 15:00:00', '2026-03-25 15:00:00', 0),
    (4, 2, 181, 73, 'MAT0073', '电子元件073', '规格-4-4', '个', 10.350, 10.350, 0.000, NULL, 1, '到货明细 002-1', '2026-03-28 15:00:00', '2026-03-28 15:00:00', 0),
    (5, 2, 182, 74, 'MAT0074', '五金耗材074', '规格-5-5', '件', 12.600, 12.600, 0.000, NULL, 2, '到货明细 002-2', '2026-03-28 15:00:00', '2026-03-28 15:00:00', 0),
    (6, 2, 183, 75, 'MAT0075', '包装材料075', '规格-6-1', '卷', 14.850, 14.850, 0.000, NULL, 3, '到货明细 002-3', '2026-03-28 15:00:00', '2026-03-28 15:00:00', 0),
    (7, 3, 181, 73, 'MAT0073', '电子元件073', '规格-4-4', '个', 13.800, 13.800, 0.000, NULL, 1, '到货明细 003-1', '2026-03-31 15:00:00', '2026-03-31 15:00:00', 0),
    (8, 3, 182, 74, 'MAT0074', '五金耗材074', '规格-5-5', '件', 16.800, 16.800, 0.000, NULL, 2, '到货明细 003-2', '2026-03-31 15:00:00', '2026-03-31 15:00:00', 0),
    (9, 3, 183, 75, 'MAT0075', '包装材料075', '规格-6-1', '卷', 19.800, 19.800, 0.000, NULL, 3, '到货明细 003-3', '2026-03-31 15:00:00', '2026-03-31 15:00:00', 0),
    (10, 4, 184, 76, 'MAT0076', '办公耗材076', '规格-7-2', '箱', 11.850, 11.850, 0.000, NULL, 1, '到货明细 004-1', '2026-03-26 15:00:00', '2026-03-26 15:00:00', 0),
    (11, 4, 185, 77, 'MAT0077', '设备配件077', '规格-1-3', '套', 14.100, 14.100, 0.000, NULL, 2, '到货明细 004-2', '2026-03-26 15:00:00', '2026-03-26 15:00:00', 0),
    (12, 4, 186, 78, 'MAT0078', '化工辅料078', '规格-2-4', 'kg', 16.350, 16.350, 0.000, NULL, 3, '到货明细 004-3', '2026-03-26 15:00:00', '2026-03-26 15:00:00', 0),
    (13, 5, 184, 76, 'MAT0076', '办公耗材076', '规格-7-2', '箱', 11.850, 11.850, 0.000, '到货包装外观异常，已现场复核，不影响入库', 1, '到货明细 005-1', '2026-03-29 15:00:00', '2026-03-29 15:00:00', 0),
    (14, 5, 185, 77, 'MAT0077', '设备配件077', '规格-1-3', '套', 14.100, 14.100, 0.000, '到货包装外观异常，已现场复核，不影响入库', 2, '到货明细 005-2', '2026-03-29 15:00:00', '2026-03-29 15:00:00', 0),
    (15, 5, 186, 78, 'MAT0078', '化工辅料078', '规格-2-4', 'kg', 16.350, 16.350, 0.000, '到货包装外观异常，已现场复核，不影响入库', 3, '到货明细 005-3', '2026-03-29 15:00:00', '2026-03-29 15:00:00', 0),
    (16, 6, 184, 76, 'MAT0076', '办公耗材076', '规格-7-2', '箱', 15.800, 15.800, 0.000, NULL, 1, '到货明细 006-1', '2026-04-01 15:00:00', '2026-04-01 15:00:00', 0),
    (17, 6, 185, 77, 'MAT0077', '设备配件077', '规格-1-3', '套', 18.800, 18.800, 0.000, NULL, 2, '到货明细 006-2', '2026-04-01 15:00:00', '2026-04-01 15:00:00', 0),
    (18, 6, 186, 78, 'MAT0078', '化工辅料078', '规格-2-4', 'kg', 21.800, 21.800, 0.000, NULL, 3, '到货明细 006-3', '2026-04-01 15:00:00', '2026-04-01 15:00:00', 0),
    (19, 7, 187, 79, 'MAT0079', '电子元件079', '规格-3-5', '个', 13.350, 13.350, 0.000, NULL, 1, '到货明细 007-1', '2026-03-28 15:00:00', '2026-03-28 15:00:00', 0),
    (20, 7, 188, 80, 'MAT0080', '五金耗材080', '规格-4-1', '件', 15.600, 15.600, 0.000, NULL, 2, '到货明细 007-2', '2026-03-28 15:00:00', '2026-03-28 15:00:00', 0),
    (21, 7, 189, 81, 'MAT0081', '包装材料081', '规格-5-2', '卷', 3.450, 3.450, 0.000, NULL, 3, '到货明细 007-3', '2026-03-28 15:00:00', '2026-03-28 15:00:00', 0),
    (22, 8, 187, 79, 'MAT0079', '电子元件079', '规格-3-5', '个', 13.350, 13.350, 0.000, NULL, 1, '到货明细 008-1', '2026-03-31 15:00:00', '2026-03-31 15:00:00', 0),
    (23, 8, 188, 80, 'MAT0080', '五金耗材080', '规格-4-1', '件', 15.600, 15.600, 0.000, NULL, 2, '到货明细 008-2', '2026-03-31 15:00:00', '2026-03-31 15:00:00', 0),
    (24, 8, 189, 81, 'MAT0081', '包装材料081', '规格-5-2', '卷', 3.450, 3.450, 0.000, NULL, 3, '到货明细 008-3', '2026-03-31 15:00:00', '2026-03-31 15:00:00', 0),
    (25, 9, 187, 79, 'MAT0079', '电子元件079', '规格-3-5', '个', 17.800, 17.800, 0.000, NULL, 1, '到货明细 009-1', '2026-04-03 15:00:00', '2026-04-03 15:00:00', 0),
    (26, 9, 188, 80, 'MAT0080', '五金耗材080', '规格-4-1', '件', 20.800, 20.800, 0.000, NULL, 2, '到货明细 009-2', '2026-04-03 15:00:00', '2026-04-03 15:00:00', 0),
    (27, 9, 189, 81, 'MAT0081', '包装材料081', '规格-5-2', '卷', 4.600, 4.600, 0.000, NULL, 3, '到货明细 009-3', '2026-04-03 15:00:00', '2026-04-03 15:00:00', 0),
    (28, 10, 190, 82, 'MAT0082', '办公耗材082', '规格-6-3', '箱', 14.850, 14.850, 0.000, '到货包装外观异常，已现场复核，不影响入库', 1, '到货明细 010-1', '2026-03-26 15:00:00', '2026-03-26 15:00:00', 0),
    (29, 10, 191, 83, 'MAT0083', '设备配件083', '规格-7-4', '套', 17.100, 17.100, 0.000, '到货包装外观异常，已现场复核，不影响入库', 2, '到货明细 010-2', '2026-03-26 15:00:00', '2026-03-26 15:00:00', 0),
    (30, 10, 192, 84, 'MAT0084', '化工辅料084', '规格-1-5', 'kg', 4.950, 4.950, 0.000, '到货包装外观异常，已现场复核，不影响入库', 3, '到货明细 010-3', '2026-03-26 15:00:00', '2026-03-26 15:00:00', 0),
    (31, 11, 190, 82, 'MAT0082', '办公耗材082', '规格-6-3', '箱', 14.850, 14.850, 0.000, NULL, 1, '到货明细 011-1', '2026-03-29 15:00:00', '2026-03-29 15:00:00', 0),
    (32, 11, 191, 83, 'MAT0083', '设备配件083', '规格-7-4', '套', 17.100, 17.100, 0.000, NULL, 2, '到货明细 011-2', '2026-03-29 15:00:00', '2026-03-29 15:00:00', 0),
    (33, 11, 192, 84, 'MAT0084', '化工辅料084', '规格-1-5', 'kg', 4.950, 4.950, 0.000, NULL, 3, '到货明细 011-3', '2026-03-29 15:00:00', '2026-03-29 15:00:00', 0),
    (34, 12, 190, 82, 'MAT0082', '办公耗材082', '规格-6-3', '箱', 19.800, 19.800, 0.000, NULL, 1, '到货明细 012-1', '2026-04-01 15:00:00', '2026-04-01 15:00:00', 0),
    (35, 12, 191, 83, 'MAT0083', '设备配件083', '规格-7-4', '套', 22.800, 22.800, 0.000, NULL, 2, '到货明细 012-2', '2026-04-01 15:00:00', '2026-04-01 15:00:00', 0),
    (36, 12, 192, 84, 'MAT0084', '化工辅料084', '规格-1-5', 'kg', 6.600, 6.600, 0.000, NULL, 3, '到货明细 012-3', '2026-04-01 15:00:00', '2026-04-01 15:00:00', 0),
    (37, 13, 193, 85, 'MAT0085', '电子元件085', '规格-2-1', '个', 16.350, 16.350, 0.000, NULL, 1, '到货明细 013-1', '2026-03-27 15:00:00', '2026-03-27 15:00:00', 0),
    (38, 13, 194, 86, 'MAT0086', '五金耗材086', '规格-3-2', '件', 4.200, 4.200, 0.000, NULL, 2, '到货明细 013-2', '2026-03-27 15:00:00', '2026-03-27 15:00:00', 0),
    (39, 13, 195, 87, 'MAT0087', '包装材料087', '规格-4-3', '卷', 6.450, 6.450, 0.000, NULL, 3, '到货明细 013-3', '2026-03-27 15:00:00', '2026-03-27 15:00:00', 0),
    (40, 14, 193, 85, 'MAT0085', '电子元件085', '规格-2-1', '个', 16.350, 16.350, 0.000, NULL, 1, '到货明细 014-1', '2026-03-30 15:00:00', '2026-03-30 15:00:00', 0),
    (41, 14, 194, 86, 'MAT0086', '五金耗材086', '规格-3-2', '件', 4.200, 4.200, 0.000, NULL, 2, '到货明细 014-2', '2026-03-30 15:00:00', '2026-03-30 15:00:00', 0),
    (42, 14, 195, 87, 'MAT0087', '包装材料087', '规格-4-3', '卷', 6.450, 6.450, 0.000, NULL, 3, '到货明细 014-3', '2026-03-30 15:00:00', '2026-03-30 15:00:00', 0),
    (43, 15, 193, 85, 'MAT0085', '电子元件085', '规格-2-1', '个', 21.800, 21.800, 0.000, '到货包装外观异常，已现场复核，不影响入库', 1, '到货明细 015-1', '2026-04-02 15:00:00', '2026-04-02 15:00:00', 0),
    (44, 15, 194, 86, 'MAT0086', '五金耗材086', '规格-3-2', '件', 5.600, 5.600, 0.000, '到货包装外观异常，已现场复核，不影响入库', 2, '到货明细 015-2', '2026-04-02 15:00:00', '2026-04-02 15:00:00', 0),
    (45, 15, 195, 87, 'MAT0087', '包装材料087', '规格-4-3', '卷', 8.600, 8.600, 0.000, '到货包装外观异常，已现场复核，不影响入库', 3, '到货明细 015-3', '2026-04-02 15:00:00', '2026-04-02 15:00:00', 0),
    (46, 16, 196, 88, 'MAT0088', '办公耗材088', '规格-5-4', '箱', 3.450, 3.450, 0.000, NULL, 1, '到货明细 016-1', '2026-03-28 15:00:00', '2026-03-28 15:00:00', 0),
    (47, 16, 197, 89, 'MAT0089', '设备配件089', '规格-6-5', '套', 5.700, 5.700, 0.000, NULL, 2, '到货明细 016-2', '2026-03-28 15:00:00', '2026-03-28 15:00:00', 0),
    (48, 16, 198, 90, 'MAT0090', '化工辅料090', '规格-7-1', 'kg', 7.950, 7.950, 0.000, NULL, 3, '到货明细 016-3', '2026-03-28 15:00:00', '2026-03-28 15:00:00', 0),
    (49, 17, 196, 88, 'MAT0088', '办公耗材088', '规格-5-4', '箱', 3.450, 3.450, 0.000, NULL, 1, '到货明细 017-1', '2026-03-31 15:00:00', '2026-03-31 15:00:00', 0),
    (50, 17, 197, 89, 'MAT0089', '设备配件089', '规格-6-5', '套', 5.700, 5.700, 0.000, NULL, 2, '到货明细 017-2', '2026-03-31 15:00:00', '2026-03-31 15:00:00', 0),
    (51, 17, 198, 90, 'MAT0090', '化工辅料090', '规格-7-1', 'kg', 7.950, 7.950, 0.000, NULL, 3, '到货明细 017-3', '2026-03-31 15:00:00', '2026-03-31 15:00:00', 0),
    (52, 18, 196, 88, 'MAT0088', '办公耗材088', '规格-5-4', '箱', 4.600, 4.600, 0.000, NULL, 1, '到货明细 018-1', '2026-04-03 15:00:00', '2026-04-03 15:00:00', 0),
    (53, 18, 197, 89, 'MAT0089', '设备配件089', '规格-6-5', '套', 7.600, 7.600, 0.000, NULL, 2, '到货明细 018-2', '2026-04-03 15:00:00', '2026-04-03 15:00:00', 0),
    (54, 18, 198, 90, 'MAT0090', '化工辅料090', '规格-7-1', 'kg', 10.600, 10.600, 0.000, NULL, 3, '到货明细 018-3', '2026-04-03 15:00:00', '2026-04-03 15:00:00', 0),
    (55, 19, 199, 91, 'MAT0091', '电子元件091', '规格-1-2', '个', 4.950, 4.950, 0.000, NULL, 1, '到货明细 019-1', '2026-03-27 15:00:00', '2026-03-27 15:00:00', 0),
    (56, 19, 200, 92, 'MAT0092', '五金耗材092', '规格-2-3', '件', 7.200, 7.200, 0.000, NULL, 2, '到货明细 019-2', '2026-03-27 15:00:00', '2026-03-27 15:00:00', 0),
    (57, 19, 201, 93, 'MAT0093', '包装材料093', '规格-3-4', '卷', 9.450, 9.450, 0.000, NULL, 3, '到货明细 019-3', '2026-03-27 15:00:00', '2026-03-27 15:00:00', 0),
    (58, 20, 199, 91, 'MAT0091', '电子元件091', '规格-1-2', '个', 4.950, 4.950, 0.000, '到货包装外观异常，已现场复核，不影响入库', 1, '到货明细 020-1', '2026-03-30 15:00:00', '2026-03-30 15:00:00', 0),
    (59, 20, 200, 92, 'MAT0092', '五金耗材092', '规格-2-3', '件', 7.200, 7.200, 0.000, '到货包装外观异常，已现场复核，不影响入库', 2, '到货明细 020-2', '2026-03-30 15:00:00', '2026-03-30 15:00:00', 0),
    (60, 20, 201, 93, 'MAT0093', '包装材料093', '规格-3-4', '卷', 9.450, 9.450, 0.000, '到货包装外观异常，已现场复核，不影响入库', 3, '到货明细 020-3', '2026-03-30 15:00:00', '2026-03-30 15:00:00', 0),
    (61, 21, 199, 91, 'MAT0091', '电子元件091', '规格-1-2', '个', 6.600, 6.600, 0.000, NULL, 1, '到货明细 021-1', '2026-04-02 15:00:00', '2026-04-02 15:00:00', 0),
    (62, 21, 200, 92, 'MAT0092', '五金耗材092', '规格-2-3', '件', 9.600, 9.600, 0.000, NULL, 2, '到货明细 021-2', '2026-04-02 15:00:00', '2026-04-02 15:00:00', 0),
    (63, 21, 201, 93, 'MAT0093', '包装材料093', '规格-3-4', '卷', 12.600, 12.600, 0.000, NULL, 3, '到货明细 021-3', '2026-04-02 15:00:00', '2026-04-02 15:00:00', 0),
    (64, 22, 202, 94, 'MAT0094', '办公耗材094', '规格-4-5', '箱', 6.450, 6.450, 0.000, NULL, 1, '到货明细 022-1', '2026-03-28 15:00:00', '2026-03-28 15:00:00', 0),
    (65, 22, 203, 95, 'MAT0095', '设备配件095', '规格-5-1', '套', 8.700, 8.700, 0.000, NULL, 2, '到货明细 022-2', '2026-03-28 15:00:00', '2026-03-28 15:00:00', 0),
    (66, 22, 204, 96, 'MAT0096', '化工辅料096', '规格-6-2', 'kg', 10.950, 10.950, 0.000, NULL, 3, '到货明细 022-3', '2026-03-28 15:00:00', '2026-03-28 15:00:00', 0),
    (67, 23, 202, 94, 'MAT0094', '办公耗材094', '规格-4-5', '箱', 6.450, 6.450, 0.000, NULL, 1, '到货明细 023-1', '2026-03-31 15:00:00', '2026-03-31 15:00:00', 0),
    (68, 23, 203, 95, 'MAT0095', '设备配件095', '规格-5-1', '套', 8.700, 8.700, 0.000, NULL, 2, '到货明细 023-2', '2026-03-31 15:00:00', '2026-03-31 15:00:00', 0),
    (69, 23, 204, 96, 'MAT0096', '化工辅料096', '规格-6-2', 'kg', 10.950, 10.950, 0.000, NULL, 3, '到货明细 023-3', '2026-03-31 15:00:00', '2026-03-31 15:00:00', 0),
    (70, 24, 202, 94, 'MAT0094', '办公耗材094', '规格-4-5', '箱', 8.600, 8.600, 0.000, NULL, 1, '到货明细 024-1', '2026-04-03 15:00:00', '2026-04-03 15:00:00', 0),
    (71, 24, 203, 95, 'MAT0095', '设备配件095', '规格-5-1', '套', 11.600, 11.600, 0.000, NULL, 2, '到货明细 024-2', '2026-04-03 15:00:00', '2026-04-03 15:00:00', 0),
    (72, 24, 204, 96, 'MAT0096', '化工辅料096', '规格-6-2', 'kg', 14.600, 14.600, 0.000, NULL, 3, '到货明细 024-3', '2026-04-03 15:00:00', '2026-04-03 15:00:00', 0),
    (73, 25, 205, 97, 'MAT0097', '电子元件097', '规格-7-3', '个', 7.950, 7.950, 0.000, '到货包装外观异常，已现场复核，不影响入库', 1, '到货明细 025-1', '2026-03-29 15:00:00', '2026-03-29 15:00:00', 0),
    (74, 25, 206, 98, 'MAT0098', '五金耗材098', '规格-1-4', '件', 10.200, 10.200, 0.000, '到货包装外观异常，已现场复核，不影响入库', 2, '到货明细 025-2', '2026-03-29 15:00:00', '2026-03-29 15:00:00', 0),
    (75, 25, 207, 99, 'MAT0099', '包装材料099', '规格-2-5', '卷', 12.450, 12.450, 0.000, '到货包装外观异常，已现场复核，不影响入库', 3, '到货明细 025-3', '2026-03-29 15:00:00', '2026-03-29 15:00:00', 0),
    (76, 26, 205, 97, 'MAT0097', '电子元件097', '规格-7-3', '个', 7.950, 7.950, 0.000, NULL, 1, '到货明细 026-1', '2026-04-01 15:00:00', '2026-04-01 15:00:00', 0),
    (77, 26, 206, 98, 'MAT0098', '五金耗材098', '规格-1-4', '件', 10.200, 10.200, 0.000, NULL, 2, '到货明细 026-2', '2026-04-01 15:00:00', '2026-04-01 15:00:00', 0),
    (78, 26, 207, 99, 'MAT0099', '包装材料099', '规格-2-5', '卷', 12.450, 12.450, 0.000, NULL, 3, '到货明细 026-3', '2026-04-01 15:00:00', '2026-04-01 15:00:00', 0),
    (79, 27, 205, 97, 'MAT0097', '电子元件097', '规格-7-3', '个', 10.600, 10.600, 0.000, NULL, 1, '到货明细 027-1', '2026-04-04 15:00:00', '2026-04-04 15:00:00', 0),
    (80, 27, 206, 98, 'MAT0098', '五金耗材098', '规格-1-4', '件', 13.600, 13.600, 0.000, NULL, 2, '到货明细 027-2', '2026-04-04 15:00:00', '2026-04-04 15:00:00', 0),
    (81, 27, 207, 99, 'MAT0099', '包装材料099', '规格-2-5', '卷', 16.600, 16.600, 0.000, NULL, 3, '到货明细 027-3', '2026-04-04 15:00:00', '2026-04-04 15:00:00', 0),
    (82, 28, 208, 100, 'MAT0100', '办公耗材100', '规格-3-1', '箱', 9.450, 9.450, 0.000, NULL, 1, '到货明细 028-1', '2026-03-27 15:00:00', '2026-03-27 15:00:00', 0),
    (83, 28, 209, 101, 'MAT0101', '设备配件101', '规格-4-2', '套', 11.700, 11.700, 0.000, NULL, 2, '到货明细 028-2', '2026-03-27 15:00:00', '2026-03-27 15:00:00', 0),
    (84, 28, 210, 102, 'MAT0102', '化工辅料102', '规格-5-3', 'kg', 13.950, 13.950, 0.000, NULL, 3, '到货明细 028-3', '2026-03-27 15:00:00', '2026-03-27 15:00:00', 0),
    (85, 29, 208, 100, 'MAT0100', '办公耗材100', '规格-3-1', '箱', 9.450, 9.450, 0.000, NULL, 1, '到货明细 029-1', '2026-03-30 15:00:00', '2026-03-30 15:00:00', 0),
    (86, 29, 209, 101, 'MAT0101', '设备配件101', '规格-4-2', '套', 11.700, 11.700, 0.000, NULL, 2, '到货明细 029-2', '2026-03-30 15:00:00', '2026-03-30 15:00:00', 0),
    (87, 29, 210, 102, 'MAT0102', '化工辅料102', '规格-5-3', 'kg', 13.950, 13.950, 0.000, NULL, 3, '到货明细 029-3', '2026-03-30 15:00:00', '2026-03-30 15:00:00', 0),
    (88, 30, 208, 100, 'MAT0100', '办公耗材100', '规格-3-1', '箱', 12.600, 12.600, 0.000, '到货包装外观异常，已现场复核，不影响入库', 1, '到货明细 030-1', '2026-04-02 15:00:00', '2026-04-02 15:00:00', 0),
    (89, 30, 209, 101, 'MAT0101', '设备配件101', '规格-4-2', '套', 15.600, 15.600, 0.000, '到货包装外观异常，已现场复核，不影响入库', 2, '到货明细 030-2', '2026-04-02 15:00:00', '2026-04-02 15:00:00', 0),
    (90, 30, 210, 102, 'MAT0102', '化工辅料102', '规格-5-3', 'kg', 18.600, 18.600, 0.000, '到货包装外观异常，已现场复核，不影响入库', 3, '到货明细 030-3', '2026-04-02 15:00:00', '2026-04-02 15:00:00', 0),
    (91, 31, 211, 103, 'MAT0103', '电子元件103', '规格-6-4', '个', 10.950, 10.950, 0.000, NULL, 1, '到货明细 031-1', '2026-03-30 15:00:00', '2026-03-30 15:00:00', 0),
    (92, 31, 212, 104, 'MAT0104', '五金耗材104', '规格-7-5', '件', 13.200, 13.200, 0.000, NULL, 2, '到货明细 031-2', '2026-03-30 15:00:00', '2026-03-30 15:00:00', 0),
    (93, 31, 213, 105, 'MAT0105', '包装材料105', '规格-1-1', '卷', 15.450, 15.450, 0.000, NULL, 3, '到货明细 031-3', '2026-03-30 15:00:00', '2026-03-30 15:00:00', 0),
    (94, 32, 211, 103, 'MAT0103', '电子元件103', '规格-6-4', '个', 10.950, 10.950, 0.000, NULL, 1, '到货明细 032-1', '2026-04-02 15:00:00', '2026-04-02 15:00:00', 0),
    (95, 32, 212, 104, 'MAT0104', '五金耗材104', '规格-7-5', '件', 13.200, 13.200, 0.000, NULL, 2, '到货明细 032-2', '2026-04-02 15:00:00', '2026-04-02 15:00:00', 0),
    (96, 32, 213, 105, 'MAT0105', '包装材料105', '规格-1-1', '卷', 15.450, 15.450, 0.000, NULL, 3, '到货明细 032-3', '2026-04-02 15:00:00', '2026-04-02 15:00:00', 0),
    (97, 33, 211, 103, 'MAT0103', '电子元件103', '规格-6-4', '个', 14.600, 14.600, 0.000, NULL, 1, '到货明细 033-1', '2026-04-05 15:00:00', '2026-04-05 15:00:00', 0),
    (98, 33, 212, 104, 'MAT0104', '五金耗材104', '规格-7-5', '件', 17.600, 17.600, 0.000, NULL, 2, '到货明细 033-2', '2026-04-05 15:00:00', '2026-04-05 15:00:00', 0),
    (99, 33, 213, 105, 'MAT0105', '包装材料105', '规格-1-1', '卷', 20.600, 20.600, 0.000, NULL, 3, '到货明细 033-3', '2026-04-05 15:00:00', '2026-04-05 15:00:00', 0),
    (100, 34, 214, 106, 'MAT0106', '办公耗材106', '规格-2-2', '箱', 12.450, 12.450, 0.000, NULL, 1, '到货明细 034-1', '2026-03-31 15:00:00', '2026-03-31 15:00:00', 0),
    (101, 34, 215, 107, 'MAT0107', '设备配件107', '规格-3-3', '套', 14.700, 14.700, 0.000, NULL, 2, '到货明细 034-2', '2026-03-31 15:00:00', '2026-03-31 15:00:00', 0),
    (102, 34, 216, 108, 'MAT0108', '化工辅料108', '规格-4-4', 'kg', 16.950, 16.950, 0.000, NULL, 3, '到货明细 034-3', '2026-03-31 15:00:00', '2026-03-31 15:00:00', 0),
    (103, 35, 214, 106, 'MAT0106', '办公耗材106', '规格-2-2', '箱', 12.450, 12.450, 0.000, '到货包装外观异常，已现场复核，不影响入库', 1, '到货明细 035-1', '2026-04-03 15:00:00', '2026-04-03 15:00:00', 0),
    (104, 35, 215, 107, 'MAT0107', '设备配件107', '规格-3-3', '套', 14.700, 14.700, 0.000, '到货包装外观异常，已现场复核，不影响入库', 2, '到货明细 035-2', '2026-04-03 15:00:00', '2026-04-03 15:00:00', 0),
    (105, 35, 216, 108, 'MAT0108', '化工辅料108', '规格-4-4', 'kg', 16.950, 16.950, 0.000, '到货包装外观异常，已现场复核，不影响入库', 3, '到货明细 035-3', '2026-04-03 15:00:00', '2026-04-03 15:00:00', 0),
    (106, 36, 214, 106, 'MAT0106', '办公耗材106', '规格-2-2', '箱', 16.600, 16.600, 0.000, NULL, 1, '到货明细 036-1', '2026-04-06 15:00:00', '2026-04-06 15:00:00', 0),
    (107, 36, 215, 107, 'MAT0107', '设备配件107', '规格-3-3', '套', 19.600, 19.600, 0.000, NULL, 2, '到货明细 036-2', '2026-04-06 15:00:00', '2026-04-06 15:00:00', 0),
    (108, 36, 216, 108, 'MAT0108', '化工辅料108', '规格-4-4', 'kg', 22.600, 22.600, 0.000, NULL, 3, '到货明细 036-3', '2026-04-06 15:00:00', '2026-04-06 15:00:00', 0),
    (109, 37, 217, 1, 'MAT0001', '电子元件001', '规格-2-2', '个', 13.950, 13.950, 0.000, NULL, 1, '到货明细 037-1', '2026-03-30 15:00:00', '2026-03-30 15:00:00', 0),
    (110, 37, 218, 2, 'MAT0002', '五金耗材002', '规格-3-3', '件', 16.200, 16.200, 0.000, NULL, 2, '到货明细 037-2', '2026-03-30 15:00:00', '2026-03-30 15:00:00', 0),
    (111, 37, 219, 3, 'MAT0003', '包装材料003', '规格-4-4', '卷', 4.050, 4.050, 0.000, NULL, 3, '到货明细 037-3', '2026-03-30 15:00:00', '2026-03-30 15:00:00', 0),
    (112, 38, 217, 1, 'MAT0001', '电子元件001', '规格-2-2', '个', 13.950, 13.950, 0.000, NULL, 1, '到货明细 038-1', '2026-04-02 15:00:00', '2026-04-02 15:00:00', 0),
    (113, 38, 218, 2, 'MAT0002', '五金耗材002', '规格-3-3', '件', 16.200, 16.200, 0.000, NULL, 2, '到货明细 038-2', '2026-04-02 15:00:00', '2026-04-02 15:00:00', 0),
    (114, 38, 219, 3, 'MAT0003', '包装材料003', '规格-4-4', '卷', 4.050, 4.050, 0.000, NULL, 3, '到货明细 038-3', '2026-04-02 15:00:00', '2026-04-02 15:00:00', 0),
    (115, 39, 217, 1, 'MAT0001', '电子元件001', '规格-2-2', '个', 18.600, 18.600, 0.000, NULL, 1, '到货明细 039-1', '2026-04-05 15:00:00', '2026-04-05 15:00:00', 0),
    (116, 39, 218, 2, 'MAT0002', '五金耗材002', '规格-3-3', '件', 21.600, 21.600, 0.000, NULL, 2, '到货明细 039-2', '2026-04-05 15:00:00', '2026-04-05 15:00:00', 0),
    (117, 39, 219, 3, 'MAT0003', '包装材料003', '规格-4-4', '卷', 5.400, 5.400, 0.000, NULL, 3, '到货明细 039-3', '2026-04-05 15:00:00', '2026-04-05 15:00:00', 0),
    (118, 40, 220, 4, 'MAT0004', '办公耗材004', '规格-5-5', '箱', 15.450, 15.450, 0.000, '到货包装外观异常，已现场复核，不影响入库', 1, '到货明细 040-1', '2026-03-31 15:00:00', '2026-03-31 15:00:00', 0),
    (119, 40, 221, 5, 'MAT0005', '设备配件005', '规格-6-1', '套', 3.300, 3.300, 0.000, '到货包装外观异常，已现场复核，不影响入库', 2, '到货明细 040-2', '2026-03-31 15:00:00', '2026-03-31 15:00:00', 0),
    (120, 40, 222, 6, 'MAT0006', '化工辅料006', '规格-7-2', 'kg', 5.550, 5.550, 0.000, '到货包装外观异常，已现场复核，不影响入库', 3, '到货明细 040-3', '2026-03-31 15:00:00', '2026-03-31 15:00:00', 0),
    (121, 41, 220, 4, 'MAT0004', '办公耗材004', '规格-5-5', '箱', 15.450, 15.450, 0.000, NULL, 1, '到货明细 041-1', '2026-04-03 15:00:00', '2026-04-03 15:00:00', 0),
    (122, 41, 221, 5, 'MAT0005', '设备配件005', '规格-6-1', '套', 3.300, 3.300, 0.000, NULL, 2, '到货明细 041-2', '2026-04-03 15:00:00', '2026-04-03 15:00:00', 0),
    (123, 41, 222, 6, 'MAT0006', '化工辅料006', '规格-7-2', 'kg', 5.550, 5.550, 0.000, NULL, 3, '到货明细 041-3', '2026-04-03 15:00:00', '2026-04-03 15:00:00', 0),
    (124, 42, 220, 4, 'MAT0004', '办公耗材004', '规格-5-5', '箱', 20.600, 20.600, 0.000, NULL, 1, '到货明细 042-1', '2026-04-06 15:00:00', '2026-04-06 15:00:00', 0),
    (125, 42, 221, 5, 'MAT0005', '设备配件005', '规格-6-1', '套', 4.400, 4.400, 0.000, NULL, 2, '到货明细 042-2', '2026-04-06 15:00:00', '2026-04-06 15:00:00', 0),
    (126, 42, 222, 6, 'MAT0006', '化工辅料006', '规格-7-2', 'kg', 7.400, 7.400, 0.000, NULL, 3, '到货明细 042-3', '2026-04-06 15:00:00', '2026-04-06 15:00:00', 0),
    (127, 43, 223, 7, 'MAT0007', '电子元件007', '规格-1-3', '个', 16.950, 16.950, 0.000, NULL, 1, '到货明细 043-1', '2026-04-01 15:00:00', '2026-04-01 15:00:00', 0),
    (128, 43, 224, 8, 'MAT0008', '五金耗材008', '规格-2-4', '件', 4.800, 4.800, 0.000, NULL, 2, '到货明细 043-2', '2026-04-01 15:00:00', '2026-04-01 15:00:00', 0),
    (129, 43, 225, 9, 'MAT0009', '包装材料009', '规格-3-5', '卷', 7.050, 7.050, 0.000, NULL, 3, '到货明细 043-3', '2026-04-01 15:00:00', '2026-04-01 15:00:00', 0),
    (130, 44, 223, 7, 'MAT0007', '电子元件007', '规格-1-3', '个', 16.950, 16.950, 0.000, NULL, 1, '到货明细 044-1', '2026-04-04 15:00:00', '2026-04-04 15:00:00', 0),
    (131, 44, 224, 8, 'MAT0008', '五金耗材008', '规格-2-4', '件', 4.800, 4.800, 0.000, NULL, 2, '到货明细 044-2', '2026-04-04 15:00:00', '2026-04-04 15:00:00', 0),
    (132, 44, 225, 9, 'MAT0009', '包装材料009', '规格-3-5', '卷', 7.050, 7.050, 0.000, NULL, 3, '到货明细 044-3', '2026-04-04 15:00:00', '2026-04-04 15:00:00', 0),
    (133, 45, 223, 7, 'MAT0007', '电子元件007', '规格-1-3', '个', 22.600, 22.600, 0.000, NULL, 1, '到货明细 045-1', '2026-04-07 15:00:00', '2026-04-07 15:00:00', 0),
    (134, 45, 224, 8, 'MAT0008', '五金耗材008', '规格-2-4', '件', 6.400, 6.400, 0.000, NULL, 2, '到货明细 045-2', '2026-04-07 15:00:00', '2026-04-07 15:00:00', 0),
    (135, 45, 225, 9, 'MAT0009', '包装材料009', '规格-3-5', '卷', 9.400, 9.400, 0.000, NULL, 3, '到货明细 045-3', '2026-04-07 15:00:00', '2026-04-07 15:00:00', 0),
    (136, 46, 91, 91, 'MAT0091', '电子元件091', '规格-1-2', '个', 9.975, 9.975, 0.000, NULL, 1, '到货明细 046-1', '2026-03-20 15:00:00', '2026-03-20 15:00:00', 0),
    (137, 46, 92, 92, 'MAT0092', '五金耗材092', '规格-2-3', '件', 12.600, 12.600, 0.000, NULL, 2, '到货明细 046-2', '2026-03-20 15:00:00', '2026-03-20 15:00:00', 0),
    (138, 46, 93, 93, 'MAT0093', '包装材料093', '规格-3-4', '卷', 15.225, 15.225, 0.000, NULL, 3, '到货明细 046-3', '2026-03-20 15:00:00', '2026-03-20 15:00:00', 0),
    (139, 47, 91, 91, 'MAT0091', '电子元件091', '规格-1-2', '个', 18.525, 18.525, 0.000, NULL, 1, '到货明细 047-1', '2026-03-24 15:00:00', '2026-03-24 15:00:00', 0),
    (140, 47, 92, 92, 'MAT0092', '五金耗材092', '规格-2-3', '件', 23.400, 23.400, 0.000, NULL, 2, '到货明细 047-2', '2026-03-24 15:00:00', '2026-03-24 15:00:00', 0),
    (141, 47, 93, 93, 'MAT0093', '包装材料093', '规格-3-4', '卷', 28.275, 28.275, 0.000, NULL, 3, '到货明细 047-3', '2026-03-24 15:00:00', '2026-03-24 15:00:00', 0),
    (142, 48, 94, 94, 'MAT0094', '办公耗材094', '规格-4-5', '箱', 11.725, 11.725, 0.000, NULL, 1, '到货明细 048-1', '2026-03-21 15:00:00', '2026-03-21 15:00:00', 0),
    (143, 48, 95, 95, 'MAT0095', '设备配件095', '规格-5-1', '套', 14.350, 14.350, 0.000, NULL, 2, '到货明细 048-2', '2026-03-21 15:00:00', '2026-03-21 15:00:00', 0),
    (144, 48, 96, 96, 'MAT0096', '化工辅料096', '规格-6-2', 'kg', 16.975, 16.975, 0.000, NULL, 3, '到货明细 048-3', '2026-03-21 15:00:00', '2026-03-21 15:00:00', 0),
    (145, 49, 94, 94, 'MAT0094', '办公耗材094', '规格-4-5', '箱', 21.775, 21.775, 0.000, NULL, 1, '到货明细 049-1', '2026-03-25 15:00:00', '2026-03-25 15:00:00', 0),
    (146, 49, 95, 95, 'MAT0095', '设备配件095', '规格-5-1', '套', 26.650, 26.650, 0.000, NULL, 2, '到货明细 049-2', '2026-03-25 15:00:00', '2026-03-25 15:00:00', 0),
    (147, 49, 96, 96, 'MAT0096', '化工辅料096', '规格-6-2', 'kg', 31.525, 31.525, 0.000, NULL, 3, '到货明细 049-3', '2026-03-25 15:00:00', '2026-03-25 15:00:00', 0),
    (148, 50, 97, 97, 'MAT0097', '电子元件097', '规格-7-3', '个', 13.475, 12.397, 1.078, '到货存在少量破损，已记录异常', 1, '到货明细 050-1', '2026-03-22 15:00:00', '2026-03-22 15:00:00', 0),
    (149, 50, 98, 98, 'MAT0098', '五金耗材098', '规格-1-4', '件', 16.100, 14.812, 1.288, '到货存在少量破损，已记录异常', 2, '到货明细 050-2', '2026-03-22 15:00:00', '2026-03-22 15:00:00', 0),
    (150, 50, 99, 99, 'MAT0099', '包装材料099', '规格-2-5', '卷', 18.725, 17.227, 1.498, '到货存在少量破损，已记录异常', 3, '到货明细 050-3', '2026-03-22 15:00:00', '2026-03-22 15:00:00', 0),
    (151, 51, 97, 97, 'MAT0097', '电子元件097', '规格-7-3', '个', 25.025, 25.025, 0.000, NULL, 1, '到货明细 051-1', '2026-03-26 15:00:00', '2026-03-26 15:00:00', 0),
    (152, 51, 98, 98, 'MAT0098', '五金耗材098', '规格-1-4', '件', 29.900, 29.900, 0.000, NULL, 2, '到货明细 051-2', '2026-03-26 15:00:00', '2026-03-26 15:00:00', 0),
    (153, 51, 99, 99, 'MAT0099', '包装材料099', '规格-2-5', '卷', 34.775, 34.775, 0.000, NULL, 3, '到货明细 051-3', '2026-03-26 15:00:00', '2026-03-26 15:00:00', 0),
    (154, 52, 100, 100, 'MAT0100', '办公耗材100', '规格-3-1', '箱', 15.225, 15.225, 0.000, NULL, 1, '到货明细 052-1', '2026-03-23 15:00:00', '2026-03-23 15:00:00', 0),
    (155, 52, 101, 101, 'MAT0101', '设备配件101', '规格-4-2', '套', 17.850, 17.850, 0.000, NULL, 2, '到货明细 052-2', '2026-03-23 15:00:00', '2026-03-23 15:00:00', 0),
    (156, 52, 102, 102, 'MAT0102', '化工辅料102', '规格-5-3', 'kg', 20.475, 20.475, 0.000, NULL, 3, '到货明细 052-3', '2026-03-23 15:00:00', '2026-03-23 15:00:00', 0),
    (157, 53, 100, 100, 'MAT0100', '办公耗材100', '规格-3-1', '箱', 28.275, 28.275, 0.000, NULL, 1, '到货明细 053-1', '2026-03-27 15:00:00', '2026-03-27 15:00:00', 0),
    (158, 53, 101, 101, 'MAT0101', '设备配件101', '规格-4-2', '套', 33.150, 33.150, 0.000, NULL, 2, '到货明细 053-2', '2026-03-27 15:00:00', '2026-03-27 15:00:00', 0),
    (159, 53, 102, 102, 'MAT0102', '化工辅料102', '规格-5-3', 'kg', 38.025, 38.025, 0.000, NULL, 3, '到货明细 053-3', '2026-03-27 15:00:00', '2026-03-27 15:00:00', 0),
    (160, 54, 103, 103, 'MAT0103', '电子元件103', '规格-6-4', '个', 16.975, 16.975, 0.000, NULL, 1, '到货明细 054-1', '2026-03-21 15:00:00', '2026-03-21 15:00:00', 0),
    (161, 54, 104, 104, 'MAT0104', '五金耗材104', '规格-7-5', '件', 19.600, 19.600, 0.000, NULL, 2, '到货明细 054-2', '2026-03-21 15:00:00', '2026-03-21 15:00:00', 0),
    (162, 54, 105, 105, 'MAT0105', '包装材料105', '规格-1-1', '卷', 5.425, 5.425, 0.000, NULL, 3, '到货明细 054-3', '2026-03-21 15:00:00', '2026-03-21 15:00:00', 0),
    (163, 55, 103, 103, 'MAT0103', '电子元件103', '规格-6-4', '个', 31.525, 29.003, 2.522, '到货存在少量破损，已记录异常', 1, '到货明细 055-1', '2026-03-25 15:00:00', '2026-03-25 15:00:00', 0),
    (164, 55, 104, 104, 'MAT0104', '五金耗材104', '规格-7-5', '件', 36.400, 33.488, 2.912, '到货存在少量破损，已记录异常', 2, '到货明细 055-2', '2026-03-25 15:00:00', '2026-03-25 15:00:00', 0),
    (165, 55, 105, 105, 'MAT0105', '包装材料105', '规格-1-1', '卷', 10.075, 9.269, 0.806, '到货存在少量破损，已记录异常', 3, '到货明细 055-3', '2026-03-25 15:00:00', '2026-03-25 15:00:00', 0),
    (166, 56, 106, 106, 'MAT0106', '办公耗材106', '规格-2-2', '箱', 18.725, 18.725, 0.000, NULL, 1, '到货明细 056-1', '2026-03-22 15:00:00', '2026-03-22 15:00:00', 0),
    (167, 56, 107, 107, 'MAT0107', '设备配件107', '规格-3-3', '套', 4.550, 4.550, 0.000, NULL, 2, '到货明细 056-2', '2026-03-22 15:00:00', '2026-03-22 15:00:00', 0),
    (168, 56, 108, 108, 'MAT0108', '化工辅料108', '规格-4-4', 'kg', 7.175, 7.175, 0.000, NULL, 3, '到货明细 056-3', '2026-03-22 15:00:00', '2026-03-22 15:00:00', 0),
    (169, 57, 106, 106, 'MAT0106', '办公耗材106', '规格-2-2', '箱', 34.775, 34.775, 0.000, NULL, 1, '到货明细 057-1', '2026-03-26 15:00:00', '2026-03-26 15:00:00', 0),
    (170, 57, 107, 107, 'MAT0107', '设备配件107', '规格-3-3', '套', 8.450, 8.450, 0.000, NULL, 2, '到货明细 057-2', '2026-03-26 15:00:00', '2026-03-26 15:00:00', 0),
    (171, 57, 108, 108, 'MAT0108', '化工辅料108', '规格-4-4', 'kg', 13.325, 13.325, 0.000, NULL, 3, '到货明细 057-3', '2026-03-26 15:00:00', '2026-03-26 15:00:00', 0),
    (172, 58, 109, 1, 'MAT0001', '电子元件001', '规格-2-2', '个', 3.675, 3.675, 0.000, NULL, 1, '到货明细 058-1', '2026-03-23 15:00:00', '2026-03-23 15:00:00', 0),
    (173, 58, 110, 2, 'MAT0002', '五金耗材002', '规格-3-3', '件', 6.300, 6.300, 0.000, NULL, 2, '到货明细 058-2', '2026-03-23 15:00:00', '2026-03-23 15:00:00', 0),
    (174, 58, 111, 3, 'MAT0003', '包装材料003', '规格-4-4', '卷', 8.925, 8.925, 0.000, NULL, 3, '到货明细 058-3', '2026-03-23 15:00:00', '2026-03-23 15:00:00', 0),
    (175, 59, 109, 1, 'MAT0001', '电子元件001', '规格-2-2', '个', 6.825, 6.825, 0.000, NULL, 1, '到货明细 059-1', '2026-03-27 15:00:00', '2026-03-27 15:00:00', 0),
    (176, 59, 110, 2, 'MAT0002', '五金耗材002', '规格-3-3', '件', 11.700, 11.700, 0.000, NULL, 2, '到货明细 059-2', '2026-03-27 15:00:00', '2026-03-27 15:00:00', 0),
    (177, 59, 111, 3, 'MAT0003', '包装材料003', '规格-4-4', '卷', 16.575, 16.575, 0.000, NULL, 3, '到货明细 059-3', '2026-03-27 15:00:00', '2026-03-27 15:00:00', 0),
    (178, 60, 112, 4, 'MAT0004', '办公耗材004', '规格-5-5', '箱', 5.425, 4.991, 0.434, '到货存在少量破损，已记录异常', 1, '到货明细 060-1', '2026-03-24 15:00:00', '2026-03-24 15:00:00', 0),
    (179, 60, 113, 5, 'MAT0005', '设备配件005', '规格-6-1', '套', 8.050, 7.406, 0.644, '到货存在少量破损，已记录异常', 2, '到货明细 060-2', '2026-03-24 15:00:00', '2026-03-24 15:00:00', 0),
    (180, 60, 114, 6, 'MAT0006', '化工辅料006', '规格-7-2', 'kg', 10.675, 9.821, 0.854, '到货存在少量破损，已记录异常', 3, '到货明细 060-3', '2026-03-24 15:00:00', '2026-03-24 15:00:00', 0),
    (181, 61, 112, 4, 'MAT0004', '办公耗材004', '规格-5-5', '箱', 10.075, 10.075, 0.000, NULL, 1, '到货明细 061-1', '2026-03-28 15:00:00', '2026-03-28 15:00:00', 0),
    (182, 61, 113, 5, 'MAT0005', '设备配件005', '规格-6-1', '套', 14.950, 14.950, 0.000, NULL, 2, '到货明细 061-2', '2026-03-28 15:00:00', '2026-03-28 15:00:00', 0),
    (183, 61, 114, 6, 'MAT0006', '化工辅料006', '规格-7-2', 'kg', 19.825, 19.825, 0.000, NULL, 3, '到货明细 061-3', '2026-03-28 15:00:00', '2026-03-28 15:00:00', 0),
    (184, 62, 115, 7, 'MAT0007', '电子元件007', '规格-1-3', '个', 7.175, 7.175, 0.000, NULL, 1, '到货明细 062-1', '2026-03-22 15:00:00', '2026-03-22 15:00:00', 0),
    (185, 62, 116, 8, 'MAT0008', '五金耗材008', '规格-2-4', '件', 9.800, 9.800, 0.000, NULL, 2, '到货明细 062-2', '2026-03-22 15:00:00', '2026-03-22 15:00:00', 0),
    (186, 62, 117, 9, 'MAT0009', '包装材料009', '规格-3-5', '卷', 12.425, 12.425, 0.000, NULL, 3, '到货明细 062-3', '2026-03-22 15:00:00', '2026-03-22 15:00:00', 0),
    (187, 63, 115, 7, 'MAT0007', '电子元件007', '规格-1-3', '个', 13.325, 13.325, 0.000, NULL, 1, '到货明细 063-1', '2026-03-26 15:00:00', '2026-03-26 15:00:00', 0),
    (188, 63, 116, 8, 'MAT0008', '五金耗材008', '规格-2-4', '件', 18.200, 18.200, 0.000, NULL, 2, '到货明细 063-2', '2026-03-26 15:00:00', '2026-03-26 15:00:00', 0),
    (189, 63, 117, 9, 'MAT0009', '包装材料009', '规格-3-5', '卷', 23.075, 23.075, 0.000, NULL, 3, '到货明细 063-3', '2026-03-26 15:00:00', '2026-03-26 15:00:00', 0),
    (190, 64, 118, 10, 'MAT0010', '办公耗材010', '规格-4-1', '箱', 8.925, 8.925, 0.000, NULL, 1, '到货明细 064-1', '2026-03-23 15:00:00', '2026-03-23 15:00:00', 0),
    (191, 64, 119, 11, 'MAT0011', '设备配件011', '规格-5-2', '套', 11.550, 11.550, 0.000, NULL, 2, '到货明细 064-2', '2026-03-23 15:00:00', '2026-03-23 15:00:00', 0),
    (192, 64, 120, 12, 'MAT0012', '化工辅料012', '规格-6-3', 'kg', 14.175, 14.175, 0.000, NULL, 3, '到货明细 064-3', '2026-03-23 15:00:00', '2026-03-23 15:00:00', 0),
    (193, 65, 118, 10, 'MAT0010', '办公耗材010', '规格-4-1', '箱', 16.575, 15.249, 1.326, '到货存在少量破损，已记录异常', 1, '到货明细 065-1', '2026-03-27 15:00:00', '2026-03-27 15:00:00', 0),
    (194, 65, 119, 11, 'MAT0011', '设备配件011', '规格-5-2', '套', 21.450, 19.734, 1.716, '到货存在少量破损，已记录异常', 2, '到货明细 065-2', '2026-03-27 15:00:00', '2026-03-27 15:00:00', 0),
    (195, 65, 120, 12, 'MAT0012', '化工辅料012', '规格-6-3', 'kg', 26.325, 24.219, 2.106, '到货存在少量破损，已记录异常', 3, '到货明细 065-3', '2026-03-27 15:00:00', '2026-03-27 15:00:00', 0),
    (196, 66, 121, 13, 'MAT0013', '电子元件013', '规格-7-4', '个', 10.675, 10.675, 0.000, NULL, 1, '到货明细 066-1', '2026-03-24 15:00:00', '2026-03-24 15:00:00', 0),
    (197, 66, 122, 14, 'MAT0014', '五金耗材014', '规格-1-5', '件', 13.300, 13.300, 0.000, NULL, 2, '到货明细 066-2', '2026-03-24 15:00:00', '2026-03-24 15:00:00', 0),
    (198, 66, 123, 15, 'MAT0015', '包装材料015', '规格-2-1', '卷', 15.925, 15.925, 0.000, NULL, 3, '到货明细 066-3', '2026-03-24 15:00:00', '2026-03-24 15:00:00', 0),
    (199, 67, 121, 13, 'MAT0013', '电子元件013', '规格-7-4', '个', 19.825, 19.825, 0.000, NULL, 1, '到货明细 067-1', '2026-03-28 15:00:00', '2026-03-28 15:00:00', 0),
    (200, 67, 122, 14, 'MAT0014', '五金耗材014', '规格-1-5', '件', 24.700, 24.700, 0.000, NULL, 2, '到货明细 067-2', '2026-03-28 15:00:00', '2026-03-28 15:00:00', 0);

INSERT INTO `arrival_item` (`id`, `arrival_id`, `order_item_id`, `material_id`, `material_code`, `material_name`, `specification`, `unit`, `arrival_number`, `qualified_number`, `unqualified_number`, `abnormal_note`, `sort_number`, `remark`, `create_time`, `update_time`, `deleted`) VALUES
    (201, 67, 123, 15, 'MAT0015', '包装材料015', '规格-2-1', '卷', 29.575, 29.575, 0.000, NULL, 3, '到货明细 067-3', '2026-03-28 15:00:00', '2026-03-28 15:00:00', 0),
    (202, 68, 124, 16, 'MAT0016', '办公耗材016', '规格-3-2', '箱', 12.425, 12.425, 0.000, NULL, 1, '到货明细 068-1', '2026-03-25 15:00:00', '2026-03-25 15:00:00', 0),
    (203, 68, 125, 17, 'MAT0017', '设备配件017', '规格-4-3', '套', 15.050, 15.050, 0.000, NULL, 2, '到货明细 068-2', '2026-03-25 15:00:00', '2026-03-25 15:00:00', 0),
    (204, 68, 126, 18, 'MAT0018', '化工辅料018', '规格-5-4', 'kg', 17.675, 17.675, 0.000, NULL, 3, '到货明细 068-3', '2026-03-25 15:00:00', '2026-03-25 15:00:00', 0),
    (205, 69, 124, 16, 'MAT0016', '办公耗材016', '规格-3-2', '箱', 23.075, 23.075, 0.000, NULL, 1, '到货明细 069-1', '2026-03-29 15:00:00', '2026-03-29 15:00:00', 0),
    (206, 69, 125, 17, 'MAT0017', '设备配件017', '规格-4-3', '套', 27.950, 27.950, 0.000, NULL, 2, '到货明细 069-2', '2026-03-29 15:00:00', '2026-03-29 15:00:00', 0),
    (207, 69, 126, 18, 'MAT0018', '化工辅料018', '规格-5-4', 'kg', 32.825, 32.825, 0.000, NULL, 3, '到货明细 069-3', '2026-03-29 15:00:00', '2026-03-29 15:00:00', 0),
    (208, 70, 127, 19, 'MAT0019', '电子元件019', '规格-6-5', '个', 14.175, 13.041, 1.134, '到货存在少量破损，已记录异常', 1, '到货明细 070-1', '2026-03-23 15:00:00', '2026-03-23 15:00:00', 0),
    (209, 70, 128, 20, 'MAT0020', '五金耗材020', '规格-7-1', '件', 16.800, 15.456, 1.344, '到货存在少量破损，已记录异常', 2, '到货明细 070-2', '2026-03-23 15:00:00', '2026-03-23 15:00:00', 0),
    (210, 70, 129, 21, 'MAT0021', '包装材料021', '规格-1-2', '卷', 19.425, 17.871, 1.554, '到货存在少量破损，已记录异常', 3, '到货明细 070-3', '2026-03-23 15:00:00', '2026-03-23 15:00:00', 0),
    (211, 71, 127, 19, 'MAT0019', '电子元件019', '规格-6-5', '个', 26.325, 26.325, 0.000, NULL, 1, '到货明细 071-1', '2026-03-27 15:00:00', '2026-03-27 15:00:00', 0),
    (212, 71, 128, 20, 'MAT0020', '五金耗材020', '规格-7-1', '件', 31.200, 31.200, 0.000, NULL, 2, '到货明细 071-2', '2026-03-27 15:00:00', '2026-03-27 15:00:00', 0),
    (213, 71, 129, 21, 'MAT0021', '包装材料021', '规格-1-2', '卷', 36.075, 36.075, 0.000, NULL, 3, '到货明细 071-3', '2026-03-27 15:00:00', '2026-03-27 15:00:00', 0),
    (214, 72, 130, 22, 'MAT0022', '办公耗材022', '规格-2-3', '箱', 15.925, 15.925, 0.000, NULL, 1, '到货明细 072-1', '2026-03-24 15:00:00', '2026-03-24 15:00:00', 0),
    (215, 72, 131, 23, 'MAT0023', '设备配件023', '规格-3-4', '套', 18.550, 18.550, 0.000, NULL, 2, '到货明细 072-2', '2026-03-24 15:00:00', '2026-03-24 15:00:00', 0),
    (216, 72, 132, 24, 'MAT0024', '化工辅料024', '规格-4-5', 'kg', 4.375, 4.375, 0.000, NULL, 3, '到货明细 072-3', '2026-03-24 15:00:00', '2026-03-24 15:00:00', 0),
    (217, 73, 130, 22, 'MAT0022', '办公耗材022', '规格-2-3', '箱', 29.575, 29.575, 0.000, NULL, 1, '到货明细 073-1', '2026-03-28 15:00:00', '2026-03-28 15:00:00', 0),
    (218, 73, 131, 23, 'MAT0023', '设备配件023', '规格-3-4', '套', 34.450, 34.450, 0.000, NULL, 2, '到货明细 073-2', '2026-03-28 15:00:00', '2026-03-28 15:00:00', 0),
    (219, 73, 132, 24, 'MAT0024', '化工辅料024', '规格-4-5', 'kg', 8.125, 8.125, 0.000, NULL, 3, '到货明细 073-3', '2026-03-28 15:00:00', '2026-03-28 15:00:00', 0),
    (220, 74, 133, 25, 'MAT0025', '电子元件025', '规格-5-1', '个', 17.675, 17.675, 0.000, NULL, 1, '到货明细 074-1', '2026-03-25 15:00:00', '2026-03-25 15:00:00', 0),
    (221, 74, 134, 26, 'MAT0026', '五金耗材026', '规格-6-2', '件', 20.300, 20.300, 0.000, NULL, 2, '到货明细 074-2', '2026-03-25 15:00:00', '2026-03-25 15:00:00', 0),
    (222, 74, 135, 27, 'MAT0027', '包装材料027', '规格-7-3', '卷', 6.125, 6.125, 0.000, NULL, 3, '到货明细 074-3', '2026-03-25 15:00:00', '2026-03-25 15:00:00', 0),
    (223, 75, 133, 25, 'MAT0025', '电子元件025', '规格-5-1', '个', 32.825, 30.199, 2.626, '到货存在少量破损，已记录异常', 1, '到货明细 075-1', '2026-03-29 15:00:00', '2026-03-29 15:00:00', 0),
    (224, 75, 134, 26, 'MAT0026', '五金耗材026', '规格-6-2', '件', 37.700, 34.684, 3.016, '到货存在少量破损，已记录异常', 2, '到货明细 075-2', '2026-03-29 15:00:00', '2026-03-29 15:00:00', 0),
    (225, 75, 135, 27, 'MAT0027', '包装材料027', '规格-7-3', '卷', 11.375, 10.465, 0.910, '到货存在少量破损，已记录异常', 3, '到货明细 075-3', '2026-03-29 15:00:00', '2026-03-29 15:00:00', 0),
    (226, 76, 136, 28, 'MAT0028', '办公耗材028', '规格-1-4', '箱', 19.425, 19.425, 0.000, NULL, 1, '到货明细 076-1', '2026-03-26 15:00:00', '2026-03-26 15:00:00', 0),
    (227, 76, 137, 29, 'MAT0029', '设备配件029', '规格-2-5', '套', 5.250, 5.250, 0.000, NULL, 2, '到货明细 076-2', '2026-03-26 15:00:00', '2026-03-26 15:00:00', 0),
    (228, 76, 138, 30, 'MAT0030', '化工辅料030', '规格-3-1', 'kg', 7.875, 7.875, 0.000, NULL, 3, '到货明细 076-3', '2026-03-26 15:00:00', '2026-03-26 15:00:00', 0),
    (229, 77, 136, 28, 'MAT0028', '办公耗材028', '规格-1-4', '箱', 36.075, 36.075, 0.000, NULL, 1, '到货明细 077-1', '2026-03-30 15:00:00', '2026-03-30 15:00:00', 0),
    (230, 77, 137, 29, 'MAT0029', '设备配件029', '规格-2-5', '套', 9.750, 9.750, 0.000, NULL, 2, '到货明细 077-2', '2026-03-30 15:00:00', '2026-03-30 15:00:00', 0),
    (231, 77, 138, 30, 'MAT0030', '化工辅料030', '规格-3-1', 'kg', 14.625, 14.625, 0.000, NULL, 3, '到货明细 077-3', '2026-03-30 15:00:00', '2026-03-30 15:00:00', 0),
    (232, 78, 139, 31, 'MAT0031', '电子元件031', '规格-4-2', '个', 4.375, 4.375, 0.000, NULL, 1, '到货明细 078-1', '2026-03-24 15:00:00', '2026-03-24 15:00:00', 0),
    (233, 78, 140, 32, 'MAT0032', '五金耗材032', '规格-5-3', '件', 7.000, 7.000, 0.000, NULL, 2, '到货明细 078-2', '2026-03-24 15:00:00', '2026-03-24 15:00:00', 0),
    (234, 78, 141, 33, 'MAT0033', '包装材料033', '规格-6-4', '卷', 9.625, 9.625, 0.000, NULL, 3, '到货明细 078-3', '2026-03-24 15:00:00', '2026-03-24 15:00:00', 0),
    (235, 79, 139, 31, 'MAT0031', '电子元件031', '规格-4-2', '个', 8.125, 8.125, 0.000, NULL, 1, '到货明细 079-1', '2026-03-28 15:00:00', '2026-03-28 15:00:00', 0),
    (236, 79, 140, 32, 'MAT0032', '五金耗材032', '规格-5-3', '件', 13.000, 13.000, 0.000, NULL, 2, '到货明细 079-2', '2026-03-28 15:00:00', '2026-03-28 15:00:00', 0),
    (237, 79, 141, 33, 'MAT0033', '包装材料033', '规格-6-4', '卷', 17.875, 17.875, 0.000, NULL, 3, '到货明细 079-3', '2026-03-28 15:00:00', '2026-03-28 15:00:00', 0),
    (238, 80, 142, 34, 'MAT0034', '办公耗材034', '规格-7-5', '箱', 6.125, 5.635, 0.490, '到货存在少量破损，已记录异常', 1, '到货明细 080-1', '2026-03-25 15:00:00', '2026-03-25 15:00:00', 0),
    (239, 80, 143, 35, 'MAT0035', '设备配件035', '规格-1-1', '套', 8.750, 8.050, 0.700, '到货存在少量破损，已记录异常', 2, '到货明细 080-2', '2026-03-25 15:00:00', '2026-03-25 15:00:00', 0),
    (240, 80, 144, 36, 'MAT0036', '化工辅料036', '规格-2-2', 'kg', 11.375, 10.465, 0.910, '到货存在少量破损，已记录异常', 3, '到货明细 080-3', '2026-03-25 15:00:00', '2026-03-25 15:00:00', 0),
    (241, 81, 142, 34, 'MAT0034', '办公耗材034', '规格-7-5', '箱', 11.375, 11.375, 0.000, NULL, 1, '到货明细 081-1', '2026-03-29 15:00:00', '2026-03-29 15:00:00', 0),
    (242, 81, 143, 35, 'MAT0035', '设备配件035', '规格-1-1', '套', 16.250, 16.250, 0.000, NULL, 2, '到货明细 081-2', '2026-03-29 15:00:00', '2026-03-29 15:00:00', 0),
    (243, 81, 144, 36, 'MAT0036', '化工辅料036', '规格-2-2', 'kg', 21.125, 21.125, 0.000, NULL, 3, '到货明细 081-3', '2026-03-29 15:00:00', '2026-03-29 15:00:00', 0),
    (244, 82, 145, 37, 'MAT0037', '电子元件037', '规格-3-3', '个', 7.875, 7.875, 0.000, NULL, 1, '到货明细 082-1', '2026-03-26 15:00:00', '2026-03-26 15:00:00', 0),
    (245, 82, 146, 38, 'MAT0038', '五金耗材038', '规格-4-4', '件', 10.500, 10.500, 0.000, NULL, 2, '到货明细 082-2', '2026-03-26 15:00:00', '2026-03-26 15:00:00', 0),
    (246, 82, 147, 39, 'MAT0039', '包装材料039', '规格-5-5', '卷', 13.125, 13.125, 0.000, NULL, 3, '到货明细 082-3', '2026-03-26 15:00:00', '2026-03-26 15:00:00', 0),
    (247, 83, 145, 37, 'MAT0037', '电子元件037', '规格-3-3', '个', 14.625, 14.625, 0.000, NULL, 1, '到货明细 083-1', '2026-03-30 15:00:00', '2026-03-30 15:00:00', 0),
    (248, 83, 146, 38, 'MAT0038', '五金耗材038', '规格-4-4', '件', 19.500, 19.500, 0.000, NULL, 2, '到货明细 083-2', '2026-03-30 15:00:00', '2026-03-30 15:00:00', 0),
    (249, 83, 147, 39, 'MAT0039', '包装材料039', '规格-5-5', '卷', 24.375, 24.375, 0.000, NULL, 3, '到货明细 083-3', '2026-03-30 15:00:00', '2026-03-30 15:00:00', 0),
    (250, 84, 148, 40, 'MAT0040', '办公耗材040', '规格-6-1', '箱', 9.625, 9.625, 0.000, NULL, 1, '到货明细 084-1', '2026-03-27 15:00:00', '2026-03-27 15:00:00', 0),
    (251, 84, 149, 41, 'MAT0041', '设备配件041', '规格-7-2', '套', 12.250, 12.250, 0.000, NULL, 2, '到货明细 084-2', '2026-03-27 15:00:00', '2026-03-27 15:00:00', 0),
    (252, 84, 150, 42, 'MAT0042', '化工辅料042', '规格-1-3', 'kg', 14.875, 14.875, 0.000, NULL, 3, '到货明细 084-3', '2026-03-27 15:00:00', '2026-03-27 15:00:00', 0),
    (253, 85, 148, 40, 'MAT0040', '办公耗材040', '规格-6-1', '箱', 17.875, 16.445, 1.430, '到货存在少量破损，已记录异常', 1, '到货明细 085-1', '2026-03-31 15:00:00', '2026-03-31 15:00:00', 0),
    (254, 85, 149, 41, 'MAT0041', '设备配件041', '规格-7-2', '套', 22.750, 20.930, 1.820, '到货存在少量破损，已记录异常', 2, '到货明细 085-2', '2026-03-31 15:00:00', '2026-03-31 15:00:00', 0),
    (255, 85, 150, 42, 'MAT0042', '化工辅料042', '规格-1-3', 'kg', 27.625, 25.415, 2.210, '到货存在少量破损，已记录异常', 3, '到货明细 085-3', '2026-03-31 15:00:00', '2026-03-31 15:00:00', 0),
    (256, 86, 151, 43, 'MAT0043', '电子元件043', '规格-2-4', '个', 11.375, 11.375, 0.000, NULL, 1, '到货明细 086-1', '2026-03-25 15:00:00', '2026-03-25 15:00:00', 0),
    (257, 86, 152, 44, 'MAT0044', '五金耗材044', '规格-3-5', '件', 14.000, 14.000, 0.000, NULL, 2, '到货明细 086-2', '2026-03-25 15:00:00', '2026-03-25 15:00:00', 0),
    (258, 86, 153, 45, 'MAT0045', '包装材料045', '规格-4-1', '卷', 16.625, 16.625, 0.000, NULL, 3, '到货明细 086-3', '2026-03-25 15:00:00', '2026-03-25 15:00:00', 0),
    (259, 87, 151, 43, 'MAT0043', '电子元件043', '规格-2-4', '个', 21.125, 21.125, 0.000, NULL, 1, '到货明细 087-1', '2026-03-29 15:00:00', '2026-03-29 15:00:00', 0),
    (260, 87, 152, 44, 'MAT0044', '五金耗材044', '规格-3-5', '件', 26.000, 26.000, 0.000, NULL, 2, '到货明细 087-2', '2026-03-29 15:00:00', '2026-03-29 15:00:00', 0),
    (261, 87, 153, 45, 'MAT0045', '包装材料045', '规格-4-1', '卷', 30.875, 30.875, 0.000, NULL, 3, '到货明细 087-3', '2026-03-29 15:00:00', '2026-03-29 15:00:00', 0),
    (262, 88, 154, 46, 'MAT0046', '办公耗材046', '规格-5-2', '箱', 13.125, 13.125, 0.000, NULL, 1, '到货明细 088-1', '2026-03-26 15:00:00', '2026-03-26 15:00:00', 0),
    (263, 88, 155, 47, 'MAT0047', '设备配件047', '规格-6-3', '套', 15.750, 15.750, 0.000, NULL, 2, '到货明细 088-2', '2026-03-26 15:00:00', '2026-03-26 15:00:00', 0),
    (264, 88, 156, 48, 'MAT0048', '化工辅料048', '规格-7-4', 'kg', 18.375, 18.375, 0.000, NULL, 3, '到货明细 088-3', '2026-03-26 15:00:00', '2026-03-26 15:00:00', 0),
    (265, 89, 154, 46, 'MAT0046', '办公耗材046', '规格-5-2', '箱', 24.375, 24.375, 0.000, NULL, 1, '到货明细 089-1', '2026-03-30 15:00:00', '2026-03-30 15:00:00', 0),
    (266, 89, 155, 47, 'MAT0047', '设备配件047', '规格-6-3', '套', 29.250, 29.250, 0.000, NULL, 2, '到货明细 089-2', '2026-03-30 15:00:00', '2026-03-30 15:00:00', 0),
    (267, 89, 156, 48, 'MAT0048', '化工辅料048', '规格-7-4', 'kg', 34.125, 34.125, 0.000, NULL, 3, '到货明细 089-3', '2026-03-30 15:00:00', '2026-03-30 15:00:00', 0),
    (268, 90, 157, 49, 'MAT0049', '电子元件049', '规格-1-5', '个', 14.875, 13.685, 1.190, '到货存在少量破损，已记录异常', 1, '到货明细 090-1', '2026-03-27 15:00:00', '2026-03-27 15:00:00', 0),
    (269, 90, 158, 50, 'MAT0050', '五金耗材050', '规格-2-1', '件', 17.500, 16.100, 1.400, '到货存在少量破损，已记录异常', 2, '到货明细 090-2', '2026-03-27 15:00:00', '2026-03-27 15:00:00', 0),
    (270, 90, 159, 51, 'MAT0051', '包装材料051', '规格-3-2', '卷', 20.125, 18.515, 1.610, '到货存在少量破损，已记录异常', 3, '到货明细 090-3', '2026-03-27 15:00:00', '2026-03-27 15:00:00', 0),
    (271, 91, 157, 49, 'MAT0049', '电子元件049', '规格-1-5', '个', 27.625, 27.625, 0.000, NULL, 1, '到货明细 091-1', '2026-03-31 15:00:00', '2026-03-31 15:00:00', 0),
    (272, 91, 158, 50, 'MAT0050', '五金耗材050', '规格-2-1', '件', 32.500, 32.500, 0.000, NULL, 2, '到货明细 091-2', '2026-03-31 15:00:00', '2026-03-31 15:00:00', 0),
    (273, 91, 159, 51, 'MAT0051', '包装材料051', '规格-3-2', '卷', 37.375, 37.375, 0.000, NULL, 3, '到货明细 091-3', '2026-03-31 15:00:00', '2026-03-31 15:00:00', 0),
    (274, 92, 160, 52, 'MAT0052', '办公耗材052', '规格-4-3', '箱', 16.625, 16.625, 0.000, NULL, 1, '到货明细 092-1', '2026-03-28 15:00:00', '2026-03-28 15:00:00', 0),
    (275, 92, 161, 53, 'MAT0053', '设备配件053', '规格-5-4', '套', 19.250, 19.250, 0.000, NULL, 2, '到货明细 092-2', '2026-03-28 15:00:00', '2026-03-28 15:00:00', 0),
    (276, 92, 162, 54, 'MAT0054', '化工辅料054', '规格-6-5', 'kg', 5.075, 5.075, 0.000, NULL, 3, '到货明细 092-3', '2026-03-28 15:00:00', '2026-03-28 15:00:00', 0),
    (277, 93, 160, 52, 'MAT0052', '办公耗材052', '规格-4-3', '箱', 30.875, 30.875, 0.000, NULL, 1, '到货明细 093-1', '2026-04-01 15:00:00', '2026-04-01 15:00:00', 0),
    (278, 93, 161, 53, 'MAT0053', '设备配件053', '规格-5-4', '套', 35.750, 35.750, 0.000, NULL, 2, '到货明细 093-2', '2026-04-01 15:00:00', '2026-04-01 15:00:00', 0),
    (279, 93, 162, 54, 'MAT0054', '化工辅料054', '规格-6-5', 'kg', 9.425, 9.425, 0.000, NULL, 3, '到货明细 093-3', '2026-04-01 15:00:00', '2026-04-01 15:00:00', 0),
    (280, 94, 163, 55, 'MAT0055', '电子元件055', '规格-7-1', '个', 18.375, 18.375, 0.000, NULL, 1, '到货明细 094-1', '2026-03-26 15:00:00', '2026-03-26 15:00:00', 0),
    (281, 94, 164, 56, 'MAT0056', '五金耗材056', '规格-1-2', '件', 4.200, 4.200, 0.000, NULL, 2, '到货明细 094-2', '2026-03-26 15:00:00', '2026-03-26 15:00:00', 0),
    (282, 94, 165, 57, 'MAT0057', '包装材料057', '规格-2-3', '卷', 6.825, 6.825, 0.000, NULL, 3, '到货明细 094-3', '2026-03-26 15:00:00', '2026-03-26 15:00:00', 0),
    (283, 95, 163, 55, 'MAT0055', '电子元件055', '规格-7-1', '个', 34.125, 31.395, 2.730, '到货存在少量破损，已记录异常', 1, '到货明细 095-1', '2026-03-30 15:00:00', '2026-03-30 15:00:00', 0),
    (284, 95, 164, 56, 'MAT0056', '五金耗材056', '规格-1-2', '件', 7.800, 7.176, 0.624, '到货存在少量破损，已记录异常', 2, '到货明细 095-2', '2026-03-30 15:00:00', '2026-03-30 15:00:00', 0),
    (285, 95, 165, 57, 'MAT0057', '包装材料057', '规格-2-3', '卷', 12.675, 11.661, 1.014, '到货存在少量破损，已记录异常', 3, '到货明细 095-3', '2026-03-30 15:00:00', '2026-03-30 15:00:00', 0),
    (286, 96, 166, 58, 'MAT0058', '办公耗材058', '规格-3-4', '箱', 20.125, 20.125, 0.000, NULL, 1, '到货明细 096-1', '2026-03-27 15:00:00', '2026-03-27 15:00:00', 0),
    (287, 96, 167, 59, 'MAT0059', '设备配件059', '规格-4-5', '套', 5.950, 5.950, 0.000, NULL, 2, '到货明细 096-2', '2026-03-27 15:00:00', '2026-03-27 15:00:00', 0),
    (288, 96, 168, 60, 'MAT0060', '化工辅料060', '规格-5-1', 'kg', 8.575, 8.575, 0.000, NULL, 3, '到货明细 096-3', '2026-03-27 15:00:00', '2026-03-27 15:00:00', 0),
    (289, 97, 166, 58, 'MAT0058', '办公耗材058', '规格-3-4', '箱', 37.375, 37.375, 0.000, NULL, 1, '到货明细 097-1', '2026-03-31 15:00:00', '2026-03-31 15:00:00', 0),
    (290, 97, 167, 59, 'MAT0059', '设备配件059', '规格-4-5', '套', 11.050, 11.050, 0.000, NULL, 2, '到货明细 097-2', '2026-03-31 15:00:00', '2026-03-31 15:00:00', 0),
    (291, 97, 168, 60, 'MAT0060', '化工辅料060', '规格-5-1', 'kg', 15.925, 15.925, 0.000, NULL, 3, '到货明细 097-3', '2026-03-31 15:00:00', '2026-03-31 15:00:00', 0),
    (292, 98, 169, 61, 'MAT0061', '电子元件061', '规格-6-2', '个', 5.075, 5.075, 0.000, NULL, 1, '到货明细 098-1', '2026-03-28 15:00:00', '2026-03-28 15:00:00', 0),
    (293, 98, 170, 62, 'MAT0062', '五金耗材062', '规格-7-3', '件', 7.700, 7.700, 0.000, NULL, 2, '到货明细 098-2', '2026-03-28 15:00:00', '2026-03-28 15:00:00', 0),
    (294, 98, 171, 63, 'MAT0063', '包装材料063', '规格-1-4', '卷', 10.325, 10.325, 0.000, NULL, 3, '到货明细 098-3', '2026-03-28 15:00:00', '2026-03-28 15:00:00', 0),
    (295, 99, 169, 61, 'MAT0061', '电子元件061', '规格-6-2', '个', 9.425, 9.425, 0.000, NULL, 1, '到货明细 099-1', '2026-04-01 15:00:00', '2026-04-01 15:00:00', 0),
    (296, 99, 170, 62, 'MAT0062', '五金耗材062', '规格-7-3', '件', 14.300, 14.300, 0.000, NULL, 2, '到货明细 099-2', '2026-04-01 15:00:00', '2026-04-01 15:00:00', 0),
    (297, 99, 171, 63, 'MAT0063', '包装材料063', '规格-1-4', '卷', 19.175, 19.175, 0.000, NULL, 3, '到货明细 099-3', '2026-04-01 15:00:00', '2026-04-01 15:00:00', 0),
    (298, 100, 172, 64, 'MAT0064', '办公耗材064', '规格-2-5', '箱', 6.825, 6.825, 0.000, NULL, 1, '到货明细 100-1', '2026-03-29 15:00:00', '2026-03-29 15:00:00', 0),
    (299, 100, 173, 65, 'MAT0065', '设备配件065', '规格-3-1', '套', 9.450, 9.450, 0.000, NULL, 2, '到货明细 100-2', '2026-03-29 15:00:00', '2026-03-29 15:00:00', 0),
    (300, 100, 174, 66, 'MAT0066', '化工辅料066', '规格-4-2', 'kg', 12.075, 12.075, 0.000, NULL, 3, '到货明细 100-3', '2026-03-29 15:00:00', '2026-03-29 15:00:00', 0),
    (301, 101, 172, 64, 'MAT0064', '办公耗材064', '规格-2-5', '箱', 12.675, 12.675, 0.000, NULL, 1, '到货明细 101-1', '2026-04-02 15:00:00', '2026-04-02 15:00:00', 0),
    (302, 101, 173, 65, 'MAT0065', '设备配件065', '规格-3-1', '套', 17.550, 17.550, 0.000, NULL, 2, '到货明细 101-2', '2026-04-02 15:00:00', '2026-04-02 15:00:00', 0),
    (303, 101, 174, 66, 'MAT0066', '化工辅料066', '规格-4-2', 'kg', 22.425, 22.425, 0.000, NULL, 3, '到货明细 101-3', '2026-04-02 15:00:00', '2026-04-02 15:00:00', 0),
    (304, 102, 175, 67, 'MAT0067', '电子元件067', '规格-5-3', '个', 8.575, 8.575, 0.000, NULL, 1, '到货明细 102-1', '2026-03-27 15:00:00', '2026-03-27 15:00:00', 0),
    (305, 102, 176, 68, 'MAT0068', '五金耗材068', '规格-6-4', '件', 11.200, 11.200, 0.000, NULL, 2, '到货明细 102-2', '2026-03-27 15:00:00', '2026-03-27 15:00:00', 0),
    (306, 102, 177, 69, 'MAT0069', '包装材料069', '规格-7-5', '卷', 13.825, 13.825, 0.000, NULL, 3, '到货明细 102-3', '2026-03-27 15:00:00', '2026-03-27 15:00:00', 0),
    (307, 103, 175, 67, 'MAT0067', '电子元件067', '规格-5-3', '个', 15.925, 15.925, 0.000, NULL, 1, '到货明细 103-1', '2026-03-31 15:00:00', '2026-03-31 15:00:00', 0),
    (308, 103, 176, 68, 'MAT0068', '五金耗材068', '规格-6-4', '件', 20.800, 20.800, 0.000, NULL, 2, '到货明细 103-2', '2026-03-31 15:00:00', '2026-03-31 15:00:00', 0),
    (309, 103, 177, 69, 'MAT0069', '包装材料069', '规格-7-5', '卷', 25.675, 25.675, 0.000, NULL, 3, '到货明细 103-3', '2026-03-31 15:00:00', '2026-03-31 15:00:00', 0),
    (310, 104, 178, 70, 'MAT0070', '办公耗材070', '规格-1-1', '箱', 10.325, 10.325, 0.000, NULL, 1, '到货明细 104-1', '2026-03-28 15:00:00', '2026-03-28 15:00:00', 0),
    (311, 104, 179, 71, 'MAT0071', '设备配件071', '规格-2-2', '套', 12.950, 12.950, 0.000, NULL, 2, '到货明细 104-2', '2026-03-28 15:00:00', '2026-03-28 15:00:00', 0),
    (312, 104, 180, 72, 'MAT0072', '化工辅料072', '规格-3-3', 'kg', 15.575, 15.575, 0.000, NULL, 3, '到货明细 104-3', '2026-03-28 15:00:00', '2026-03-28 15:00:00', 0),
    (313, 105, 178, 70, 'MAT0070', '办公耗材070', '规格-1-1', '箱', 19.175, 19.175, 0.000, NULL, 1, '到货明细 105-1', '2026-04-01 15:00:00', '2026-04-01 15:00:00', 0),
    (314, 105, 179, 71, 'MAT0071', '设备配件071', '规格-2-2', '套', 24.050, 24.050, 0.000, NULL, 2, '到货明细 105-2', '2026-04-01 15:00:00', '2026-04-01 15:00:00', 0),
    (315, 105, 180, 72, 'MAT0072', '化工辅料072', '规格-3-3', 'kg', 28.925, 28.925, 0.000, NULL, 3, '到货明细 105-3', '2026-04-01 15:00:00', '2026-04-01 15:00:00', 0),
    (316, 106, 226, 10, 'MAT0010', '办公耗材010', '规格-4-1', '箱', 13.500, 12.420, 1.080, '到货不完整，订单已关闭，保留异常记录', 1, '到货明细 106-1', '2026-03-29 15:00:00', '2026-03-29 15:00:00', 0),
    (317, 106, 227, 11, 'MAT0011', '设备配件011', '规格-5-2', '套', 21.000, 19.320, 1.680, '到货不完整，订单已关闭，保留异常记录', 2, '到货明细 106-2', '2026-03-29 15:00:00', '2026-03-29 15:00:00', 0),
    (318, 106, 228, 12, 'MAT0012', '化工辅料012', '规格-6-3', 'kg', 28.500, 26.220, 2.280, '到货不完整，订单已关闭，保留异常记录', 3, '到货明细 106-3', '2026-03-29 15:00:00', '2026-03-29 15:00:00', 0),
    (319, 107, 229, 13, 'MAT0013', '电子元件013', '规格-7-4', '个', 18.500, 18.500, 0.000, NULL, 1, '到货明细 107-1', '2026-03-31 15:00:00', '2026-03-31 15:00:00', 0),
    (320, 107, 230, 14, 'MAT0014', '五金耗材014', '规格-1-5', '件', 26.000, 26.000, 0.000, NULL, 2, '到货明细 107-2', '2026-03-31 15:00:00', '2026-03-31 15:00:00', 0),
    (321, 107, 231, 15, 'MAT0015', '包装材料015', '规格-2-1', '卷', 33.500, 33.500, 0.000, NULL, 3, '到货明细 107-3', '2026-03-31 15:00:00', '2026-03-31 15:00:00', 0),
    (322, 108, 232, 16, 'MAT0016', '办公耗材016', '规格-3-2', '箱', 23.500, 21.620, 1.880, '到货不完整，订单已关闭，保留异常记录', 1, '到货明细 108-1', '2026-04-01 15:00:00', '2026-04-01 15:00:00', 0),
    (323, 108, 233, 17, 'MAT0017', '设备配件017', '规格-4-3', '套', 31.000, 28.520, 2.480, '到货不完整，订单已关闭，保留异常记录', 2, '到货明细 108-2', '2026-04-01 15:00:00', '2026-04-01 15:00:00', 0),
    (324, 108, 234, 18, 'MAT0018', '化工辅料018', '规格-5-4', 'kg', 38.500, 35.420, 3.080, '到货不完整，订单已关闭，保留异常记录', 3, '到货明细 108-3', '2026-04-01 15:00:00', '2026-04-01 15:00:00', 0);

INSERT INTO `inbound` (`id`, `inbound_no`, `arrival_id`, `warehouse_id`, `inbound_number`, `status`, `operator_id`, `inbound_time`, `remark`, `create_time`, `update_time`, `deleted`) VALUES
    (1, 'IN2026040001', 1, 1, 37.800, 'COMPLETED', 36, '2026-03-26 10:00:00', '到货已完成入库确认', '2026-03-25 16:00:00', '2026-03-26 10:00:00', 0),
    (2, 'IN2026040002', 2, 1, 37.800, 'COMPLETED', 36, '2026-03-29 10:00:00', '到货已完成入库确认', '2026-03-28 16:00:00', '2026-03-29 10:00:00', 0),
    (3, 'IN2026040003', 3, 1, 50.400, 'COMPLETED', 36, '2026-04-01 10:00:00', '到货已完成入库确认', '2026-03-31 16:00:00', '2026-04-01 10:00:00', 0),
    (4, 'IN2026040004', 4, 2, 42.300, 'COMPLETED', 37, '2026-03-27 10:00:00', '到货已完成入库确认', '2026-03-26 16:00:00', '2026-03-27 10:00:00', 0),
    (5, 'IN2026040005', 5, 2, 42.300, 'COMPLETED', 37, '2026-03-30 10:00:00', '到货已完成入库确认', '2026-03-29 16:00:00', '2026-03-30 10:00:00', 0),
    (6, 'IN2026040006', 6, 2, 56.400, 'COMPLETED', 37, '2026-04-02 10:00:00', '到货已完成入库确认', '2026-04-01 16:00:00', '2026-04-02 10:00:00', 0),
    (7, 'IN2026040007', 7, 3, 32.400, 'COMPLETED', 38, '2026-03-29 10:00:00', '到货已完成入库确认', '2026-03-28 16:00:00', '2026-03-29 10:00:00', 0),
    (8, 'IN2026040008', 8, 3, 32.400, 'COMPLETED', 38, '2026-04-01 10:00:00', '到货已完成入库确认', '2026-03-31 16:00:00', '2026-04-01 10:00:00', 0),
    (9, 'IN2026040009', 9, 3, 43.200, 'COMPLETED', 38, '2026-04-04 10:00:00', '到货已完成入库确认', '2026-04-03 16:00:00', '2026-04-04 10:00:00', 0),
    (10, 'IN2026040010', 10, 4, 36.900, 'COMPLETED', 39, '2026-03-27 10:00:00', '到货已完成入库确认', '2026-03-26 16:00:00', '2026-03-27 10:00:00', 0),
    (11, 'IN2026040011', 11, 4, 36.900, 'COMPLETED', 39, '2026-03-30 10:00:00', '到货已完成入库确认', '2026-03-29 16:00:00', '2026-03-30 10:00:00', 0),
    (12, 'IN2026040012', 12, 4, 49.200, 'COMPLETED', 39, '2026-04-02 10:00:00', '到货已完成入库确认', '2026-04-01 16:00:00', '2026-04-02 10:00:00', 0),
    (13, 'IN2026040013', 13, 5, 27.000, 'COMPLETED', 40, '2026-03-28 10:00:00', '到货已完成入库确认', '2026-03-27 16:00:00', '2026-03-28 10:00:00', 0),
    (14, 'IN2026040014', 14, 5, 27.000, 'COMPLETED', 40, '2026-03-31 10:00:00', '到货已完成入库确认', '2026-03-30 16:00:00', '2026-03-31 10:00:00', 0),
    (15, 'IN2026040015', 15, 5, 36.000, 'COMPLETED', 40, '2026-04-03 10:00:00', '到货已完成入库确认', '2026-04-02 16:00:00', '2026-04-03 10:00:00', 0),
    (16, 'IN2026040016', 16, 6, 17.100, 'COMPLETED', 41, '2026-03-29 10:00:00', '到货已完成入库确认', '2026-03-28 16:00:00', '2026-03-29 10:00:00', 0),
    (17, 'IN2026040017', 17, 6, 17.100, 'COMPLETED', 41, '2026-04-01 10:00:00', '到货已完成入库确认', '2026-03-31 16:00:00', '2026-04-01 10:00:00', 0),
    (18, 'IN2026040018', 18, 6, 22.800, 'COMPLETED', 41, '2026-04-04 10:00:00', '到货已完成入库确认', '2026-04-03 16:00:00', '2026-04-04 10:00:00', 0),
    (19, 'IN2026040019', 19, 7, 21.600, 'COMPLETED', 42, '2026-03-28 10:00:00', '到货已完成入库确认', '2026-03-27 16:00:00', '2026-03-28 10:00:00', 0),
    (20, 'IN2026040020', 20, 7, 21.600, 'COMPLETED', 42, '2026-03-31 10:00:00', '到货已完成入库确认', '2026-03-30 16:00:00', '2026-03-31 10:00:00', 0),
    (21, 'IN2026040021', 21, 7, 28.800, 'COMPLETED', 42, '2026-04-03 10:00:00', '到货已完成入库确认', '2026-04-02 16:00:00', '2026-04-03 10:00:00', 0),
    (22, 'IN2026040022', 22, 8, 26.100, 'COMPLETED', 43, '2026-03-29 10:00:00', '到货已完成入库确认', '2026-03-28 16:00:00', '2026-03-29 10:00:00', 0),
    (23, 'IN2026040023', 23, 8, 26.100, 'COMPLETED', 43, '2026-04-01 10:00:00', '到货已完成入库确认', '2026-03-31 16:00:00', '2026-04-01 10:00:00', 0),
    (24, 'IN2026040024', 24, 8, 34.800, 'COMPLETED', 43, '2026-04-04 10:00:00', '到货已完成入库确认', '2026-04-03 16:00:00', '2026-04-04 10:00:00', 0),
    (25, 'IN2026040025', 25, 9, 30.600, 'COMPLETED', 44, '2026-03-30 10:00:00', '到货已完成入库确认', '2026-03-29 16:00:00', '2026-03-30 10:00:00', 0),
    (26, 'IN2026040026', 26, 9, 30.600, 'COMPLETED', 44, '2026-04-02 10:00:00', '到货已完成入库确认', '2026-04-01 16:00:00', '2026-04-02 10:00:00', 0),
    (27, 'IN2026040027', 27, 9, 40.800, 'COMPLETED', 44, '2026-04-05 10:00:00', '到货已完成入库确认', '2026-04-04 16:00:00', '2026-04-05 10:00:00', 0),
    (28, 'IN2026040028', 28, 10, 35.100, 'COMPLETED', 45, '2026-03-28 10:00:00', '到货已完成入库确认', '2026-03-27 16:00:00', '2026-03-28 10:00:00', 0),
    (29, 'IN2026040029', 29, 10, 35.100, 'COMPLETED', 45, '2026-03-31 10:00:00', '到货已完成入库确认', '2026-03-30 16:00:00', '2026-03-31 10:00:00', 0),
    (30, 'IN2026040030', 30, 10, 46.800, 'COMPLETED', 45, '2026-04-03 10:00:00', '到货已完成入库确认', '2026-04-02 16:00:00', '2026-04-03 10:00:00', 0),
    (31, 'IN2026040031', 31, 1, 39.600, 'COMPLETED', 36, '2026-03-31 10:00:00', '到货已完成入库确认', '2026-03-30 16:00:00', '2026-03-31 10:00:00', 0),
    (32, 'IN2026040032', 32, 1, 39.600, 'COMPLETED', 36, '2026-04-03 10:00:00', '到货已完成入库确认', '2026-04-02 16:00:00', '2026-04-03 10:00:00', 0),
    (33, 'IN2026040033', 33, 1, 52.800, 'COMPLETED', 36, '2026-04-06 10:00:00', '到货已完成入库确认', '2026-04-05 16:00:00', '2026-04-06 10:00:00', 0),
    (34, 'IN2026040034', 34, 2, 44.100, 'COMPLETED', 37, '2026-04-01 10:00:00', '到货已完成入库确认', '2026-03-31 16:00:00', '2026-04-01 10:00:00', 0),
    (35, 'IN2026040035', 35, 2, 44.100, 'COMPLETED', 37, '2026-04-04 10:00:00', '到货已完成入库确认', '2026-04-03 16:00:00', '2026-04-04 10:00:00', 0),
    (36, 'IN2026040036', 36, 2, 58.800, 'COMPLETED', 37, '2026-04-07 10:00:00', '到货已完成入库确认', '2026-04-06 16:00:00', '2026-04-07 10:00:00', 0),
    (37, 'IN2026040037', 37, 3, 34.200, 'COMPLETED', 38, '2026-03-31 10:00:00', '到货已完成入库确认', '2026-03-30 16:00:00', '2026-03-31 10:00:00', 0),
    (38, 'IN2026040038', 38, 3, 34.200, 'COMPLETED', 38, '2026-04-03 10:00:00', '到货已完成入库确认', '2026-04-02 16:00:00', '2026-04-03 10:00:00', 0),
    (39, 'IN2026040039', 39, 3, 45.600, 'COMPLETED', 38, '2026-04-06 10:00:00', '到货已完成入库确认', '2026-04-05 16:00:00', '2026-04-06 10:00:00', 0),
    (40, 'IN2026040040', 40, 4, 24.300, 'COMPLETED', 39, '2026-04-01 10:00:00', '到货已完成入库确认', '2026-03-31 16:00:00', '2026-04-01 10:00:00', 0),
    (41, 'IN2026040041', 41, 4, 24.300, 'COMPLETED', 39, '2026-04-04 10:00:00', '到货已完成入库确认', '2026-04-03 16:00:00', '2026-04-04 10:00:00', 0),
    (42, 'IN2026040042', 42, 4, 32.400, 'COMPLETED', 39, '2026-04-07 10:00:00', '到货已完成入库确认', '2026-04-06 16:00:00', '2026-04-07 10:00:00', 0),
    (43, 'IN2026040043', 43, 5, 28.800, 'COMPLETED', 40, '2026-04-02 10:00:00', '到货已完成入库确认', '2026-04-01 16:00:00', '2026-04-02 10:00:00', 0),
    (44, 'IN2026040044', 44, 5, 28.800, 'COMPLETED', 40, '2026-04-05 10:00:00', '到货已完成入库确认', '2026-04-04 16:00:00', '2026-04-05 10:00:00', 0),
    (45, 'IN2026040045', 45, 5, 38.400, 'COMPLETED', 40, '2026-04-08 10:00:00', '到货已完成入库确认', '2026-04-07 16:00:00', '2026-04-08 10:00:00', 0),
    (46, 'IN2026040046', 46, 1, 37.800, 'COMPLETED', 36, '2026-03-21 10:00:00', '到货已完成入库确认', '2026-03-20 16:00:00', '2026-03-21 10:00:00', 0),
    (47, 'IN2026040047', 47, 1, 70.200, 'COMPLETED', 36, '2026-03-25 10:00:00', '到货已完成入库确认', '2026-03-24 16:00:00', '2026-03-25 10:00:00', 0),
    (48, 'IN2026040048', 48, 2, 43.050, 'COMPLETED', 37, '2026-03-22 10:00:00', '到货已完成入库确认', '2026-03-21 16:00:00', '2026-03-22 10:00:00', 0),
    (49, 'IN2026040049', 49, 2, 79.950, 'COMPLETED', 37, '2026-03-26 10:00:00', '到货已完成入库确认', '2026-03-25 16:00:00', '2026-03-26 10:00:00', 0),
    (50, 'IN2026040050', 50, 3, 44.436, 'COMPLETED', 38, '2026-03-23 10:00:00', '到货已完成入库确认', '2026-03-22 16:00:00', '2026-03-23 10:00:00', 0),
    (51, 'IN2026040051', 51, 3, 89.700, 'COMPLETED', 38, '2026-03-27 10:00:00', '到货已完成入库确认', '2026-03-26 16:00:00', '2026-03-27 10:00:00', 0),
    (52, 'IN2026040052', 52, 4, 53.550, 'COMPLETED', 39, '2026-03-24 10:00:00', '到货已完成入库确认', '2026-03-23 16:00:00', '2026-03-24 10:00:00', 0),
    (53, 'IN2026040053', 53, 4, 99.450, 'COMPLETED', 39, '2026-03-28 10:00:00', '到货已完成入库确认', '2026-03-27 16:00:00', '2026-03-28 10:00:00', 0),
    (54, 'IN2026040054', 54, 5, 42.000, 'COMPLETED', 40, '2026-03-22 10:00:00', '到货已完成入库确认', '2026-03-21 16:00:00', '2026-03-22 10:00:00', 0),
    (55, 'IN2026040055', 55, 5, 71.760, 'COMPLETED', 40, '2026-03-26 10:00:00', '到货已完成入库确认', '2026-03-25 16:00:00', '2026-03-26 10:00:00', 0),
    (56, 'IN2026040056', 56, 6, 30.450, 'COMPLETED', 41, '2026-03-23 10:00:00', '到货已完成入库确认', '2026-03-22 16:00:00', '2026-03-23 10:00:00', 0),
    (57, 'IN2026040057', 57, 6, 56.550, 'COMPLETED', 41, '2026-03-27 10:00:00', '到货已完成入库确认', '2026-03-26 16:00:00', '2026-03-27 10:00:00', 0),
    (58, 'IN2026040058', 58, 7, 18.900, 'COMPLETED', 42, '2026-03-24 10:00:00', '到货已完成入库确认', '2026-03-23 16:00:00', '2026-03-24 10:00:00', 0),
    (59, 'IN2026040059', 59, 7, 35.100, 'COMPLETED', 42, '2026-03-28 10:00:00', '到货已完成入库确认', '2026-03-27 16:00:00', '2026-03-28 10:00:00', 0),
    (60, 'IN2026040060', 60, 8, 22.218, 'COMPLETED', 43, '2026-03-25 10:00:00', '到货已完成入库确认', '2026-03-24 16:00:00', '2026-03-25 10:00:00', 0),
    (61, 'IN2026040061', 61, 8, 44.850, 'COMPLETED', 43, '2026-03-29 10:00:00', '到货已完成入库确认', '2026-03-28 16:00:00', '2026-03-29 10:00:00', 0),
    (62, 'IN2026040062', 62, 9, 29.400, 'COMPLETED', 44, '2026-03-23 10:00:00', '到货已完成入库确认', '2026-03-22 16:00:00', '2026-03-23 10:00:00', 0),
    (63, 'IN2026040063', 63, 9, 54.600, 'COMPLETED', 44, '2026-03-27 10:00:00', '到货已完成入库确认', '2026-03-26 16:00:00', '2026-03-27 10:00:00', 0),
    (64, 'IN2026040064', 64, 10, 34.650, 'COMPLETED', 45, '2026-03-24 10:00:00', '到货已完成入库确认', '2026-03-23 16:00:00', '2026-03-24 10:00:00', 0),
    (65, 'IN2026040065', 65, 10, 59.202, 'COMPLETED', 45, '2026-03-28 10:00:00', '到货已完成入库确认', '2026-03-27 16:00:00', '2026-03-28 10:00:00', 0),
    (66, 'IN2026040066', 66, 1, 39.900, 'COMPLETED', 36, '2026-03-25 10:00:00', '到货已完成入库确认', '2026-03-24 16:00:00', '2026-03-25 10:00:00', 0),
    (67, 'IN2026040067', 67, 1, 74.100, 'COMPLETED', 36, '2026-03-29 10:00:00', '到货已完成入库确认', '2026-03-28 16:00:00', '2026-03-29 10:00:00', 0),
    (68, 'IN2026040068', 68, 2, 45.150, 'COMPLETED', 37, '2026-03-26 10:00:00', '到货已完成入库确认', '2026-03-25 16:00:00', '2026-03-26 10:00:00', 0),
    (69, 'IN2026040069', 69, 2, 83.850, 'COMPLETED', 37, '2026-03-30 10:00:00', '到货已完成入库确认', '2026-03-29 16:00:00', '2026-03-30 10:00:00', 0),
    (70, 'IN2026040070', 70, 3, 46.368, 'COMPLETED', 38, '2026-03-24 10:00:00', '到货已完成入库确认', '2026-03-23 16:00:00', '2026-03-24 10:00:00', 0),
    (71, 'IN2026040071', 71, 3, 93.600, 'COMPLETED', 38, '2026-03-28 10:00:00', '到货已完成入库确认', '2026-03-27 16:00:00', '2026-03-28 10:00:00', 0),
    (72, 'IN2026040072', 72, 4, 38.850, 'COMPLETED', 39, '2026-03-25 10:00:00', '到货已完成入库确认', '2026-03-24 16:00:00', '2026-03-25 10:00:00', 0),
    (73, 'IN2026040073', 73, 4, 72.150, 'COMPLETED', 39, '2026-03-29 10:00:00', '到货已完成入库确认', '2026-03-28 16:00:00', '2026-03-29 10:00:00', 0),
    (74, 'IN2026040074', 74, 5, 44.100, 'COMPLETED', 40, '2026-03-26 10:00:00', '到货已完成入库确认', '2026-03-25 16:00:00', '2026-03-26 10:00:00', 0),
    (75, 'IN2026040075', 75, 5, 75.348, 'COMPLETED', 40, '2026-03-30 10:00:00', '到货已完成入库确认', '2026-03-29 16:00:00', '2026-03-30 10:00:00', 0),
    (76, 'IN2026040076', 76, 6, 32.550, 'COMPLETED', 41, '2026-03-27 10:00:00', '到货已完成入库确认', '2026-03-26 16:00:00', '2026-03-27 10:00:00', 0),
    (77, 'IN2026040077', 77, 6, 60.450, 'COMPLETED', 41, '2026-03-31 10:00:00', '到货已完成入库确认', '2026-03-30 16:00:00', '2026-03-31 10:00:00', 0),
    (78, 'IN2026040078', 78, 7, 21.000, 'COMPLETED', 42, '2026-03-25 10:00:00', '到货已完成入库确认', '2026-03-24 16:00:00', '2026-03-25 10:00:00', 0),
    (79, 'IN2026040079', 79, 7, 39.000, 'COMPLETED', 42, '2026-03-29 10:00:00', '到货已完成入库确认', '2026-03-28 16:00:00', '2026-03-29 10:00:00', 0),
    (80, 'IN2026040080', 80, 8, 24.150, 'COMPLETED', 43, '2026-03-26 10:00:00', '到货已完成入库确认', '2026-03-25 16:00:00', '2026-03-26 10:00:00', 0),
    (81, 'IN2026040081', 81, 8, 48.750, 'PENDING', 43, NULL, '待仓库复核后确认入库', '2026-03-29 16:00:00', '2026-03-29 16:00:00', 0),
    (82, 'IN2026040082', 82, 9, 31.500, 'PENDING', 44, NULL, '待仓库复核后确认入库', '2026-03-26 16:00:00', '2026-03-26 16:00:00', 0),
    (83, 'IN2026040083', 83, 9, 58.500, 'PENDING', 44, NULL, '待仓库复核后确认入库', '2026-03-30 16:00:00', '2026-03-30 16:00:00', 0),
    (84, 'IN2026040084', 84, 10, 36.750, 'PENDING', 45, NULL, '待仓库复核后确认入库', '2026-03-27 16:00:00', '2026-03-27 16:00:00', 0),
    (85, 'IN2026040085', 85, 10, 62.790, 'PENDING', 45, NULL, '待仓库复核后确认入库', '2026-03-31 16:00:00', '2026-03-31 16:00:00', 0),
    (86, 'IN2026040086', 86, 1, 42.000, 'PENDING', 36, NULL, '待仓库复核后确认入库', '2026-03-25 16:00:00', '2026-03-25 16:00:00', 0),
    (87, 'IN2026040087', 87, 1, 78.000, 'PENDING', 36, NULL, '待仓库复核后确认入库', '2026-03-29 16:00:00', '2026-03-29 16:00:00', 0),
    (88, 'IN2026040088', 88, 2, 47.250, 'PENDING', 37, NULL, '待仓库复核后确认入库', '2026-03-26 16:00:00', '2026-03-26 16:00:00', 0),
    (89, 'IN2026040089', 89, 2, 87.750, 'PENDING', 37, NULL, '待仓库复核后确认入库', '2026-03-30 16:00:00', '2026-03-30 16:00:00', 0),
    (90, 'IN2026040090', 90, 3, 48.300, 'PENDING', 38, NULL, '待仓库复核后确认入库', '2026-03-27 16:00:00', '2026-03-27 16:00:00', 0),
    (91, 'IN2026040091', 91, 3, 97.500, 'ABNORMAL', 38, NULL, '入库复核发现异常，暂不确认', '2026-03-31 16:00:00', '2026-03-31 16:00:00', 0),
    (92, 'IN2026040092', 92, 4, 40.950, 'ABNORMAL', 39, NULL, '入库复核发现异常，暂不确认', '2026-03-28 16:00:00', '2026-03-28 16:00:00', 0),
    (93, 'IN2026040093', 93, 4, 76.050, 'ABNORMAL', 39, NULL, '入库复核发现异常，暂不确认', '2026-04-01 16:00:00', '2026-04-01 16:00:00', 0),
    (94, 'IN2026040094', 94, 5, 29.400, 'ABNORMAL', 40, NULL, '入库复核发现异常，暂不确认', '2026-03-26 16:00:00', '2026-03-26 16:00:00', 0),
    (95, 'IN2026040095', 95, 5, 50.232, 'ABNORMAL', 40, NULL, '入库复核发现异常，暂不确认', '2026-03-30 16:00:00', '2026-03-30 16:00:00', 0),
    (96, 'IN2026040096', 96, 6, 34.650, 'CANCELLED', 41, NULL, '该批到货入库单已取消', '2026-03-27 16:00:00', '2026-03-27 16:00:00', 0),
    (97, 'IN2026040097', 97, 6, 64.350, 'CANCELLED', 41, NULL, '该批到货入库单已取消', '2026-03-31 16:00:00', '2026-03-31 16:00:00', 0),
    (98, 'IN2026040098', 98, 7, 23.100, 'CANCELLED', 42, NULL, '该批到货入库单已取消', '2026-03-28 16:00:00', '2026-03-28 16:00:00', 0),
    (99, 'IN2026040099', 99, 7, 42.900, 'CANCELLED', 42, NULL, '该批到货入库单已取消', '2026-04-01 16:00:00', '2026-04-01 16:00:00', 0),
    (100, 'IN2026040100', 100, 8, 28.350, 'CANCELLED', 43, NULL, '该批到货入库单已取消', '2026-03-29 16:00:00', '2026-03-29 16:00:00', 0);

INSERT INTO `inbound_item` (`id`, `inbound_id`, `arrival_item_id`, `material_id`, `material_code`, `material_name`, `specification`, `unit`, `inbound_number`, `sort_number`, `remark`, `create_time`, `update_time`, `deleted`) VALUES
    (1, 1, 1, 73, 'MAT0073', '电子元件073', '规格-4-4', '个', 10.350, 1, '入库明细 001-1', '2026-03-25 16:00:00', '2026-03-26 10:00:00', 0),
    (2, 1, 2, 74, 'MAT0074', '五金耗材074', '规格-5-5', '件', 12.600, 2, '入库明细 001-2', '2026-03-25 16:00:00', '2026-03-26 10:00:00', 0),
    (3, 1, 3, 75, 'MAT0075', '包装材料075', '规格-6-1', '卷', 14.850, 3, '入库明细 001-3', '2026-03-25 16:00:00', '2026-03-26 10:00:00', 0),
    (4, 2, 4, 73, 'MAT0073', '电子元件073', '规格-4-4', '个', 10.350, 1, '入库明细 002-1', '2026-03-28 16:00:00', '2026-03-29 10:00:00', 0),
    (5, 2, 5, 74, 'MAT0074', '五金耗材074', '规格-5-5', '件', 12.600, 2, '入库明细 002-2', '2026-03-28 16:00:00', '2026-03-29 10:00:00', 0),
    (6, 2, 6, 75, 'MAT0075', '包装材料075', '规格-6-1', '卷', 14.850, 3, '入库明细 002-3', '2026-03-28 16:00:00', '2026-03-29 10:00:00', 0),
    (7, 3, 7, 73, 'MAT0073', '电子元件073', '规格-4-4', '个', 13.800, 1, '入库明细 003-1', '2026-03-31 16:00:00', '2026-04-01 10:00:00', 0),
    (8, 3, 8, 74, 'MAT0074', '五金耗材074', '规格-5-5', '件', 16.800, 2, '入库明细 003-2', '2026-03-31 16:00:00', '2026-04-01 10:00:00', 0),
    (9, 3, 9, 75, 'MAT0075', '包装材料075', '规格-6-1', '卷', 19.800, 3, '入库明细 003-3', '2026-03-31 16:00:00', '2026-04-01 10:00:00', 0),
    (10, 4, 10, 76, 'MAT0076', '办公耗材076', '规格-7-2', '箱', 11.850, 1, '入库明细 004-1', '2026-03-26 16:00:00', '2026-03-27 10:00:00', 0),
    (11, 4, 11, 77, 'MAT0077', '设备配件077', '规格-1-3', '套', 14.100, 2, '入库明细 004-2', '2026-03-26 16:00:00', '2026-03-27 10:00:00', 0),
    (12, 4, 12, 78, 'MAT0078', '化工辅料078', '规格-2-4', 'kg', 16.350, 3, '入库明细 004-3', '2026-03-26 16:00:00', '2026-03-27 10:00:00', 0),
    (13, 5, 13, 76, 'MAT0076', '办公耗材076', '规格-7-2', '箱', 11.850, 1, '入库明细 005-1', '2026-03-29 16:00:00', '2026-03-30 10:00:00', 0),
    (14, 5, 14, 77, 'MAT0077', '设备配件077', '规格-1-3', '套', 14.100, 2, '入库明细 005-2', '2026-03-29 16:00:00', '2026-03-30 10:00:00', 0),
    (15, 5, 15, 78, 'MAT0078', '化工辅料078', '规格-2-4', 'kg', 16.350, 3, '入库明细 005-3', '2026-03-29 16:00:00', '2026-03-30 10:00:00', 0),
    (16, 6, 16, 76, 'MAT0076', '办公耗材076', '规格-7-2', '箱', 15.800, 1, '入库明细 006-1', '2026-04-01 16:00:00', '2026-04-02 10:00:00', 0),
    (17, 6, 17, 77, 'MAT0077', '设备配件077', '规格-1-3', '套', 18.800, 2, '入库明细 006-2', '2026-04-01 16:00:00', '2026-04-02 10:00:00', 0),
    (18, 6, 18, 78, 'MAT0078', '化工辅料078', '规格-2-4', 'kg', 21.800, 3, '入库明细 006-3', '2026-04-01 16:00:00', '2026-04-02 10:00:00', 0),
    (19, 7, 19, 79, 'MAT0079', '电子元件079', '规格-3-5', '个', 13.350, 1, '入库明细 007-1', '2026-03-28 16:00:00', '2026-03-29 10:00:00', 0),
    (20, 7, 20, 80, 'MAT0080', '五金耗材080', '规格-4-1', '件', 15.600, 2, '入库明细 007-2', '2026-03-28 16:00:00', '2026-03-29 10:00:00', 0),
    (21, 7, 21, 81, 'MAT0081', '包装材料081', '规格-5-2', '卷', 3.450, 3, '入库明细 007-3', '2026-03-28 16:00:00', '2026-03-29 10:00:00', 0),
    (22, 8, 22, 79, 'MAT0079', '电子元件079', '规格-3-5', '个', 13.350, 1, '入库明细 008-1', '2026-03-31 16:00:00', '2026-04-01 10:00:00', 0),
    (23, 8, 23, 80, 'MAT0080', '五金耗材080', '规格-4-1', '件', 15.600, 2, '入库明细 008-2', '2026-03-31 16:00:00', '2026-04-01 10:00:00', 0),
    (24, 8, 24, 81, 'MAT0081', '包装材料081', '规格-5-2', '卷', 3.450, 3, '入库明细 008-3', '2026-03-31 16:00:00', '2026-04-01 10:00:00', 0),
    (25, 9, 25, 79, 'MAT0079', '电子元件079', '规格-3-5', '个', 17.800, 1, '入库明细 009-1', '2026-04-03 16:00:00', '2026-04-04 10:00:00', 0),
    (26, 9, 26, 80, 'MAT0080', '五金耗材080', '规格-4-1', '件', 20.800, 2, '入库明细 009-2', '2026-04-03 16:00:00', '2026-04-04 10:00:00', 0),
    (27, 9, 27, 81, 'MAT0081', '包装材料081', '规格-5-2', '卷', 4.600, 3, '入库明细 009-3', '2026-04-03 16:00:00', '2026-04-04 10:00:00', 0),
    (28, 10, 28, 82, 'MAT0082', '办公耗材082', '规格-6-3', '箱', 14.850, 1, '入库明细 010-1', '2026-03-26 16:00:00', '2026-03-27 10:00:00', 0),
    (29, 10, 29, 83, 'MAT0083', '设备配件083', '规格-7-4', '套', 17.100, 2, '入库明细 010-2', '2026-03-26 16:00:00', '2026-03-27 10:00:00', 0),
    (30, 10, 30, 84, 'MAT0084', '化工辅料084', '规格-1-5', 'kg', 4.950, 3, '入库明细 010-3', '2026-03-26 16:00:00', '2026-03-27 10:00:00', 0),
    (31, 11, 31, 82, 'MAT0082', '办公耗材082', '规格-6-3', '箱', 14.850, 1, '入库明细 011-1', '2026-03-29 16:00:00', '2026-03-30 10:00:00', 0),
    (32, 11, 32, 83, 'MAT0083', '设备配件083', '规格-7-4', '套', 17.100, 2, '入库明细 011-2', '2026-03-29 16:00:00', '2026-03-30 10:00:00', 0),
    (33, 11, 33, 84, 'MAT0084', '化工辅料084', '规格-1-5', 'kg', 4.950, 3, '入库明细 011-3', '2026-03-29 16:00:00', '2026-03-30 10:00:00', 0),
    (34, 12, 34, 82, 'MAT0082', '办公耗材082', '规格-6-3', '箱', 19.800, 1, '入库明细 012-1', '2026-04-01 16:00:00', '2026-04-02 10:00:00', 0),
    (35, 12, 35, 83, 'MAT0083', '设备配件083', '规格-7-4', '套', 22.800, 2, '入库明细 012-2', '2026-04-01 16:00:00', '2026-04-02 10:00:00', 0),
    (36, 12, 36, 84, 'MAT0084', '化工辅料084', '规格-1-5', 'kg', 6.600, 3, '入库明细 012-3', '2026-04-01 16:00:00', '2026-04-02 10:00:00', 0),
    (37, 13, 37, 85, 'MAT0085', '电子元件085', '规格-2-1', '个', 16.350, 1, '入库明细 013-1', '2026-03-27 16:00:00', '2026-03-28 10:00:00', 0),
    (38, 13, 38, 86, 'MAT0086', '五金耗材086', '规格-3-2', '件', 4.200, 2, '入库明细 013-2', '2026-03-27 16:00:00', '2026-03-28 10:00:00', 0),
    (39, 13, 39, 87, 'MAT0087', '包装材料087', '规格-4-3', '卷', 6.450, 3, '入库明细 013-3', '2026-03-27 16:00:00', '2026-03-28 10:00:00', 0),
    (40, 14, 40, 85, 'MAT0085', '电子元件085', '规格-2-1', '个', 16.350, 1, '入库明细 014-1', '2026-03-30 16:00:00', '2026-03-31 10:00:00', 0),
    (41, 14, 41, 86, 'MAT0086', '五金耗材086', '规格-3-2', '件', 4.200, 2, '入库明细 014-2', '2026-03-30 16:00:00', '2026-03-31 10:00:00', 0),
    (42, 14, 42, 87, 'MAT0087', '包装材料087', '规格-4-3', '卷', 6.450, 3, '入库明细 014-3', '2026-03-30 16:00:00', '2026-03-31 10:00:00', 0),
    (43, 15, 43, 85, 'MAT0085', '电子元件085', '规格-2-1', '个', 21.800, 1, '入库明细 015-1', '2026-04-02 16:00:00', '2026-04-03 10:00:00', 0),
    (44, 15, 44, 86, 'MAT0086', '五金耗材086', '规格-3-2', '件', 5.600, 2, '入库明细 015-2', '2026-04-02 16:00:00', '2026-04-03 10:00:00', 0),
    (45, 15, 45, 87, 'MAT0087', '包装材料087', '规格-4-3', '卷', 8.600, 3, '入库明细 015-3', '2026-04-02 16:00:00', '2026-04-03 10:00:00', 0),
    (46, 16, 46, 88, 'MAT0088', '办公耗材088', '规格-5-4', '箱', 3.450, 1, '入库明细 016-1', '2026-03-28 16:00:00', '2026-03-29 10:00:00', 0),
    (47, 16, 47, 89, 'MAT0089', '设备配件089', '规格-6-5', '套', 5.700, 2, '入库明细 016-2', '2026-03-28 16:00:00', '2026-03-29 10:00:00', 0),
    (48, 16, 48, 90, 'MAT0090', '化工辅料090', '规格-7-1', 'kg', 7.950, 3, '入库明细 016-3', '2026-03-28 16:00:00', '2026-03-29 10:00:00', 0),
    (49, 17, 49, 88, 'MAT0088', '办公耗材088', '规格-5-4', '箱', 3.450, 1, '入库明细 017-1', '2026-03-31 16:00:00', '2026-04-01 10:00:00', 0),
    (50, 17, 50, 89, 'MAT0089', '设备配件089', '规格-6-5', '套', 5.700, 2, '入库明细 017-2', '2026-03-31 16:00:00', '2026-04-01 10:00:00', 0),
    (51, 17, 51, 90, 'MAT0090', '化工辅料090', '规格-7-1', 'kg', 7.950, 3, '入库明细 017-3', '2026-03-31 16:00:00', '2026-04-01 10:00:00', 0),
    (52, 18, 52, 88, 'MAT0088', '办公耗材088', '规格-5-4', '箱', 4.600, 1, '入库明细 018-1', '2026-04-03 16:00:00', '2026-04-04 10:00:00', 0),
    (53, 18, 53, 89, 'MAT0089', '设备配件089', '规格-6-5', '套', 7.600, 2, '入库明细 018-2', '2026-04-03 16:00:00', '2026-04-04 10:00:00', 0),
    (54, 18, 54, 90, 'MAT0090', '化工辅料090', '规格-7-1', 'kg', 10.600, 3, '入库明细 018-3', '2026-04-03 16:00:00', '2026-04-04 10:00:00', 0),
    (55, 19, 55, 91, 'MAT0091', '电子元件091', '规格-1-2', '个', 4.950, 1, '入库明细 019-1', '2026-03-27 16:00:00', '2026-03-28 10:00:00', 0),
    (56, 19, 56, 92, 'MAT0092', '五金耗材092', '规格-2-3', '件', 7.200, 2, '入库明细 019-2', '2026-03-27 16:00:00', '2026-03-28 10:00:00', 0),
    (57, 19, 57, 93, 'MAT0093', '包装材料093', '规格-3-4', '卷', 9.450, 3, '入库明细 019-3', '2026-03-27 16:00:00', '2026-03-28 10:00:00', 0),
    (58, 20, 58, 91, 'MAT0091', '电子元件091', '规格-1-2', '个', 4.950, 1, '入库明细 020-1', '2026-03-30 16:00:00', '2026-03-31 10:00:00', 0),
    (59, 20, 59, 92, 'MAT0092', '五金耗材092', '规格-2-3', '件', 7.200, 2, '入库明细 020-2', '2026-03-30 16:00:00', '2026-03-31 10:00:00', 0),
    (60, 20, 60, 93, 'MAT0093', '包装材料093', '规格-3-4', '卷', 9.450, 3, '入库明细 020-3', '2026-03-30 16:00:00', '2026-03-31 10:00:00', 0),
    (61, 21, 61, 91, 'MAT0091', '电子元件091', '规格-1-2', '个', 6.600, 1, '入库明细 021-1', '2026-04-02 16:00:00', '2026-04-03 10:00:00', 0),
    (62, 21, 62, 92, 'MAT0092', '五金耗材092', '规格-2-3', '件', 9.600, 2, '入库明细 021-2', '2026-04-02 16:00:00', '2026-04-03 10:00:00', 0),
    (63, 21, 63, 93, 'MAT0093', '包装材料093', '规格-3-4', '卷', 12.600, 3, '入库明细 021-3', '2026-04-02 16:00:00', '2026-04-03 10:00:00', 0),
    (64, 22, 64, 94, 'MAT0094', '办公耗材094', '规格-4-5', '箱', 6.450, 1, '入库明细 022-1', '2026-03-28 16:00:00', '2026-03-29 10:00:00', 0),
    (65, 22, 65, 95, 'MAT0095', '设备配件095', '规格-5-1', '套', 8.700, 2, '入库明细 022-2', '2026-03-28 16:00:00', '2026-03-29 10:00:00', 0),
    (66, 22, 66, 96, 'MAT0096', '化工辅料096', '规格-6-2', 'kg', 10.950, 3, '入库明细 022-3', '2026-03-28 16:00:00', '2026-03-29 10:00:00', 0),
    (67, 23, 67, 94, 'MAT0094', '办公耗材094', '规格-4-5', '箱', 6.450, 1, '入库明细 023-1', '2026-03-31 16:00:00', '2026-04-01 10:00:00', 0),
    (68, 23, 68, 95, 'MAT0095', '设备配件095', '规格-5-1', '套', 8.700, 2, '入库明细 023-2', '2026-03-31 16:00:00', '2026-04-01 10:00:00', 0),
    (69, 23, 69, 96, 'MAT0096', '化工辅料096', '规格-6-2', 'kg', 10.950, 3, '入库明细 023-3', '2026-03-31 16:00:00', '2026-04-01 10:00:00', 0),
    (70, 24, 70, 94, 'MAT0094', '办公耗材094', '规格-4-5', '箱', 8.600, 1, '入库明细 024-1', '2026-04-03 16:00:00', '2026-04-04 10:00:00', 0),
    (71, 24, 71, 95, 'MAT0095', '设备配件095', '规格-5-1', '套', 11.600, 2, '入库明细 024-2', '2026-04-03 16:00:00', '2026-04-04 10:00:00', 0),
    (72, 24, 72, 96, 'MAT0096', '化工辅料096', '规格-6-2', 'kg', 14.600, 3, '入库明细 024-3', '2026-04-03 16:00:00', '2026-04-04 10:00:00', 0),
    (73, 25, 73, 97, 'MAT0097', '电子元件097', '规格-7-3', '个', 7.950, 1, '入库明细 025-1', '2026-03-29 16:00:00', '2026-03-30 10:00:00', 0),
    (74, 25, 74, 98, 'MAT0098', '五金耗材098', '规格-1-4', '件', 10.200, 2, '入库明细 025-2', '2026-03-29 16:00:00', '2026-03-30 10:00:00', 0),
    (75, 25, 75, 99, 'MAT0099', '包装材料099', '规格-2-5', '卷', 12.450, 3, '入库明细 025-3', '2026-03-29 16:00:00', '2026-03-30 10:00:00', 0),
    (76, 26, 76, 97, 'MAT0097', '电子元件097', '规格-7-3', '个', 7.950, 1, '入库明细 026-1', '2026-04-01 16:00:00', '2026-04-02 10:00:00', 0),
    (77, 26, 77, 98, 'MAT0098', '五金耗材098', '规格-1-4', '件', 10.200, 2, '入库明细 026-2', '2026-04-01 16:00:00', '2026-04-02 10:00:00', 0),
    (78, 26, 78, 99, 'MAT0099', '包装材料099', '规格-2-5', '卷', 12.450, 3, '入库明细 026-3', '2026-04-01 16:00:00', '2026-04-02 10:00:00', 0),
    (79, 27, 79, 97, 'MAT0097', '电子元件097', '规格-7-3', '个', 10.600, 1, '入库明细 027-1', '2026-04-04 16:00:00', '2026-04-05 10:00:00', 0),
    (80, 27, 80, 98, 'MAT0098', '五金耗材098', '规格-1-4', '件', 13.600, 2, '入库明细 027-2', '2026-04-04 16:00:00', '2026-04-05 10:00:00', 0),
    (81, 27, 81, 99, 'MAT0099', '包装材料099', '规格-2-5', '卷', 16.600, 3, '入库明细 027-3', '2026-04-04 16:00:00', '2026-04-05 10:00:00', 0),
    (82, 28, 82, 100, 'MAT0100', '办公耗材100', '规格-3-1', '箱', 9.450, 1, '入库明细 028-1', '2026-03-27 16:00:00', '2026-03-28 10:00:00', 0),
    (83, 28, 83, 101, 'MAT0101', '设备配件101', '规格-4-2', '套', 11.700, 2, '入库明细 028-2', '2026-03-27 16:00:00', '2026-03-28 10:00:00', 0),
    (84, 28, 84, 102, 'MAT0102', '化工辅料102', '规格-5-3', 'kg', 13.950, 3, '入库明细 028-3', '2026-03-27 16:00:00', '2026-03-28 10:00:00', 0),
    (85, 29, 85, 100, 'MAT0100', '办公耗材100', '规格-3-1', '箱', 9.450, 1, '入库明细 029-1', '2026-03-30 16:00:00', '2026-03-31 10:00:00', 0),
    (86, 29, 86, 101, 'MAT0101', '设备配件101', '规格-4-2', '套', 11.700, 2, '入库明细 029-2', '2026-03-30 16:00:00', '2026-03-31 10:00:00', 0),
    (87, 29, 87, 102, 'MAT0102', '化工辅料102', '规格-5-3', 'kg', 13.950, 3, '入库明细 029-3', '2026-03-30 16:00:00', '2026-03-31 10:00:00', 0),
    (88, 30, 88, 100, 'MAT0100', '办公耗材100', '规格-3-1', '箱', 12.600, 1, '入库明细 030-1', '2026-04-02 16:00:00', '2026-04-03 10:00:00', 0),
    (89, 30, 89, 101, 'MAT0101', '设备配件101', '规格-4-2', '套', 15.600, 2, '入库明细 030-2', '2026-04-02 16:00:00', '2026-04-03 10:00:00', 0),
    (90, 30, 90, 102, 'MAT0102', '化工辅料102', '规格-5-3', 'kg', 18.600, 3, '入库明细 030-3', '2026-04-02 16:00:00', '2026-04-03 10:00:00', 0),
    (91, 31, 91, 103, 'MAT0103', '电子元件103', '规格-6-4', '个', 10.950, 1, '入库明细 031-1', '2026-03-30 16:00:00', '2026-03-31 10:00:00', 0),
    (92, 31, 92, 104, 'MAT0104', '五金耗材104', '规格-7-5', '件', 13.200, 2, '入库明细 031-2', '2026-03-30 16:00:00', '2026-03-31 10:00:00', 0),
    (93, 31, 93, 105, 'MAT0105', '包装材料105', '规格-1-1', '卷', 15.450, 3, '入库明细 031-3', '2026-03-30 16:00:00', '2026-03-31 10:00:00', 0),
    (94, 32, 94, 103, 'MAT0103', '电子元件103', '规格-6-4', '个', 10.950, 1, '入库明细 032-1', '2026-04-02 16:00:00', '2026-04-03 10:00:00', 0),
    (95, 32, 95, 104, 'MAT0104', '五金耗材104', '规格-7-5', '件', 13.200, 2, '入库明细 032-2', '2026-04-02 16:00:00', '2026-04-03 10:00:00', 0),
    (96, 32, 96, 105, 'MAT0105', '包装材料105', '规格-1-1', '卷', 15.450, 3, '入库明细 032-3', '2026-04-02 16:00:00', '2026-04-03 10:00:00', 0),
    (97, 33, 97, 103, 'MAT0103', '电子元件103', '规格-6-4', '个', 14.600, 1, '入库明细 033-1', '2026-04-05 16:00:00', '2026-04-06 10:00:00', 0),
    (98, 33, 98, 104, 'MAT0104', '五金耗材104', '规格-7-5', '件', 17.600, 2, '入库明细 033-2', '2026-04-05 16:00:00', '2026-04-06 10:00:00', 0),
    (99, 33, 99, 105, 'MAT0105', '包装材料105', '规格-1-1', '卷', 20.600, 3, '入库明细 033-3', '2026-04-05 16:00:00', '2026-04-06 10:00:00', 0),
    (100, 34, 100, 106, 'MAT0106', '办公耗材106', '规格-2-2', '箱', 12.450, 1, '入库明细 034-1', '2026-03-31 16:00:00', '2026-04-01 10:00:00', 0),
    (101, 34, 101, 107, 'MAT0107', '设备配件107', '规格-3-3', '套', 14.700, 2, '入库明细 034-2', '2026-03-31 16:00:00', '2026-04-01 10:00:00', 0),
    (102, 34, 102, 108, 'MAT0108', '化工辅料108', '规格-4-4', 'kg', 16.950, 3, '入库明细 034-3', '2026-03-31 16:00:00', '2026-04-01 10:00:00', 0),
    (103, 35, 103, 106, 'MAT0106', '办公耗材106', '规格-2-2', '箱', 12.450, 1, '入库明细 035-1', '2026-04-03 16:00:00', '2026-04-04 10:00:00', 0),
    (104, 35, 104, 107, 'MAT0107', '设备配件107', '规格-3-3', '套', 14.700, 2, '入库明细 035-2', '2026-04-03 16:00:00', '2026-04-04 10:00:00', 0),
    (105, 35, 105, 108, 'MAT0108', '化工辅料108', '规格-4-4', 'kg', 16.950, 3, '入库明细 035-3', '2026-04-03 16:00:00', '2026-04-04 10:00:00', 0),
    (106, 36, 106, 106, 'MAT0106', '办公耗材106', '规格-2-2', '箱', 16.600, 1, '入库明细 036-1', '2026-04-06 16:00:00', '2026-04-07 10:00:00', 0),
    (107, 36, 107, 107, 'MAT0107', '设备配件107', '规格-3-3', '套', 19.600, 2, '入库明细 036-2', '2026-04-06 16:00:00', '2026-04-07 10:00:00', 0),
    (108, 36, 108, 108, 'MAT0108', '化工辅料108', '规格-4-4', 'kg', 22.600, 3, '入库明细 036-3', '2026-04-06 16:00:00', '2026-04-07 10:00:00', 0),
    (109, 37, 109, 1, 'MAT0001', '电子元件001', '规格-2-2', '个', 13.950, 1, '入库明细 037-1', '2026-03-30 16:00:00', '2026-03-31 10:00:00', 0),
    (110, 37, 110, 2, 'MAT0002', '五金耗材002', '规格-3-3', '件', 16.200, 2, '入库明细 037-2', '2026-03-30 16:00:00', '2026-03-31 10:00:00', 0),
    (111, 37, 111, 3, 'MAT0003', '包装材料003', '规格-4-4', '卷', 4.050, 3, '入库明细 037-3', '2026-03-30 16:00:00', '2026-03-31 10:00:00', 0),
    (112, 38, 112, 1, 'MAT0001', '电子元件001', '规格-2-2', '个', 13.950, 1, '入库明细 038-1', '2026-04-02 16:00:00', '2026-04-03 10:00:00', 0),
    (113, 38, 113, 2, 'MAT0002', '五金耗材002', '规格-3-3', '件', 16.200, 2, '入库明细 038-2', '2026-04-02 16:00:00', '2026-04-03 10:00:00', 0),
    (114, 38, 114, 3, 'MAT0003', '包装材料003', '规格-4-4', '卷', 4.050, 3, '入库明细 038-3', '2026-04-02 16:00:00', '2026-04-03 10:00:00', 0),
    (115, 39, 115, 1, 'MAT0001', '电子元件001', '规格-2-2', '个', 18.600, 1, '入库明细 039-1', '2026-04-05 16:00:00', '2026-04-06 10:00:00', 0),
    (116, 39, 116, 2, 'MAT0002', '五金耗材002', '规格-3-3', '件', 21.600, 2, '入库明细 039-2', '2026-04-05 16:00:00', '2026-04-06 10:00:00', 0),
    (117, 39, 117, 3, 'MAT0003', '包装材料003', '规格-4-4', '卷', 5.400, 3, '入库明细 039-3', '2026-04-05 16:00:00', '2026-04-06 10:00:00', 0),
    (118, 40, 118, 4, 'MAT0004', '办公耗材004', '规格-5-5', '箱', 15.450, 1, '入库明细 040-1', '2026-03-31 16:00:00', '2026-04-01 10:00:00', 0),
    (119, 40, 119, 5, 'MAT0005', '设备配件005', '规格-6-1', '套', 3.300, 2, '入库明细 040-2', '2026-03-31 16:00:00', '2026-04-01 10:00:00', 0),
    (120, 40, 120, 6, 'MAT0006', '化工辅料006', '规格-7-2', 'kg', 5.550, 3, '入库明细 040-3', '2026-03-31 16:00:00', '2026-04-01 10:00:00', 0),
    (121, 41, 121, 4, 'MAT0004', '办公耗材004', '规格-5-5', '箱', 15.450, 1, '入库明细 041-1', '2026-04-03 16:00:00', '2026-04-04 10:00:00', 0),
    (122, 41, 122, 5, 'MAT0005', '设备配件005', '规格-6-1', '套', 3.300, 2, '入库明细 041-2', '2026-04-03 16:00:00', '2026-04-04 10:00:00', 0),
    (123, 41, 123, 6, 'MAT0006', '化工辅料006', '规格-7-2', 'kg', 5.550, 3, '入库明细 041-3', '2026-04-03 16:00:00', '2026-04-04 10:00:00', 0),
    (124, 42, 124, 4, 'MAT0004', '办公耗材004', '规格-5-5', '箱', 20.600, 1, '入库明细 042-1', '2026-04-06 16:00:00', '2026-04-07 10:00:00', 0),
    (125, 42, 125, 5, 'MAT0005', '设备配件005', '规格-6-1', '套', 4.400, 2, '入库明细 042-2', '2026-04-06 16:00:00', '2026-04-07 10:00:00', 0),
    (126, 42, 126, 6, 'MAT0006', '化工辅料006', '规格-7-2', 'kg', 7.400, 3, '入库明细 042-3', '2026-04-06 16:00:00', '2026-04-07 10:00:00', 0),
    (127, 43, 127, 7, 'MAT0007', '电子元件007', '规格-1-3', '个', 16.950, 1, '入库明细 043-1', '2026-04-01 16:00:00', '2026-04-02 10:00:00', 0),
    (128, 43, 128, 8, 'MAT0008', '五金耗材008', '规格-2-4', '件', 4.800, 2, '入库明细 043-2', '2026-04-01 16:00:00', '2026-04-02 10:00:00', 0),
    (129, 43, 129, 9, 'MAT0009', '包装材料009', '规格-3-5', '卷', 7.050, 3, '入库明细 043-3', '2026-04-01 16:00:00', '2026-04-02 10:00:00', 0),
    (130, 44, 130, 7, 'MAT0007', '电子元件007', '规格-1-3', '个', 16.950, 1, '入库明细 044-1', '2026-04-04 16:00:00', '2026-04-05 10:00:00', 0),
    (131, 44, 131, 8, 'MAT0008', '五金耗材008', '规格-2-4', '件', 4.800, 2, '入库明细 044-2', '2026-04-04 16:00:00', '2026-04-05 10:00:00', 0),
    (132, 44, 132, 9, 'MAT0009', '包装材料009', '规格-3-5', '卷', 7.050, 3, '入库明细 044-3', '2026-04-04 16:00:00', '2026-04-05 10:00:00', 0),
    (133, 45, 133, 7, 'MAT0007', '电子元件007', '规格-1-3', '个', 22.600, 1, '入库明细 045-1', '2026-04-07 16:00:00', '2026-04-08 10:00:00', 0),
    (134, 45, 134, 8, 'MAT0008', '五金耗材008', '规格-2-4', '件', 6.400, 2, '入库明细 045-2', '2026-04-07 16:00:00', '2026-04-08 10:00:00', 0),
    (135, 45, 135, 9, 'MAT0009', '包装材料009', '规格-3-5', '卷', 9.400, 3, '入库明细 045-3', '2026-04-07 16:00:00', '2026-04-08 10:00:00', 0),
    (136, 46, 136, 91, 'MAT0091', '电子元件091', '规格-1-2', '个', 9.975, 1, '入库明细 046-1', '2026-03-20 16:00:00', '2026-03-21 10:00:00', 0),
    (137, 46, 137, 92, 'MAT0092', '五金耗材092', '规格-2-3', '件', 12.600, 2, '入库明细 046-2', '2026-03-20 16:00:00', '2026-03-21 10:00:00', 0),
    (138, 46, 138, 93, 'MAT0093', '包装材料093', '规格-3-4', '卷', 15.225, 3, '入库明细 046-3', '2026-03-20 16:00:00', '2026-03-21 10:00:00', 0),
    (139, 47, 139, 91, 'MAT0091', '电子元件091', '规格-1-2', '个', 18.525, 1, '入库明细 047-1', '2026-03-24 16:00:00', '2026-03-25 10:00:00', 0),
    (140, 47, 140, 92, 'MAT0092', '五金耗材092', '规格-2-3', '件', 23.400, 2, '入库明细 047-2', '2026-03-24 16:00:00', '2026-03-25 10:00:00', 0),
    (141, 47, 141, 93, 'MAT0093', '包装材料093', '规格-3-4', '卷', 28.275, 3, '入库明细 047-3', '2026-03-24 16:00:00', '2026-03-25 10:00:00', 0),
    (142, 48, 142, 94, 'MAT0094', '办公耗材094', '规格-4-5', '箱', 11.725, 1, '入库明细 048-1', '2026-03-21 16:00:00', '2026-03-22 10:00:00', 0),
    (143, 48, 143, 95, 'MAT0095', '设备配件095', '规格-5-1', '套', 14.350, 2, '入库明细 048-2', '2026-03-21 16:00:00', '2026-03-22 10:00:00', 0),
    (144, 48, 144, 96, 'MAT0096', '化工辅料096', '规格-6-2', 'kg', 16.975, 3, '入库明细 048-3', '2026-03-21 16:00:00', '2026-03-22 10:00:00', 0),
    (145, 49, 145, 94, 'MAT0094', '办公耗材094', '规格-4-5', '箱', 21.775, 1, '入库明细 049-1', '2026-03-25 16:00:00', '2026-03-26 10:00:00', 0),
    (146, 49, 146, 95, 'MAT0095', '设备配件095', '规格-5-1', '套', 26.650, 2, '入库明细 049-2', '2026-03-25 16:00:00', '2026-03-26 10:00:00', 0),
    (147, 49, 147, 96, 'MAT0096', '化工辅料096', '规格-6-2', 'kg', 31.525, 3, '入库明细 049-3', '2026-03-25 16:00:00', '2026-03-26 10:00:00', 0),
    (148, 50, 148, 97, 'MAT0097', '电子元件097', '规格-7-3', '个', 12.397, 1, '入库明细 050-1', '2026-03-22 16:00:00', '2026-03-23 10:00:00', 0),
    (149, 50, 149, 98, 'MAT0098', '五金耗材098', '规格-1-4', '件', 14.812, 2, '入库明细 050-2', '2026-03-22 16:00:00', '2026-03-23 10:00:00', 0),
    (150, 50, 150, 99, 'MAT0099', '包装材料099', '规格-2-5', '卷', 17.227, 3, '入库明细 050-3', '2026-03-22 16:00:00', '2026-03-23 10:00:00', 0),
    (151, 51, 151, 97, 'MAT0097', '电子元件097', '规格-7-3', '个', 25.025, 1, '入库明细 051-1', '2026-03-26 16:00:00', '2026-03-27 10:00:00', 0),
    (152, 51, 152, 98, 'MAT0098', '五金耗材098', '规格-1-4', '件', 29.900, 2, '入库明细 051-2', '2026-03-26 16:00:00', '2026-03-27 10:00:00', 0),
    (153, 51, 153, 99, 'MAT0099', '包装材料099', '规格-2-5', '卷', 34.775, 3, '入库明细 051-3', '2026-03-26 16:00:00', '2026-03-27 10:00:00', 0),
    (154, 52, 154, 100, 'MAT0100', '办公耗材100', '规格-3-1', '箱', 15.225, 1, '入库明细 052-1', '2026-03-23 16:00:00', '2026-03-24 10:00:00', 0),
    (155, 52, 155, 101, 'MAT0101', '设备配件101', '规格-4-2', '套', 17.850, 2, '入库明细 052-2', '2026-03-23 16:00:00', '2026-03-24 10:00:00', 0),
    (156, 52, 156, 102, 'MAT0102', '化工辅料102', '规格-5-3', 'kg', 20.475, 3, '入库明细 052-3', '2026-03-23 16:00:00', '2026-03-24 10:00:00', 0),
    (157, 53, 157, 100, 'MAT0100', '办公耗材100', '规格-3-1', '箱', 28.275, 1, '入库明细 053-1', '2026-03-27 16:00:00', '2026-03-28 10:00:00', 0),
    (158, 53, 158, 101, 'MAT0101', '设备配件101', '规格-4-2', '套', 33.150, 2, '入库明细 053-2', '2026-03-27 16:00:00', '2026-03-28 10:00:00', 0),
    (159, 53, 159, 102, 'MAT0102', '化工辅料102', '规格-5-3', 'kg', 38.025, 3, '入库明细 053-3', '2026-03-27 16:00:00', '2026-03-28 10:00:00', 0),
    (160, 54, 160, 103, 'MAT0103', '电子元件103', '规格-6-4', '个', 16.975, 1, '入库明细 054-1', '2026-03-21 16:00:00', '2026-03-22 10:00:00', 0),
    (161, 54, 161, 104, 'MAT0104', '五金耗材104', '规格-7-5', '件', 19.600, 2, '入库明细 054-2', '2026-03-21 16:00:00', '2026-03-22 10:00:00', 0),
    (162, 54, 162, 105, 'MAT0105', '包装材料105', '规格-1-1', '卷', 5.425, 3, '入库明细 054-3', '2026-03-21 16:00:00', '2026-03-22 10:00:00', 0),
    (163, 55, 163, 103, 'MAT0103', '电子元件103', '规格-6-4', '个', 29.003, 1, '入库明细 055-1', '2026-03-25 16:00:00', '2026-03-26 10:00:00', 0),
    (164, 55, 164, 104, 'MAT0104', '五金耗材104', '规格-7-5', '件', 33.488, 2, '入库明细 055-2', '2026-03-25 16:00:00', '2026-03-26 10:00:00', 0),
    (165, 55, 165, 105, 'MAT0105', '包装材料105', '规格-1-1', '卷', 9.269, 3, '入库明细 055-3', '2026-03-25 16:00:00', '2026-03-26 10:00:00', 0),
    (166, 56, 166, 106, 'MAT0106', '办公耗材106', '规格-2-2', '箱', 18.725, 1, '入库明细 056-1', '2026-03-22 16:00:00', '2026-03-23 10:00:00', 0),
    (167, 56, 167, 107, 'MAT0107', '设备配件107', '规格-3-3', '套', 4.550, 2, '入库明细 056-2', '2026-03-22 16:00:00', '2026-03-23 10:00:00', 0),
    (168, 56, 168, 108, 'MAT0108', '化工辅料108', '规格-4-4', 'kg', 7.175, 3, '入库明细 056-3', '2026-03-22 16:00:00', '2026-03-23 10:00:00', 0),
    (169, 57, 169, 106, 'MAT0106', '办公耗材106', '规格-2-2', '箱', 34.775, 1, '入库明细 057-1', '2026-03-26 16:00:00', '2026-03-27 10:00:00', 0),
    (170, 57, 170, 107, 'MAT0107', '设备配件107', '规格-3-3', '套', 8.450, 2, '入库明细 057-2', '2026-03-26 16:00:00', '2026-03-27 10:00:00', 0),
    (171, 57, 171, 108, 'MAT0108', '化工辅料108', '规格-4-4', 'kg', 13.325, 3, '入库明细 057-3', '2026-03-26 16:00:00', '2026-03-27 10:00:00', 0),
    (172, 58, 172, 1, 'MAT0001', '电子元件001', '规格-2-2', '个', 3.675, 1, '入库明细 058-1', '2026-03-23 16:00:00', '2026-03-24 10:00:00', 0),
    (173, 58, 173, 2, 'MAT0002', '五金耗材002', '规格-3-3', '件', 6.300, 2, '入库明细 058-2', '2026-03-23 16:00:00', '2026-03-24 10:00:00', 0),
    (174, 58, 174, 3, 'MAT0003', '包装材料003', '规格-4-4', '卷', 8.925, 3, '入库明细 058-3', '2026-03-23 16:00:00', '2026-03-24 10:00:00', 0),
    (175, 59, 175, 1, 'MAT0001', '电子元件001', '规格-2-2', '个', 6.825, 1, '入库明细 059-1', '2026-03-27 16:00:00', '2026-03-28 10:00:00', 0),
    (176, 59, 176, 2, 'MAT0002', '五金耗材002', '规格-3-3', '件', 11.700, 2, '入库明细 059-2', '2026-03-27 16:00:00', '2026-03-28 10:00:00', 0),
    (177, 59, 177, 3, 'MAT0003', '包装材料003', '规格-4-4', '卷', 16.575, 3, '入库明细 059-3', '2026-03-27 16:00:00', '2026-03-28 10:00:00', 0),
    (178, 60, 178, 4, 'MAT0004', '办公耗材004', '规格-5-5', '箱', 4.991, 1, '入库明细 060-1', '2026-03-24 16:00:00', '2026-03-25 10:00:00', 0),
    (179, 60, 179, 5, 'MAT0005', '设备配件005', '规格-6-1', '套', 7.406, 2, '入库明细 060-2', '2026-03-24 16:00:00', '2026-03-25 10:00:00', 0),
    (180, 60, 180, 6, 'MAT0006', '化工辅料006', '规格-7-2', 'kg', 9.821, 3, '入库明细 060-3', '2026-03-24 16:00:00', '2026-03-25 10:00:00', 0),
    (181, 61, 181, 4, 'MAT0004', '办公耗材004', '规格-5-5', '箱', 10.075, 1, '入库明细 061-1', '2026-03-28 16:00:00', '2026-03-29 10:00:00', 0),
    (182, 61, 182, 5, 'MAT0005', '设备配件005', '规格-6-1', '套', 14.950, 2, '入库明细 061-2', '2026-03-28 16:00:00', '2026-03-29 10:00:00', 0),
    (183, 61, 183, 6, 'MAT0006', '化工辅料006', '规格-7-2', 'kg', 19.825, 3, '入库明细 061-3', '2026-03-28 16:00:00', '2026-03-29 10:00:00', 0),
    (184, 62, 184, 7, 'MAT0007', '电子元件007', '规格-1-3', '个', 7.175, 1, '入库明细 062-1', '2026-03-22 16:00:00', '2026-03-23 10:00:00', 0),
    (185, 62, 185, 8, 'MAT0008', '五金耗材008', '规格-2-4', '件', 9.800, 2, '入库明细 062-2', '2026-03-22 16:00:00', '2026-03-23 10:00:00', 0),
    (186, 62, 186, 9, 'MAT0009', '包装材料009', '规格-3-5', '卷', 12.425, 3, '入库明细 062-3', '2026-03-22 16:00:00', '2026-03-23 10:00:00', 0),
    (187, 63, 187, 7, 'MAT0007', '电子元件007', '规格-1-3', '个', 13.325, 1, '入库明细 063-1', '2026-03-26 16:00:00', '2026-03-27 10:00:00', 0),
    (188, 63, 188, 8, 'MAT0008', '五金耗材008', '规格-2-4', '件', 18.200, 2, '入库明细 063-2', '2026-03-26 16:00:00', '2026-03-27 10:00:00', 0),
    (189, 63, 189, 9, 'MAT0009', '包装材料009', '规格-3-5', '卷', 23.075, 3, '入库明细 063-3', '2026-03-26 16:00:00', '2026-03-27 10:00:00', 0),
    (190, 64, 190, 10, 'MAT0010', '办公耗材010', '规格-4-1', '箱', 8.925, 1, '入库明细 064-1', '2026-03-23 16:00:00', '2026-03-24 10:00:00', 0),
    (191, 64, 191, 11, 'MAT0011', '设备配件011', '规格-5-2', '套', 11.550, 2, '入库明细 064-2', '2026-03-23 16:00:00', '2026-03-24 10:00:00', 0),
    (192, 64, 192, 12, 'MAT0012', '化工辅料012', '规格-6-3', 'kg', 14.175, 3, '入库明细 064-3', '2026-03-23 16:00:00', '2026-03-24 10:00:00', 0),
    (193, 65, 193, 10, 'MAT0010', '办公耗材010', '规格-4-1', '箱', 15.249, 1, '入库明细 065-1', '2026-03-27 16:00:00', '2026-03-28 10:00:00', 0),
    (194, 65, 194, 11, 'MAT0011', '设备配件011', '规格-5-2', '套', 19.734, 2, '入库明细 065-2', '2026-03-27 16:00:00', '2026-03-28 10:00:00', 0),
    (195, 65, 195, 12, 'MAT0012', '化工辅料012', '规格-6-3', 'kg', 24.219, 3, '入库明细 065-3', '2026-03-27 16:00:00', '2026-03-28 10:00:00', 0),
    (196, 66, 196, 13, 'MAT0013', '电子元件013', '规格-7-4', '个', 10.675, 1, '入库明细 066-1', '2026-03-24 16:00:00', '2026-03-25 10:00:00', 0),
    (197, 66, 197, 14, 'MAT0014', '五金耗材014', '规格-1-5', '件', 13.300, 2, '入库明细 066-2', '2026-03-24 16:00:00', '2026-03-25 10:00:00', 0),
    (198, 66, 198, 15, 'MAT0015', '包装材料015', '规格-2-1', '卷', 15.925, 3, '入库明细 066-3', '2026-03-24 16:00:00', '2026-03-25 10:00:00', 0),
    (199, 67, 199, 13, 'MAT0013', '电子元件013', '规格-7-4', '个', 19.825, 1, '入库明细 067-1', '2026-03-28 16:00:00', '2026-03-29 10:00:00', 0),
    (200, 67, 200, 14, 'MAT0014', '五金耗材014', '规格-1-5', '件', 24.700, 2, '入库明细 067-2', '2026-03-28 16:00:00', '2026-03-29 10:00:00', 0);

INSERT INTO `inbound_item` (`id`, `inbound_id`, `arrival_item_id`, `material_id`, `material_code`, `material_name`, `specification`, `unit`, `inbound_number`, `sort_number`, `remark`, `create_time`, `update_time`, `deleted`) VALUES
    (201, 67, 201, 15, 'MAT0015', '包装材料015', '规格-2-1', '卷', 29.575, 3, '入库明细 067-3', '2026-03-28 16:00:00', '2026-03-29 10:00:00', 0),
    (202, 68, 202, 16, 'MAT0016', '办公耗材016', '规格-3-2', '箱', 12.425, 1, '入库明细 068-1', '2026-03-25 16:00:00', '2026-03-26 10:00:00', 0),
    (203, 68, 203, 17, 'MAT0017', '设备配件017', '规格-4-3', '套', 15.050, 2, '入库明细 068-2', '2026-03-25 16:00:00', '2026-03-26 10:00:00', 0),
    (204, 68, 204, 18, 'MAT0018', '化工辅料018', '规格-5-4', 'kg', 17.675, 3, '入库明细 068-3', '2026-03-25 16:00:00', '2026-03-26 10:00:00', 0),
    (205, 69, 205, 16, 'MAT0016', '办公耗材016', '规格-3-2', '箱', 23.075, 1, '入库明细 069-1', '2026-03-29 16:00:00', '2026-03-30 10:00:00', 0),
    (206, 69, 206, 17, 'MAT0017', '设备配件017', '规格-4-3', '套', 27.950, 2, '入库明细 069-2', '2026-03-29 16:00:00', '2026-03-30 10:00:00', 0),
    (207, 69, 207, 18, 'MAT0018', '化工辅料018', '规格-5-4', 'kg', 32.825, 3, '入库明细 069-3', '2026-03-29 16:00:00', '2026-03-30 10:00:00', 0),
    (208, 70, 208, 19, 'MAT0019', '电子元件019', '规格-6-5', '个', 13.041, 1, '入库明细 070-1', '2026-03-23 16:00:00', '2026-03-24 10:00:00', 0),
    (209, 70, 209, 20, 'MAT0020', '五金耗材020', '规格-7-1', '件', 15.456, 2, '入库明细 070-2', '2026-03-23 16:00:00', '2026-03-24 10:00:00', 0),
    (210, 70, 210, 21, 'MAT0021', '包装材料021', '规格-1-2', '卷', 17.871, 3, '入库明细 070-3', '2026-03-23 16:00:00', '2026-03-24 10:00:00', 0),
    (211, 71, 211, 19, 'MAT0019', '电子元件019', '规格-6-5', '个', 26.325, 1, '入库明细 071-1', '2026-03-27 16:00:00', '2026-03-28 10:00:00', 0),
    (212, 71, 212, 20, 'MAT0020', '五金耗材020', '规格-7-1', '件', 31.200, 2, '入库明细 071-2', '2026-03-27 16:00:00', '2026-03-28 10:00:00', 0),
    (213, 71, 213, 21, 'MAT0021', '包装材料021', '规格-1-2', '卷', 36.075, 3, '入库明细 071-3', '2026-03-27 16:00:00', '2026-03-28 10:00:00', 0),
    (214, 72, 214, 22, 'MAT0022', '办公耗材022', '规格-2-3', '箱', 15.925, 1, '入库明细 072-1', '2026-03-24 16:00:00', '2026-03-25 10:00:00', 0),
    (215, 72, 215, 23, 'MAT0023', '设备配件023', '规格-3-4', '套', 18.550, 2, '入库明细 072-2', '2026-03-24 16:00:00', '2026-03-25 10:00:00', 0),
    (216, 72, 216, 24, 'MAT0024', '化工辅料024', '规格-4-5', 'kg', 4.375, 3, '入库明细 072-3', '2026-03-24 16:00:00', '2026-03-25 10:00:00', 0),
    (217, 73, 217, 22, 'MAT0022', '办公耗材022', '规格-2-3', '箱', 29.575, 1, '入库明细 073-1', '2026-03-28 16:00:00', '2026-03-29 10:00:00', 0),
    (218, 73, 218, 23, 'MAT0023', '设备配件023', '规格-3-4', '套', 34.450, 2, '入库明细 073-2', '2026-03-28 16:00:00', '2026-03-29 10:00:00', 0),
    (219, 73, 219, 24, 'MAT0024', '化工辅料024', '规格-4-5', 'kg', 8.125, 3, '入库明细 073-3', '2026-03-28 16:00:00', '2026-03-29 10:00:00', 0),
    (220, 74, 220, 25, 'MAT0025', '电子元件025', '规格-5-1', '个', 17.675, 1, '入库明细 074-1', '2026-03-25 16:00:00', '2026-03-26 10:00:00', 0),
    (221, 74, 221, 26, 'MAT0026', '五金耗材026', '规格-6-2', '件', 20.300, 2, '入库明细 074-2', '2026-03-25 16:00:00', '2026-03-26 10:00:00', 0),
    (222, 74, 222, 27, 'MAT0027', '包装材料027', '规格-7-3', '卷', 6.125, 3, '入库明细 074-3', '2026-03-25 16:00:00', '2026-03-26 10:00:00', 0),
    (223, 75, 223, 25, 'MAT0025', '电子元件025', '规格-5-1', '个', 30.199, 1, '入库明细 075-1', '2026-03-29 16:00:00', '2026-03-30 10:00:00', 0),
    (224, 75, 224, 26, 'MAT0026', '五金耗材026', '规格-6-2', '件', 34.684, 2, '入库明细 075-2', '2026-03-29 16:00:00', '2026-03-30 10:00:00', 0),
    (225, 75, 225, 27, 'MAT0027', '包装材料027', '规格-7-3', '卷', 10.465, 3, '入库明细 075-3', '2026-03-29 16:00:00', '2026-03-30 10:00:00', 0),
    (226, 76, 226, 28, 'MAT0028', '办公耗材028', '规格-1-4', '箱', 19.425, 1, '入库明细 076-1', '2026-03-26 16:00:00', '2026-03-27 10:00:00', 0),
    (227, 76, 227, 29, 'MAT0029', '设备配件029', '规格-2-5', '套', 5.250, 2, '入库明细 076-2', '2026-03-26 16:00:00', '2026-03-27 10:00:00', 0),
    (228, 76, 228, 30, 'MAT0030', '化工辅料030', '规格-3-1', 'kg', 7.875, 3, '入库明细 076-3', '2026-03-26 16:00:00', '2026-03-27 10:00:00', 0),
    (229, 77, 229, 28, 'MAT0028', '办公耗材028', '规格-1-4', '箱', 36.075, 1, '入库明细 077-1', '2026-03-30 16:00:00', '2026-03-31 10:00:00', 0),
    (230, 77, 230, 29, 'MAT0029', '设备配件029', '规格-2-5', '套', 9.750, 2, '入库明细 077-2', '2026-03-30 16:00:00', '2026-03-31 10:00:00', 0),
    (231, 77, 231, 30, 'MAT0030', '化工辅料030', '规格-3-1', 'kg', 14.625, 3, '入库明细 077-3', '2026-03-30 16:00:00', '2026-03-31 10:00:00', 0),
    (232, 78, 232, 31, 'MAT0031', '电子元件031', '规格-4-2', '个', 4.375, 1, '入库明细 078-1', '2026-03-24 16:00:00', '2026-03-25 10:00:00', 0),
    (233, 78, 233, 32, 'MAT0032', '五金耗材032', '规格-5-3', '件', 7.000, 2, '入库明细 078-2', '2026-03-24 16:00:00', '2026-03-25 10:00:00', 0),
    (234, 78, 234, 33, 'MAT0033', '包装材料033', '规格-6-4', '卷', 9.625, 3, '入库明细 078-3', '2026-03-24 16:00:00', '2026-03-25 10:00:00', 0),
    (235, 79, 235, 31, 'MAT0031', '电子元件031', '规格-4-2', '个', 8.125, 1, '入库明细 079-1', '2026-03-28 16:00:00', '2026-03-29 10:00:00', 0),
    (236, 79, 236, 32, 'MAT0032', '五金耗材032', '规格-5-3', '件', 13.000, 2, '入库明细 079-2', '2026-03-28 16:00:00', '2026-03-29 10:00:00', 0),
    (237, 79, 237, 33, 'MAT0033', '包装材料033', '规格-6-4', '卷', 17.875, 3, '入库明细 079-3', '2026-03-28 16:00:00', '2026-03-29 10:00:00', 0),
    (238, 80, 238, 34, 'MAT0034', '办公耗材034', '规格-7-5', '箱', 5.635, 1, '入库明细 080-1', '2026-03-25 16:00:00', '2026-03-26 10:00:00', 0),
    (239, 80, 239, 35, 'MAT0035', '设备配件035', '规格-1-1', '套', 8.050, 2, '入库明细 080-2', '2026-03-25 16:00:00', '2026-03-26 10:00:00', 0),
    (240, 80, 240, 36, 'MAT0036', '化工辅料036', '规格-2-2', 'kg', 10.465, 3, '入库明细 080-3', '2026-03-25 16:00:00', '2026-03-26 10:00:00', 0),
    (241, 81, 241, 34, 'MAT0034', '办公耗材034', '规格-7-5', '箱', 11.375, 1, '入库明细 081-1', '2026-03-29 16:00:00', '2026-03-29 16:00:00', 0),
    (242, 81, 242, 35, 'MAT0035', '设备配件035', '规格-1-1', '套', 16.250, 2, '入库明细 081-2', '2026-03-29 16:00:00', '2026-03-29 16:00:00', 0),
    (243, 81, 243, 36, 'MAT0036', '化工辅料036', '规格-2-2', 'kg', 21.125, 3, '入库明细 081-3', '2026-03-29 16:00:00', '2026-03-29 16:00:00', 0),
    (244, 82, 244, 37, 'MAT0037', '电子元件037', '规格-3-3', '个', 7.875, 1, '入库明细 082-1', '2026-03-26 16:00:00', '2026-03-26 16:00:00', 0),
    (245, 82, 245, 38, 'MAT0038', '五金耗材038', '规格-4-4', '件', 10.500, 2, '入库明细 082-2', '2026-03-26 16:00:00', '2026-03-26 16:00:00', 0),
    (246, 82, 246, 39, 'MAT0039', '包装材料039', '规格-5-5', '卷', 13.125, 3, '入库明细 082-3', '2026-03-26 16:00:00', '2026-03-26 16:00:00', 0),
    (247, 83, 247, 37, 'MAT0037', '电子元件037', '规格-3-3', '个', 14.625, 1, '入库明细 083-1', '2026-03-30 16:00:00', '2026-03-30 16:00:00', 0),
    (248, 83, 248, 38, 'MAT0038', '五金耗材038', '规格-4-4', '件', 19.500, 2, '入库明细 083-2', '2026-03-30 16:00:00', '2026-03-30 16:00:00', 0),
    (249, 83, 249, 39, 'MAT0039', '包装材料039', '规格-5-5', '卷', 24.375, 3, '入库明细 083-3', '2026-03-30 16:00:00', '2026-03-30 16:00:00', 0),
    (250, 84, 250, 40, 'MAT0040', '办公耗材040', '规格-6-1', '箱', 9.625, 1, '入库明细 084-1', '2026-03-27 16:00:00', '2026-03-27 16:00:00', 0),
    (251, 84, 251, 41, 'MAT0041', '设备配件041', '规格-7-2', '套', 12.250, 2, '入库明细 084-2', '2026-03-27 16:00:00', '2026-03-27 16:00:00', 0),
    (252, 84, 252, 42, 'MAT0042', '化工辅料042', '规格-1-3', 'kg', 14.875, 3, '入库明细 084-3', '2026-03-27 16:00:00', '2026-03-27 16:00:00', 0),
    (253, 85, 253, 40, 'MAT0040', '办公耗材040', '规格-6-1', '箱', 16.445, 1, '入库明细 085-1', '2026-03-31 16:00:00', '2026-03-31 16:00:00', 0),
    (254, 85, 254, 41, 'MAT0041', '设备配件041', '规格-7-2', '套', 20.930, 2, '入库明细 085-2', '2026-03-31 16:00:00', '2026-03-31 16:00:00', 0),
    (255, 85, 255, 42, 'MAT0042', '化工辅料042', '规格-1-3', 'kg', 25.415, 3, '入库明细 085-3', '2026-03-31 16:00:00', '2026-03-31 16:00:00', 0),
    (256, 86, 256, 43, 'MAT0043', '电子元件043', '规格-2-4', '个', 11.375, 1, '入库明细 086-1', '2026-03-25 16:00:00', '2026-03-25 16:00:00', 0),
    (257, 86, 257, 44, 'MAT0044', '五金耗材044', '规格-3-5', '件', 14.000, 2, '入库明细 086-2', '2026-03-25 16:00:00', '2026-03-25 16:00:00', 0),
    (258, 86, 258, 45, 'MAT0045', '包装材料045', '规格-4-1', '卷', 16.625, 3, '入库明细 086-3', '2026-03-25 16:00:00', '2026-03-25 16:00:00', 0),
    (259, 87, 259, 43, 'MAT0043', '电子元件043', '规格-2-4', '个', 21.125, 1, '入库明细 087-1', '2026-03-29 16:00:00', '2026-03-29 16:00:00', 0),
    (260, 87, 260, 44, 'MAT0044', '五金耗材044', '规格-3-5', '件', 26.000, 2, '入库明细 087-2', '2026-03-29 16:00:00', '2026-03-29 16:00:00', 0),
    (261, 87, 261, 45, 'MAT0045', '包装材料045', '规格-4-1', '卷', 30.875, 3, '入库明细 087-3', '2026-03-29 16:00:00', '2026-03-29 16:00:00', 0),
    (262, 88, 262, 46, 'MAT0046', '办公耗材046', '规格-5-2', '箱', 13.125, 1, '入库明细 088-1', '2026-03-26 16:00:00', '2026-03-26 16:00:00', 0),
    (263, 88, 263, 47, 'MAT0047', '设备配件047', '规格-6-3', '套', 15.750, 2, '入库明细 088-2', '2026-03-26 16:00:00', '2026-03-26 16:00:00', 0),
    (264, 88, 264, 48, 'MAT0048', '化工辅料048', '规格-7-4', 'kg', 18.375, 3, '入库明细 088-3', '2026-03-26 16:00:00', '2026-03-26 16:00:00', 0),
    (265, 89, 265, 46, 'MAT0046', '办公耗材046', '规格-5-2', '箱', 24.375, 1, '入库明细 089-1', '2026-03-30 16:00:00', '2026-03-30 16:00:00', 0),
    (266, 89, 266, 47, 'MAT0047', '设备配件047', '规格-6-3', '套', 29.250, 2, '入库明细 089-2', '2026-03-30 16:00:00', '2026-03-30 16:00:00', 0),
    (267, 89, 267, 48, 'MAT0048', '化工辅料048', '规格-7-4', 'kg', 34.125, 3, '入库明细 089-3', '2026-03-30 16:00:00', '2026-03-30 16:00:00', 0),
    (268, 90, 268, 49, 'MAT0049', '电子元件049', '规格-1-5', '个', 13.685, 1, '入库明细 090-1', '2026-03-27 16:00:00', '2026-03-27 16:00:00', 0),
    (269, 90, 269, 50, 'MAT0050', '五金耗材050', '规格-2-1', '件', 16.100, 2, '入库明细 090-2', '2026-03-27 16:00:00', '2026-03-27 16:00:00', 0),
    (270, 90, 270, 51, 'MAT0051', '包装材料051', '规格-3-2', '卷', 18.515, 3, '入库明细 090-3', '2026-03-27 16:00:00', '2026-03-27 16:00:00', 0),
    (271, 91, 271, 49, 'MAT0049', '电子元件049', '规格-1-5', '个', 27.625, 1, '入库明细 091-1', '2026-03-31 16:00:00', '2026-03-31 16:00:00', 0),
    (272, 91, 272, 50, 'MAT0050', '五金耗材050', '规格-2-1', '件', 32.500, 2, '入库明细 091-2', '2026-03-31 16:00:00', '2026-03-31 16:00:00', 0),
    (273, 91, 273, 51, 'MAT0051', '包装材料051', '规格-3-2', '卷', 37.375, 3, '入库明细 091-3', '2026-03-31 16:00:00', '2026-03-31 16:00:00', 0),
    (274, 92, 274, 52, 'MAT0052', '办公耗材052', '规格-4-3', '箱', 16.625, 1, '入库明细 092-1', '2026-03-28 16:00:00', '2026-03-28 16:00:00', 0),
    (275, 92, 275, 53, 'MAT0053', '设备配件053', '规格-5-4', '套', 19.250, 2, '入库明细 092-2', '2026-03-28 16:00:00', '2026-03-28 16:00:00', 0),
    (276, 92, 276, 54, 'MAT0054', '化工辅料054', '规格-6-5', 'kg', 5.075, 3, '入库明细 092-3', '2026-03-28 16:00:00', '2026-03-28 16:00:00', 0),
    (277, 93, 277, 52, 'MAT0052', '办公耗材052', '规格-4-3', '箱', 30.875, 1, '入库明细 093-1', '2026-04-01 16:00:00', '2026-04-01 16:00:00', 0),
    (278, 93, 278, 53, 'MAT0053', '设备配件053', '规格-5-4', '套', 35.750, 2, '入库明细 093-2', '2026-04-01 16:00:00', '2026-04-01 16:00:00', 0),
    (279, 93, 279, 54, 'MAT0054', '化工辅料054', '规格-6-5', 'kg', 9.425, 3, '入库明细 093-3', '2026-04-01 16:00:00', '2026-04-01 16:00:00', 0),
    (280, 94, 280, 55, 'MAT0055', '电子元件055', '规格-7-1', '个', 18.375, 1, '入库明细 094-1', '2026-03-26 16:00:00', '2026-03-26 16:00:00', 0),
    (281, 94, 281, 56, 'MAT0056', '五金耗材056', '规格-1-2', '件', 4.200, 2, '入库明细 094-2', '2026-03-26 16:00:00', '2026-03-26 16:00:00', 0),
    (282, 94, 282, 57, 'MAT0057', '包装材料057', '规格-2-3', '卷', 6.825, 3, '入库明细 094-3', '2026-03-26 16:00:00', '2026-03-26 16:00:00', 0),
    (283, 95, 283, 55, 'MAT0055', '电子元件055', '规格-7-1', '个', 31.395, 1, '入库明细 095-1', '2026-03-30 16:00:00', '2026-03-30 16:00:00', 0),
    (284, 95, 284, 56, 'MAT0056', '五金耗材056', '规格-1-2', '件', 7.176, 2, '入库明细 095-2', '2026-03-30 16:00:00', '2026-03-30 16:00:00', 0),
    (285, 95, 285, 57, 'MAT0057', '包装材料057', '规格-2-3', '卷', 11.661, 3, '入库明细 095-3', '2026-03-30 16:00:00', '2026-03-30 16:00:00', 0),
    (286, 96, 286, 58, 'MAT0058', '办公耗材058', '规格-3-4', '箱', 20.125, 1, '入库明细 096-1', '2026-03-27 16:00:00', '2026-03-27 16:00:00', 0),
    (287, 96, 287, 59, 'MAT0059', '设备配件059', '规格-4-5', '套', 5.950, 2, '入库明细 096-2', '2026-03-27 16:00:00', '2026-03-27 16:00:00', 0),
    (288, 96, 288, 60, 'MAT0060', '化工辅料060', '规格-5-1', 'kg', 8.575, 3, '入库明细 096-3', '2026-03-27 16:00:00', '2026-03-27 16:00:00', 0),
    (289, 97, 289, 58, 'MAT0058', '办公耗材058', '规格-3-4', '箱', 37.375, 1, '入库明细 097-1', '2026-03-31 16:00:00', '2026-03-31 16:00:00', 0),
    (290, 97, 290, 59, 'MAT0059', '设备配件059', '规格-4-5', '套', 11.050, 2, '入库明细 097-2', '2026-03-31 16:00:00', '2026-03-31 16:00:00', 0),
    (291, 97, 291, 60, 'MAT0060', '化工辅料060', '规格-5-1', 'kg', 15.925, 3, '入库明细 097-3', '2026-03-31 16:00:00', '2026-03-31 16:00:00', 0),
    (292, 98, 292, 61, 'MAT0061', '电子元件061', '规格-6-2', '个', 5.075, 1, '入库明细 098-1', '2026-03-28 16:00:00', '2026-03-28 16:00:00', 0),
    (293, 98, 293, 62, 'MAT0062', '五金耗材062', '规格-7-3', '件', 7.700, 2, '入库明细 098-2', '2026-03-28 16:00:00', '2026-03-28 16:00:00', 0),
    (294, 98, 294, 63, 'MAT0063', '包装材料063', '规格-1-4', '卷', 10.325, 3, '入库明细 098-3', '2026-03-28 16:00:00', '2026-03-28 16:00:00', 0),
    (295, 99, 295, 61, 'MAT0061', '电子元件061', '规格-6-2', '个', 9.425, 1, '入库明细 099-1', '2026-04-01 16:00:00', '2026-04-01 16:00:00', 0),
    (296, 99, 296, 62, 'MAT0062', '五金耗材062', '规格-7-3', '件', 14.300, 2, '入库明细 099-2', '2026-04-01 16:00:00', '2026-04-01 16:00:00', 0),
    (297, 99, 297, 63, 'MAT0063', '包装材料063', '规格-1-4', '卷', 19.175, 3, '入库明细 099-3', '2026-04-01 16:00:00', '2026-04-01 16:00:00', 0),
    (298, 100, 298, 64, 'MAT0064', '办公耗材064', '规格-2-5', '箱', 6.825, 1, '入库明细 100-1', '2026-03-29 16:00:00', '2026-03-29 16:00:00', 0),
    (299, 100, 299, 65, 'MAT0065', '设备配件065', '规格-3-1', '套', 9.450, 2, '入库明细 100-2', '2026-03-29 16:00:00', '2026-03-29 16:00:00', 0),
    (300, 100, 300, 66, 'MAT0066', '化工辅料066', '规格-4-2', 'kg', 12.075, 3, '入库明细 100-3', '2026-03-29 16:00:00', '2026-03-29 16:00:00', 0);

INSERT INTO `inventory` (`id`, `material_id`, `warehouse_id`, `current_number`, `last_inbound_time`, `remark`, `create_time`, `update_time`, `deleted`) VALUES
    (1, 1, 3, 46.500, '2026-04-06 10:00:00', '电子元件001 在 华北1号仓 的库存记录', '2026-03-31 10:00:00', '2026-04-06 10:00:00', 0),
    (2, 1, 7, 10.500, '2026-03-28 10:00:00', '电子元件001 在 华南2号仓 的库存记录', '2026-03-24 10:00:00', '2026-03-28 10:00:00', 0),
    (3, 2, 3, 54.000, '2026-04-06 10:00:00', '五金耗材002 在 华北1号仓 的库存记录', '2026-03-31 10:00:00', '2026-04-06 10:00:00', 0),
    (4, 2, 7, 18.000, '2026-03-28 10:00:00', '五金耗材002 在 华南2号仓 的库存记录', '2026-03-24 10:00:00', '2026-03-28 10:00:00', 0),
    (5, 3, 3, 13.500, '2026-04-06 10:00:00', '包装材料003 在 华北1号仓 的库存记录', '2026-03-31 10:00:00', '2026-04-06 10:00:00', 0),
    (6, 3, 7, 25.500, '2026-03-28 10:00:00', '包装材料003 在 华南2号仓 的库存记录', '2026-03-24 10:00:00', '2026-03-28 10:00:00', 0),
    (7, 4, 4, 51.500, '2026-04-07 10:00:00', '办公耗材004 在 华中1号仓 的库存记录', '2026-04-01 10:00:00', '2026-04-07 10:00:00', 0),
    (8, 4, 8, 15.066, '2026-03-29 10:00:00', '办公耗材004 在 华北2号仓 的库存记录', '2026-03-25 10:00:00', '2026-03-29 10:00:00', 0),
    (9, 5, 4, 11.000, '2026-04-07 10:00:00', '设备配件005 在 华中1号仓 的库存记录', '2026-04-01 10:00:00', '2026-04-07 10:00:00', 0),
    (10, 5, 8, 22.356, '2026-03-29 10:00:00', '设备配件005 在 华北2号仓 的库存记录', '2026-03-25 10:00:00', '2026-03-29 10:00:00', 0),
    (11, 6, 4, 18.500, '2026-04-07 10:00:00', '化工辅料006 在 华中1号仓 的库存记录', '2026-04-01 10:00:00', '2026-04-07 10:00:00', 0),
    (12, 6, 8, 29.646, '2026-03-29 10:00:00', '化工辅料006 在 华北2号仓 的库存记录', '2026-03-25 10:00:00', '2026-03-29 10:00:00', 0),
    (13, 7, 5, 56.500, '2026-04-08 10:00:00', '电子元件007 在 西南1号仓 的库存记录', '2026-04-02 10:00:00', '2026-04-08 10:00:00', 0),
    (14, 7, 9, 20.500, '2026-03-27 10:00:00', '电子元件007 在 华中2号仓 的库存记录', '2026-03-23 10:00:00', '2026-03-27 10:00:00', 0),
    (15, 8, 5, 16.000, '2026-04-08 10:00:00', '五金耗材008 在 西南1号仓 的库存记录', '2026-04-02 10:00:00', '2026-04-08 10:00:00', 0),
    (16, 8, 9, 28.000, '2026-03-27 10:00:00', '五金耗材008 在 华中2号仓 的库存记录', '2026-03-23 10:00:00', '2026-03-27 10:00:00', 0),
    (17, 9, 5, 23.500, '2026-04-08 10:00:00', '包装材料009 在 西南1号仓 的库存记录', '2026-04-02 10:00:00', '2026-04-08 10:00:00', 0),
    (18, 9, 9, 35.500, '2026-03-27 10:00:00', '包装材料009 在 华中2号仓 的库存记录', '2026-03-23 10:00:00', '2026-03-27 10:00:00', 0),
    (19, 10, 10, 24.174, '2026-03-28 10:00:00', '办公耗材010 在 西南2号仓 的库存记录', '2026-03-24 10:00:00', '2026-03-28 10:00:00', 0),
    (20, 11, 10, 31.284, '2026-03-28 10:00:00', '设备配件011 在 西南2号仓 的库存记录', '2026-03-24 10:00:00', '2026-03-28 10:00:00', 0),
    (21, 12, 10, 38.394, '2026-03-28 10:00:00', '化工辅料012 在 西南2号仓 的库存记录', '2026-03-24 10:00:00', '2026-03-28 10:00:00', 0),
    (22, 13, 1, 30.500, '2026-03-29 10:00:00', '电子元件013 在 华东1号仓 的库存记录', '2026-03-25 10:00:00', '2026-03-29 10:00:00', 0),
    (23, 14, 1, 38.000, '2026-03-29 10:00:00', '五金耗材014 在 华东1号仓 的库存记录', '2026-03-25 10:00:00', '2026-03-29 10:00:00', 0),
    (24, 15, 1, 45.500, '2026-03-29 10:00:00', '包装材料015 在 华东1号仓 的库存记录', '2026-03-25 10:00:00', '2026-03-29 10:00:00', 0),
    (25, 16, 2, 35.500, '2026-03-30 10:00:00', '办公耗材016 在 华南1号仓 的库存记录', '2026-03-26 10:00:00', '2026-03-30 10:00:00', 0),
    (26, 17, 2, 43.000, '2026-03-30 10:00:00', '设备配件017 在 华南1号仓 的库存记录', '2026-03-26 10:00:00', '2026-03-30 10:00:00', 0),
    (27, 18, 2, 50.500, '2026-03-30 10:00:00', '化工辅料018 在 华南1号仓 的库存记录', '2026-03-26 10:00:00', '2026-03-30 10:00:00', 0),
    (28, 19, 3, 39.366, '2026-03-28 10:00:00', '电子元件019 在 华北1号仓 的库存记录', '2026-03-24 10:00:00', '2026-03-28 10:00:00', 0),
    (29, 20, 3, 46.656, '2026-03-28 10:00:00', '五金耗材020 在 华北1号仓 的库存记录', '2026-03-24 10:00:00', '2026-03-28 10:00:00', 0),
    (30, 21, 3, 53.946, '2026-03-28 10:00:00', '包装材料021 在 华北1号仓 的库存记录', '2026-03-24 10:00:00', '2026-03-28 10:00:00', 0),
    (31, 22, 4, 45.500, '2026-03-29 10:00:00', '办公耗材022 在 华中1号仓 的库存记录', '2026-03-25 10:00:00', '2026-03-29 10:00:00', 0),
    (32, 23, 4, 53.000, '2026-03-29 10:00:00', '设备配件023 在 华中1号仓 的库存记录', '2026-03-25 10:00:00', '2026-03-29 10:00:00', 0),
    (33, 24, 4, 12.500, '2026-03-29 10:00:00', '化工辅料024 在 华中1号仓 的库存记录', '2026-03-25 10:00:00', '2026-03-29 10:00:00', 0),
    (34, 25, 5, 47.874, '2026-03-30 10:00:00', '电子元件025 在 西南1号仓 的库存记录', '2026-03-26 10:00:00', '2026-03-30 10:00:00', 0),
    (35, 26, 5, 54.984, '2026-03-30 10:00:00', '五金耗材026 在 西南1号仓 的库存记录', '2026-03-26 10:00:00', '2026-03-30 10:00:00', 0),
    (36, 27, 5, 16.590, '2026-03-30 10:00:00', '包装材料027 在 西南1号仓 的库存记录', '2026-03-26 10:00:00', '2026-03-30 10:00:00', 0),
    (37, 28, 6, 55.500, '2026-03-31 10:00:00', '办公耗材028 在 华东2号仓 的库存记录', '2026-03-27 10:00:00', '2026-03-31 10:00:00', 0),
    (38, 29, 6, 15.000, '2026-03-31 10:00:00', '设备配件029 在 华东2号仓 的库存记录', '2026-03-27 10:00:00', '2026-03-31 10:00:00', 0),
    (39, 30, 6, 22.500, '2026-03-31 10:00:00', '化工辅料030 在 华东2号仓 的库存记录', '2026-03-27 10:00:00', '2026-03-31 10:00:00', 0),
    (40, 31, 7, 12.500, '2026-03-29 10:00:00', '电子元件031 在 华南2号仓 的库存记录', '2026-03-25 10:00:00', '2026-03-29 10:00:00', 0),
    (41, 32, 7, 20.000, '2026-03-29 10:00:00', '五金耗材032 在 华南2号仓 的库存记录', '2026-03-25 10:00:00', '2026-03-29 10:00:00', 0),
    (42, 33, 7, 27.500, '2026-03-29 10:00:00', '包装材料033 在 华南2号仓 的库存记录', '2026-03-25 10:00:00', '2026-03-29 10:00:00', 0),
    (43, 34, 8, 5.635, '2026-03-26 10:00:00', '办公耗材034 在 华北2号仓 的库存记录', '2026-03-26 10:00:00', '2026-03-26 10:00:00', 0),
    (44, 35, 8, 8.050, '2026-03-26 10:00:00', '设备配件035 在 华北2号仓 的库存记录', '2026-03-26 10:00:00', '2026-03-26 10:00:00', 0),
    (45, 36, 8, 10.465, '2026-03-26 10:00:00', '化工辅料036 在 华北2号仓 的库存记录', '2026-03-26 10:00:00', '2026-03-26 10:00:00', 0),
    (46, 73, 1, 34.500, '2026-04-01 10:00:00', '电子元件073 在 华东1号仓 的库存记录', '2026-03-26 10:00:00', '2026-04-01 10:00:00', 0),
    (47, 74, 1, 42.000, '2026-04-01 10:00:00', '五金耗材074 在 华东1号仓 的库存记录', '2026-03-26 10:00:00', '2026-04-01 10:00:00', 0),
    (48, 75, 1, 49.500, '2026-04-01 10:00:00', '包装材料075 在 华东1号仓 的库存记录', '2026-03-26 10:00:00', '2026-04-01 10:00:00', 0),
    (49, 76, 2, 39.500, '2026-04-02 10:00:00', '办公耗材076 在 华南1号仓 的库存记录', '2026-03-27 10:00:00', '2026-04-02 10:00:00', 0),
    (50, 77, 2, 47.000, '2026-04-02 10:00:00', '设备配件077 在 华南1号仓 的库存记录', '2026-03-27 10:00:00', '2026-04-02 10:00:00', 0),
    (51, 78, 2, 54.500, '2026-04-02 10:00:00', '化工辅料078 在 华南1号仓 的库存记录', '2026-03-27 10:00:00', '2026-04-02 10:00:00', 0),
    (52, 79, 3, 44.500, '2026-04-04 10:00:00', '电子元件079 在 华北1号仓 的库存记录', '2026-03-29 10:00:00', '2026-04-04 10:00:00', 0),
    (53, 80, 3, 52.000, '2026-04-04 10:00:00', '五金耗材080 在 华北1号仓 的库存记录', '2026-03-29 10:00:00', '2026-04-04 10:00:00', 0),
    (54, 81, 3, 11.500, '2026-04-04 10:00:00', '包装材料081 在 华北1号仓 的库存记录', '2026-03-29 10:00:00', '2026-04-04 10:00:00', 0),
    (55, 82, 4, 49.500, '2026-04-02 10:00:00', '办公耗材082 在 华中1号仓 的库存记录', '2026-03-27 10:00:00', '2026-04-02 10:00:00', 0),
    (56, 83, 4, 57.000, '2026-04-02 10:00:00', '设备配件083 在 华中1号仓 的库存记录', '2026-03-27 10:00:00', '2026-04-02 10:00:00', 0),
    (57, 84, 4, 16.500, '2026-04-02 10:00:00', '化工辅料084 在 华中1号仓 的库存记录', '2026-03-27 10:00:00', '2026-04-02 10:00:00', 0),
    (58, 85, 5, 54.500, '2026-04-03 10:00:00', '电子元件085 在 西南1号仓 的库存记录', '2026-03-28 10:00:00', '2026-04-03 10:00:00', 0),
    (59, 86, 5, 14.000, '2026-04-03 10:00:00', '五金耗材086 在 西南1号仓 的库存记录', '2026-03-28 10:00:00', '2026-04-03 10:00:00', 0),
    (60, 87, 5, 21.500, '2026-04-03 10:00:00', '包装材料087 在 西南1号仓 的库存记录', '2026-03-28 10:00:00', '2026-04-03 10:00:00', 0),
    (61, 88, 6, 11.500, '2026-04-04 10:00:00', '办公耗材088 在 华东2号仓 的库存记录', '2026-03-29 10:00:00', '2026-04-04 10:00:00', 0),
    (62, 89, 6, 19.000, '2026-04-04 10:00:00', '设备配件089 在 华东2号仓 的库存记录', '2026-03-29 10:00:00', '2026-04-04 10:00:00', 0),
    (63, 90, 6, 26.500, '2026-04-04 10:00:00', '化工辅料090 在 华东2号仓 的库存记录', '2026-03-29 10:00:00', '2026-04-04 10:00:00', 0),
    (64, 91, 1, 28.500, '2026-03-25 10:00:00', '电子元件091 在 华东1号仓 的库存记录', '2026-03-21 10:00:00', '2026-03-25 10:00:00', 0),
    (65, 91, 7, 16.500, '2026-04-03 10:00:00', '电子元件091 在 华南2号仓 的库存记录', '2026-03-28 10:00:00', '2026-04-03 10:00:00', 0),
    (66, 92, 1, 36.000, '2026-03-25 10:00:00', '五金耗材092 在 华东1号仓 的库存记录', '2026-03-21 10:00:00', '2026-03-25 10:00:00', 0),
    (67, 92, 7, 24.000, '2026-04-03 10:00:00', '五金耗材092 在 华南2号仓 的库存记录', '2026-03-28 10:00:00', '2026-04-03 10:00:00', 0),
    (68, 93, 1, 43.500, '2026-03-25 10:00:00', '包装材料093 在 华东1号仓 的库存记录', '2026-03-21 10:00:00', '2026-03-25 10:00:00', 0),
    (69, 93, 7, 31.500, '2026-04-03 10:00:00', '包装材料093 在 华南2号仓 的库存记录', '2026-03-28 10:00:00', '2026-04-03 10:00:00', 0),
    (70, 94, 2, 33.500, '2026-03-26 10:00:00', '办公耗材094 在 华南1号仓 的库存记录', '2026-03-22 10:00:00', '2026-03-26 10:00:00', 0),
    (71, 94, 8, 21.500, '2026-04-04 10:00:00', '办公耗材094 在 华北2号仓 的库存记录', '2026-03-29 10:00:00', '2026-04-04 10:00:00', 0),
    (72, 95, 2, 41.000, '2026-03-26 10:00:00', '设备配件095 在 华南1号仓 的库存记录', '2026-03-22 10:00:00', '2026-03-26 10:00:00', 0),
    (73, 95, 8, 29.000, '2026-04-04 10:00:00', '设备配件095 在 华北2号仓 的库存记录', '2026-03-29 10:00:00', '2026-04-04 10:00:00', 0),
    (74, 96, 2, 48.500, '2026-03-26 10:00:00', '化工辅料096 在 华南1号仓 的库存记录', '2026-03-22 10:00:00', '2026-03-26 10:00:00', 0),
    (75, 96, 8, 36.500, '2026-04-04 10:00:00', '化工辅料096 在 华北2号仓 的库存记录', '2026-03-29 10:00:00', '2026-04-04 10:00:00', 0),
    (76, 97, 3, 37.422, '2026-03-27 10:00:00', '电子元件097 在 华北1号仓 的库存记录', '2026-03-23 10:00:00', '2026-03-27 10:00:00', 0),
    (77, 97, 9, 26.500, '2026-04-05 10:00:00', '电子元件097 在 华中2号仓 的库存记录', '2026-03-30 10:00:00', '2026-04-05 10:00:00', 0),
    (78, 98, 3, 44.712, '2026-03-27 10:00:00', '五金耗材098 在 华北1号仓 的库存记录', '2026-03-23 10:00:00', '2026-03-27 10:00:00', 0),
    (79, 98, 9, 34.000, '2026-04-05 10:00:00', '五金耗材098 在 华中2号仓 的库存记录', '2026-03-30 10:00:00', '2026-04-05 10:00:00', 0),
    (80, 99, 3, 52.002, '2026-03-27 10:00:00', '包装材料099 在 华北1号仓 的库存记录', '2026-03-23 10:00:00', '2026-03-27 10:00:00', 0),
    (81, 99, 9, 41.500, '2026-04-05 10:00:00', '包装材料099 在 华中2号仓 的库存记录', '2026-03-30 10:00:00', '2026-04-05 10:00:00', 0),
    (82, 100, 4, 43.500, '2026-03-28 10:00:00', '办公耗材100 在 华中1号仓 的库存记录', '2026-03-24 10:00:00', '2026-03-28 10:00:00', 0),
    (83, 100, 10, 31.500, '2026-04-03 10:00:00', '办公耗材100 在 西南2号仓 的库存记录', '2026-03-28 10:00:00', '2026-04-03 10:00:00', 0),
    (84, 101, 4, 51.000, '2026-03-28 10:00:00', '设备配件101 在 华中1号仓 的库存记录', '2026-03-24 10:00:00', '2026-03-28 10:00:00', 0),
    (85, 101, 10, 39.000, '2026-04-03 10:00:00', '设备配件101 在 西南2号仓 的库存记录', '2026-03-28 10:00:00', '2026-04-03 10:00:00', 0),
    (86, 102, 4, 58.500, '2026-03-28 10:00:00', '化工辅料102 在 华中1号仓 的库存记录', '2026-03-24 10:00:00', '2026-03-28 10:00:00', 0),
    (87, 102, 10, 46.500, '2026-04-03 10:00:00', '化工辅料102 在 西南2号仓 的库存记录', '2026-03-28 10:00:00', '2026-04-03 10:00:00', 0),
    (88, 103, 1, 36.500, '2026-04-06 10:00:00', '电子元件103 在 华东1号仓 的库存记录', '2026-03-31 10:00:00', '2026-04-06 10:00:00', 0),
    (89, 103, 5, 45.978, '2026-03-26 10:00:00', '电子元件103 在 西南1号仓 的库存记录', '2026-03-22 10:00:00', '2026-03-26 10:00:00', 0),
    (90, 104, 1, 44.000, '2026-04-06 10:00:00', '五金耗材104 在 华东1号仓 的库存记录', '2026-03-31 10:00:00', '2026-04-06 10:00:00', 0),
    (91, 104, 5, 53.088, '2026-03-26 10:00:00', '五金耗材104 在 西南1号仓 的库存记录', '2026-03-22 10:00:00', '2026-03-26 10:00:00', 0),
    (92, 105, 1, 51.500, '2026-04-06 10:00:00', '包装材料105 在 华东1号仓 的库存记录', '2026-03-31 10:00:00', '2026-04-06 10:00:00', 0),
    (93, 105, 5, 14.694, '2026-03-26 10:00:00', '包装材料105 在 西南1号仓 的库存记录', '2026-03-22 10:00:00', '2026-03-26 10:00:00', 0),
    (94, 106, 2, 41.500, '2026-04-07 10:00:00', '办公耗材106 在 华南1号仓 的库存记录', '2026-04-01 10:00:00', '2026-04-07 10:00:00', 0),
    (95, 106, 6, 53.500, '2026-03-27 10:00:00', '办公耗材106 在 华东2号仓 的库存记录', '2026-03-23 10:00:00', '2026-03-27 10:00:00', 0),
    (96, 107, 2, 49.000, '2026-04-07 10:00:00', '设备配件107 在 华南1号仓 的库存记录', '2026-04-01 10:00:00', '2026-04-07 10:00:00', 0),
    (97, 107, 6, 13.000, '2026-03-27 10:00:00', '设备配件107 在 华东2号仓 的库存记录', '2026-03-23 10:00:00', '2026-03-27 10:00:00', 0),
    (98, 108, 2, 56.500, '2026-04-07 10:00:00', '化工辅料108 在 华南1号仓 的库存记录', '2026-04-01 10:00:00', '2026-04-07 10:00:00', 0),
    (99, 108, 6, 20.500, '2026-03-27 10:00:00', '化工辅料108 在 华东2号仓 的库存记录', '2026-03-23 10:00:00', '2026-03-27 10:00:00', 0);

INSERT INTO `inventory_log` (`id`, `log_no`, `inventory_id`, `material_id`, `warehouse_id`, `biz_type`, `biz_id`, `before_number`, `change_number`, `after_number`, `operator_id`, `operator_name`, `remark`, `operate_time`) VALUES
    (1, 'IL2026040001', 46, 73, 1, 'INBOUND', 1, 0.000, 10.350, 10.350, 36, '仓库岗001', '由入库单 IN2026040001 触发的库存变更', '2026-03-26 10:00:00'),
    (2, 'IL2026040002', 47, 74, 1, 'INBOUND', 1, 0.000, 12.600, 12.600, 36, '仓库岗001', '由入库单 IN2026040001 触发的库存变更', '2026-03-26 10:00:00'),
    (3, 'IL2026040003', 48, 75, 1, 'INBOUND', 1, 0.000, 14.850, 14.850, 36, '仓库岗001', '由入库单 IN2026040001 触发的库存变更', '2026-03-26 10:00:00'),
    (4, 'IL2026040004', 46, 73, 1, 'INBOUND', 2, 10.350, 10.350, 20.700, 36, '仓库岗001', '由入库单 IN2026040002 触发的库存变更', '2026-03-29 10:00:00'),
    (5, 'IL2026040005', 47, 74, 1, 'INBOUND', 2, 12.600, 12.600, 25.200, 36, '仓库岗001', '由入库单 IN2026040002 触发的库存变更', '2026-03-29 10:00:00'),
    (6, 'IL2026040006', 48, 75, 1, 'INBOUND', 2, 14.850, 14.850, 29.700, 36, '仓库岗001', '由入库单 IN2026040002 触发的库存变更', '2026-03-29 10:00:00'),
    (7, 'IL2026040007', 46, 73, 1, 'INBOUND', 3, 20.700, 13.800, 34.500, 36, '仓库岗001', '由入库单 IN2026040003 触发的库存变更', '2026-04-01 10:00:00'),
    (8, 'IL2026040008', 47, 74, 1, 'INBOUND', 3, 25.200, 16.800, 42.000, 36, '仓库岗001', '由入库单 IN2026040003 触发的库存变更', '2026-04-01 10:00:00'),
    (9, 'IL2026040009', 48, 75, 1, 'INBOUND', 3, 29.700, 19.800, 49.500, 36, '仓库岗001', '由入库单 IN2026040003 触发的库存变更', '2026-04-01 10:00:00'),
    (10, 'IL2026040010', 49, 76, 2, 'INBOUND', 4, 0.000, 11.850, 11.850, 37, '仓库岗002', '由入库单 IN2026040004 触发的库存变更', '2026-03-27 10:00:00'),
    (11, 'IL2026040011', 50, 77, 2, 'INBOUND', 4, 0.000, 14.100, 14.100, 37, '仓库岗002', '由入库单 IN2026040004 触发的库存变更', '2026-03-27 10:00:00'),
    (12, 'IL2026040012', 51, 78, 2, 'INBOUND', 4, 0.000, 16.350, 16.350, 37, '仓库岗002', '由入库单 IN2026040004 触发的库存变更', '2026-03-27 10:00:00'),
    (13, 'IL2026040013', 49, 76, 2, 'INBOUND', 5, 11.850, 11.850, 23.700, 37, '仓库岗002', '由入库单 IN2026040005 触发的库存变更', '2026-03-30 10:00:00'),
    (14, 'IL2026040014', 50, 77, 2, 'INBOUND', 5, 14.100, 14.100, 28.200, 37, '仓库岗002', '由入库单 IN2026040005 触发的库存变更', '2026-03-30 10:00:00'),
    (15, 'IL2026040015', 51, 78, 2, 'INBOUND', 5, 16.350, 16.350, 32.700, 37, '仓库岗002', '由入库单 IN2026040005 触发的库存变更', '2026-03-30 10:00:00'),
    (16, 'IL2026040016', 49, 76, 2, 'INBOUND', 6, 23.700, 15.800, 39.500, 37, '仓库岗002', '由入库单 IN2026040006 触发的库存变更', '2026-04-02 10:00:00'),
    (17, 'IL2026040017', 50, 77, 2, 'INBOUND', 6, 28.200, 18.800, 47.000, 37, '仓库岗002', '由入库单 IN2026040006 触发的库存变更', '2026-04-02 10:00:00'),
    (18, 'IL2026040018', 51, 78, 2, 'INBOUND', 6, 32.700, 21.800, 54.500, 37, '仓库岗002', '由入库单 IN2026040006 触发的库存变更', '2026-04-02 10:00:00'),
    (19, 'IL2026040019', 52, 79, 3, 'INBOUND', 7, 0.000, 13.350, 13.350, 38, '仓库岗003', '由入库单 IN2026040007 触发的库存变更', '2026-03-29 10:00:00'),
    (20, 'IL2026040020', 53, 80, 3, 'INBOUND', 7, 0.000, 15.600, 15.600, 38, '仓库岗003', '由入库单 IN2026040007 触发的库存变更', '2026-03-29 10:00:00'),
    (21, 'IL2026040021', 54, 81, 3, 'INBOUND', 7, 0.000, 3.450, 3.450, 38, '仓库岗003', '由入库单 IN2026040007 触发的库存变更', '2026-03-29 10:00:00'),
    (22, 'IL2026040022', 52, 79, 3, 'INBOUND', 8, 13.350, 13.350, 26.700, 38, '仓库岗003', '由入库单 IN2026040008 触发的库存变更', '2026-04-01 10:00:00'),
    (23, 'IL2026040023', 53, 80, 3, 'INBOUND', 8, 15.600, 15.600, 31.200, 38, '仓库岗003', '由入库单 IN2026040008 触发的库存变更', '2026-04-01 10:00:00'),
    (24, 'IL2026040024', 54, 81, 3, 'INBOUND', 8, 3.450, 3.450, 6.900, 38, '仓库岗003', '由入库单 IN2026040008 触发的库存变更', '2026-04-01 10:00:00'),
    (25, 'IL2026040025', 52, 79, 3, 'INBOUND', 9, 26.700, 17.800, 44.500, 38, '仓库岗003', '由入库单 IN2026040009 触发的库存变更', '2026-04-04 10:00:00'),
    (26, 'IL2026040026', 53, 80, 3, 'INBOUND', 9, 31.200, 20.800, 52.000, 38, '仓库岗003', '由入库单 IN2026040009 触发的库存变更', '2026-04-04 10:00:00'),
    (27, 'IL2026040027', 54, 81, 3, 'INBOUND', 9, 6.900, 4.600, 11.500, 38, '仓库岗003', '由入库单 IN2026040009 触发的库存变更', '2026-04-04 10:00:00'),
    (28, 'IL2026040028', 55, 82, 4, 'INBOUND', 10, 0.000, 14.850, 14.850, 39, '仓库岗004', '由入库单 IN2026040010 触发的库存变更', '2026-03-27 10:00:00'),
    (29, 'IL2026040029', 56, 83, 4, 'INBOUND', 10, 0.000, 17.100, 17.100, 39, '仓库岗004', '由入库单 IN2026040010 触发的库存变更', '2026-03-27 10:00:00'),
    (30, 'IL2026040030', 57, 84, 4, 'INBOUND', 10, 0.000, 4.950, 4.950, 39, '仓库岗004', '由入库单 IN2026040010 触发的库存变更', '2026-03-27 10:00:00'),
    (31, 'IL2026040031', 55, 82, 4, 'INBOUND', 11, 14.850, 14.850, 29.700, 39, '仓库岗004', '由入库单 IN2026040011 触发的库存变更', '2026-03-30 10:00:00'),
    (32, 'IL2026040032', 56, 83, 4, 'INBOUND', 11, 17.100, 17.100, 34.200, 39, '仓库岗004', '由入库单 IN2026040011 触发的库存变更', '2026-03-30 10:00:00'),
    (33, 'IL2026040033', 57, 84, 4, 'INBOUND', 11, 4.950, 4.950, 9.900, 39, '仓库岗004', '由入库单 IN2026040011 触发的库存变更', '2026-03-30 10:00:00'),
    (34, 'IL2026040034', 55, 82, 4, 'INBOUND', 12, 29.700, 19.800, 49.500, 39, '仓库岗004', '由入库单 IN2026040012 触发的库存变更', '2026-04-02 10:00:00'),
    (35, 'IL2026040035', 56, 83, 4, 'INBOUND', 12, 34.200, 22.800, 57.000, 39, '仓库岗004', '由入库单 IN2026040012 触发的库存变更', '2026-04-02 10:00:00'),
    (36, 'IL2026040036', 57, 84, 4, 'INBOUND', 12, 9.900, 6.600, 16.500, 39, '仓库岗004', '由入库单 IN2026040012 触发的库存变更', '2026-04-02 10:00:00'),
    (37, 'IL2026040037', 58, 85, 5, 'INBOUND', 13, 0.000, 16.350, 16.350, 40, '仓库岗005', '由入库单 IN2026040013 触发的库存变更', '2026-03-28 10:00:00'),
    (38, 'IL2026040038', 59, 86, 5, 'INBOUND', 13, 0.000, 4.200, 4.200, 40, '仓库岗005', '由入库单 IN2026040013 触发的库存变更', '2026-03-28 10:00:00'),
    (39, 'IL2026040039', 60, 87, 5, 'INBOUND', 13, 0.000, 6.450, 6.450, 40, '仓库岗005', '由入库单 IN2026040013 触发的库存变更', '2026-03-28 10:00:00'),
    (40, 'IL2026040040', 58, 85, 5, 'INBOUND', 14, 16.350, 16.350, 32.700, 40, '仓库岗005', '由入库单 IN2026040014 触发的库存变更', '2026-03-31 10:00:00'),
    (41, 'IL2026040041', 59, 86, 5, 'INBOUND', 14, 4.200, 4.200, 8.400, 40, '仓库岗005', '由入库单 IN2026040014 触发的库存变更', '2026-03-31 10:00:00'),
    (42, 'IL2026040042', 60, 87, 5, 'INBOUND', 14, 6.450, 6.450, 12.900, 40, '仓库岗005', '由入库单 IN2026040014 触发的库存变更', '2026-03-31 10:00:00'),
    (43, 'IL2026040043', 58, 85, 5, 'INBOUND', 15, 32.700, 21.800, 54.500, 40, '仓库岗005', '由入库单 IN2026040015 触发的库存变更', '2026-04-03 10:00:00'),
    (44, 'IL2026040044', 59, 86, 5, 'INBOUND', 15, 8.400, 5.600, 14.000, 40, '仓库岗005', '由入库单 IN2026040015 触发的库存变更', '2026-04-03 10:00:00'),
    (45, 'IL2026040045', 60, 87, 5, 'INBOUND', 15, 12.900, 8.600, 21.500, 40, '仓库岗005', '由入库单 IN2026040015 触发的库存变更', '2026-04-03 10:00:00'),
    (46, 'IL2026040046', 61, 88, 6, 'INBOUND', 16, 0.000, 3.450, 3.450, 41, '仓库岗006', '由入库单 IN2026040016 触发的库存变更', '2026-03-29 10:00:00'),
    (47, 'IL2026040047', 62, 89, 6, 'INBOUND', 16, 0.000, 5.700, 5.700, 41, '仓库岗006', '由入库单 IN2026040016 触发的库存变更', '2026-03-29 10:00:00'),
    (48, 'IL2026040048', 63, 90, 6, 'INBOUND', 16, 0.000, 7.950, 7.950, 41, '仓库岗006', '由入库单 IN2026040016 触发的库存变更', '2026-03-29 10:00:00'),
    (49, 'IL2026040049', 61, 88, 6, 'INBOUND', 17, 3.450, 3.450, 6.900, 41, '仓库岗006', '由入库单 IN2026040017 触发的库存变更', '2026-04-01 10:00:00'),
    (50, 'IL2026040050', 62, 89, 6, 'INBOUND', 17, 5.700, 5.700, 11.400, 41, '仓库岗006', '由入库单 IN2026040017 触发的库存变更', '2026-04-01 10:00:00'),
    (51, 'IL2026040051', 63, 90, 6, 'INBOUND', 17, 7.950, 7.950, 15.900, 41, '仓库岗006', '由入库单 IN2026040017 触发的库存变更', '2026-04-01 10:00:00'),
    (52, 'IL2026040052', 61, 88, 6, 'INBOUND', 18, 6.900, 4.600, 11.500, 41, '仓库岗006', '由入库单 IN2026040018 触发的库存变更', '2026-04-04 10:00:00'),
    (53, 'IL2026040053', 62, 89, 6, 'INBOUND', 18, 11.400, 7.600, 19.000, 41, '仓库岗006', '由入库单 IN2026040018 触发的库存变更', '2026-04-04 10:00:00'),
    (54, 'IL2026040054', 63, 90, 6, 'INBOUND', 18, 15.900, 10.600, 26.500, 41, '仓库岗006', '由入库单 IN2026040018 触发的库存变更', '2026-04-04 10:00:00'),
    (55, 'IL2026040055', 65, 91, 7, 'INBOUND', 19, 0.000, 4.950, 4.950, 42, '仓库岗007', '由入库单 IN2026040019 触发的库存变更', '2026-03-28 10:00:00'),
    (56, 'IL2026040056', 67, 92, 7, 'INBOUND', 19, 0.000, 7.200, 7.200, 42, '仓库岗007', '由入库单 IN2026040019 触发的库存变更', '2026-03-28 10:00:00'),
    (57, 'IL2026040057', 69, 93, 7, 'INBOUND', 19, 0.000, 9.450, 9.450, 42, '仓库岗007', '由入库单 IN2026040019 触发的库存变更', '2026-03-28 10:00:00'),
    (58, 'IL2026040058', 65, 91, 7, 'INBOUND', 20, 4.950, 4.950, 9.900, 42, '仓库岗007', '由入库单 IN2026040020 触发的库存变更', '2026-03-31 10:00:00'),
    (59, 'IL2026040059', 67, 92, 7, 'INBOUND', 20, 7.200, 7.200, 14.400, 42, '仓库岗007', '由入库单 IN2026040020 触发的库存变更', '2026-03-31 10:00:00'),
    (60, 'IL2026040060', 69, 93, 7, 'INBOUND', 20, 9.450, 9.450, 18.900, 42, '仓库岗007', '由入库单 IN2026040020 触发的库存变更', '2026-03-31 10:00:00'),
    (61, 'IL2026040061', 65, 91, 7, 'INBOUND', 21, 9.900, 6.600, 16.500, 42, '仓库岗007', '由入库单 IN2026040021 触发的库存变更', '2026-04-03 10:00:00'),
    (62, 'IL2026040062', 67, 92, 7, 'INBOUND', 21, 14.400, 9.600, 24.000, 42, '仓库岗007', '由入库单 IN2026040021 触发的库存变更', '2026-04-03 10:00:00'),
    (63, 'IL2026040063', 69, 93, 7, 'INBOUND', 21, 18.900, 12.600, 31.500, 42, '仓库岗007', '由入库单 IN2026040021 触发的库存变更', '2026-04-03 10:00:00'),
    (64, 'IL2026040064', 71, 94, 8, 'INBOUND', 22, 0.000, 6.450, 6.450, 43, '仓库岗008', '由入库单 IN2026040022 触发的库存变更', '2026-03-29 10:00:00'),
    (65, 'IL2026040065', 73, 95, 8, 'INBOUND', 22, 0.000, 8.700, 8.700, 43, '仓库岗008', '由入库单 IN2026040022 触发的库存变更', '2026-03-29 10:00:00'),
    (66, 'IL2026040066', 75, 96, 8, 'INBOUND', 22, 0.000, 10.950, 10.950, 43, '仓库岗008', '由入库单 IN2026040022 触发的库存变更', '2026-03-29 10:00:00'),
    (67, 'IL2026040067', 71, 94, 8, 'INBOUND', 23, 6.450, 6.450, 12.900, 43, '仓库岗008', '由入库单 IN2026040023 触发的库存变更', '2026-04-01 10:00:00'),
    (68, 'IL2026040068', 73, 95, 8, 'INBOUND', 23, 8.700, 8.700, 17.400, 43, '仓库岗008', '由入库单 IN2026040023 触发的库存变更', '2026-04-01 10:00:00'),
    (69, 'IL2026040069', 75, 96, 8, 'INBOUND', 23, 10.950, 10.950, 21.900, 43, '仓库岗008', '由入库单 IN2026040023 触发的库存变更', '2026-04-01 10:00:00'),
    (70, 'IL2026040070', 71, 94, 8, 'INBOUND', 24, 12.900, 8.600, 21.500, 43, '仓库岗008', '由入库单 IN2026040024 触发的库存变更', '2026-04-04 10:00:00'),
    (71, 'IL2026040071', 73, 95, 8, 'INBOUND', 24, 17.400, 11.600, 29.000, 43, '仓库岗008', '由入库单 IN2026040024 触发的库存变更', '2026-04-04 10:00:00'),
    (72, 'IL2026040072', 75, 96, 8, 'INBOUND', 24, 21.900, 14.600, 36.500, 43, '仓库岗008', '由入库单 IN2026040024 触发的库存变更', '2026-04-04 10:00:00'),
    (73, 'IL2026040073', 77, 97, 9, 'INBOUND', 25, 0.000, 7.950, 7.950, 44, '仓库岗009', '由入库单 IN2026040025 触发的库存变更', '2026-03-30 10:00:00'),
    (74, 'IL2026040074', 79, 98, 9, 'INBOUND', 25, 0.000, 10.200, 10.200, 44, '仓库岗009', '由入库单 IN2026040025 触发的库存变更', '2026-03-30 10:00:00'),
    (75, 'IL2026040075', 81, 99, 9, 'INBOUND', 25, 0.000, 12.450, 12.450, 44, '仓库岗009', '由入库单 IN2026040025 触发的库存变更', '2026-03-30 10:00:00'),
    (76, 'IL2026040076', 77, 97, 9, 'INBOUND', 26, 7.950, 7.950, 15.900, 44, '仓库岗009', '由入库单 IN2026040026 触发的库存变更', '2026-04-02 10:00:00'),
    (77, 'IL2026040077', 79, 98, 9, 'INBOUND', 26, 10.200, 10.200, 20.400, 44, '仓库岗009', '由入库单 IN2026040026 触发的库存变更', '2026-04-02 10:00:00'),
    (78, 'IL2026040078', 81, 99, 9, 'INBOUND', 26, 12.450, 12.450, 24.900, 44, '仓库岗009', '由入库单 IN2026040026 触发的库存变更', '2026-04-02 10:00:00'),
    (79, 'IL2026040079', 77, 97, 9, 'INBOUND', 27, 15.900, 10.600, 26.500, 44, '仓库岗009', '由入库单 IN2026040027 触发的库存变更', '2026-04-05 10:00:00'),
    (80, 'IL2026040080', 79, 98, 9, 'INBOUND', 27, 20.400, 13.600, 34.000, 44, '仓库岗009', '由入库单 IN2026040027 触发的库存变更', '2026-04-05 10:00:00'),
    (81, 'IL2026040081', 81, 99, 9, 'INBOUND', 27, 24.900, 16.600, 41.500, 44, '仓库岗009', '由入库单 IN2026040027 触发的库存变更', '2026-04-05 10:00:00'),
    (82, 'IL2026040082', 83, 100, 10, 'INBOUND', 28, 0.000, 9.450, 9.450, 45, '仓库岗010', '由入库单 IN2026040028 触发的库存变更', '2026-03-28 10:00:00'),
    (83, 'IL2026040083', 85, 101, 10, 'INBOUND', 28, 0.000, 11.700, 11.700, 45, '仓库岗010', '由入库单 IN2026040028 触发的库存变更', '2026-03-28 10:00:00'),
    (84, 'IL2026040084', 87, 102, 10, 'INBOUND', 28, 0.000, 13.950, 13.950, 45, '仓库岗010', '由入库单 IN2026040028 触发的库存变更', '2026-03-28 10:00:00'),
    (85, 'IL2026040085', 83, 100, 10, 'INBOUND', 29, 9.450, 9.450, 18.900, 45, '仓库岗010', '由入库单 IN2026040029 触发的库存变更', '2026-03-31 10:00:00'),
    (86, 'IL2026040086', 85, 101, 10, 'INBOUND', 29, 11.700, 11.700, 23.400, 45, '仓库岗010', '由入库单 IN2026040029 触发的库存变更', '2026-03-31 10:00:00'),
    (87, 'IL2026040087', 87, 102, 10, 'INBOUND', 29, 13.950, 13.950, 27.900, 45, '仓库岗010', '由入库单 IN2026040029 触发的库存变更', '2026-03-31 10:00:00'),
    (88, 'IL2026040088', 83, 100, 10, 'INBOUND', 30, 18.900, 12.600, 31.500, 45, '仓库岗010', '由入库单 IN2026040030 触发的库存变更', '2026-04-03 10:00:00'),
    (89, 'IL2026040089', 85, 101, 10, 'INBOUND', 30, 23.400, 15.600, 39.000, 45, '仓库岗010', '由入库单 IN2026040030 触发的库存变更', '2026-04-03 10:00:00'),
    (90, 'IL2026040090', 87, 102, 10, 'INBOUND', 30, 27.900, 18.600, 46.500, 45, '仓库岗010', '由入库单 IN2026040030 触发的库存变更', '2026-04-03 10:00:00'),
    (91, 'IL2026040091', 88, 103, 1, 'INBOUND', 31, 0.000, 10.950, 10.950, 36, '仓库岗001', '由入库单 IN2026040031 触发的库存变更', '2026-03-31 10:00:00'),
    (92, 'IL2026040092', 90, 104, 1, 'INBOUND', 31, 0.000, 13.200, 13.200, 36, '仓库岗001', '由入库单 IN2026040031 触发的库存变更', '2026-03-31 10:00:00'),
    (93, 'IL2026040093', 92, 105, 1, 'INBOUND', 31, 0.000, 15.450, 15.450, 36, '仓库岗001', '由入库单 IN2026040031 触发的库存变更', '2026-03-31 10:00:00'),
    (94, 'IL2026040094', 88, 103, 1, 'INBOUND', 32, 10.950, 10.950, 21.900, 36, '仓库岗001', '由入库单 IN2026040032 触发的库存变更', '2026-04-03 10:00:00'),
    (95, 'IL2026040095', 90, 104, 1, 'INBOUND', 32, 13.200, 13.200, 26.400, 36, '仓库岗001', '由入库单 IN2026040032 触发的库存变更', '2026-04-03 10:00:00'),
    (96, 'IL2026040096', 92, 105, 1, 'INBOUND', 32, 15.450, 15.450, 30.900, 36, '仓库岗001', '由入库单 IN2026040032 触发的库存变更', '2026-04-03 10:00:00'),
    (97, 'IL2026040097', 88, 103, 1, 'INBOUND', 33, 21.900, 14.600, 36.500, 36, '仓库岗001', '由入库单 IN2026040033 触发的库存变更', '2026-04-06 10:00:00'),
    (98, 'IL2026040098', 90, 104, 1, 'INBOUND', 33, 26.400, 17.600, 44.000, 36, '仓库岗001', '由入库单 IN2026040033 触发的库存变更', '2026-04-06 10:00:00'),
    (99, 'IL2026040099', 92, 105, 1, 'INBOUND', 33, 30.900, 20.600, 51.500, 36, '仓库岗001', '由入库单 IN2026040033 触发的库存变更', '2026-04-06 10:00:00'),
    (100, 'IL2026040100', 94, 106, 2, 'INBOUND', 34, 0.000, 12.450, 12.450, 37, '仓库岗002', '由入库单 IN2026040034 触发的库存变更', '2026-04-01 10:00:00'),
    (101, 'IL2026040101', 96, 107, 2, 'INBOUND', 34, 0.000, 14.700, 14.700, 37, '仓库岗002', '由入库单 IN2026040034 触发的库存变更', '2026-04-01 10:00:00'),
    (102, 'IL2026040102', 98, 108, 2, 'INBOUND', 34, 0.000, 16.950, 16.950, 37, '仓库岗002', '由入库单 IN2026040034 触发的库存变更', '2026-04-01 10:00:00'),
    (103, 'IL2026040103', 94, 106, 2, 'INBOUND', 35, 12.450, 12.450, 24.900, 37, '仓库岗002', '由入库单 IN2026040035 触发的库存变更', '2026-04-04 10:00:00'),
    (104, 'IL2026040104', 96, 107, 2, 'INBOUND', 35, 14.700, 14.700, 29.400, 37, '仓库岗002', '由入库单 IN2026040035 触发的库存变更', '2026-04-04 10:00:00'),
    (105, 'IL2026040105', 98, 108, 2, 'INBOUND', 35, 16.950, 16.950, 33.900, 37, '仓库岗002', '由入库单 IN2026040035 触发的库存变更', '2026-04-04 10:00:00'),
    (106, 'IL2026040106', 94, 106, 2, 'INBOUND', 36, 24.900, 16.600, 41.500, 37, '仓库岗002', '由入库单 IN2026040036 触发的库存变更', '2026-04-07 10:00:00'),
    (107, 'IL2026040107', 96, 107, 2, 'INBOUND', 36, 29.400, 19.600, 49.000, 37, '仓库岗002', '由入库单 IN2026040036 触发的库存变更', '2026-04-07 10:00:00'),
    (108, 'IL2026040108', 98, 108, 2, 'INBOUND', 36, 33.900, 22.600, 56.500, 37, '仓库岗002', '由入库单 IN2026040036 触发的库存变更', '2026-04-07 10:00:00'),
    (109, 'IL2026040109', 1, 1, 3, 'INBOUND', 37, 0.000, 13.950, 13.950, 38, '仓库岗003', '由入库单 IN2026040037 触发的库存变更', '2026-03-31 10:00:00'),
    (110, 'IL2026040110', 3, 2, 3, 'INBOUND', 37, 0.000, 16.200, 16.200, 38, '仓库岗003', '由入库单 IN2026040037 触发的库存变更', '2026-03-31 10:00:00'),
    (111, 'IL2026040111', 5, 3, 3, 'INBOUND', 37, 0.000, 4.050, 4.050, 38, '仓库岗003', '由入库单 IN2026040037 触发的库存变更', '2026-03-31 10:00:00'),
    (112, 'IL2026040112', 1, 1, 3, 'INBOUND', 38, 13.950, 13.950, 27.900, 38, '仓库岗003', '由入库单 IN2026040038 触发的库存变更', '2026-04-03 10:00:00'),
    (113, 'IL2026040113', 3, 2, 3, 'INBOUND', 38, 16.200, 16.200, 32.400, 38, '仓库岗003', '由入库单 IN2026040038 触发的库存变更', '2026-04-03 10:00:00'),
    (114, 'IL2026040114', 5, 3, 3, 'INBOUND', 38, 4.050, 4.050, 8.100, 38, '仓库岗003', '由入库单 IN2026040038 触发的库存变更', '2026-04-03 10:00:00'),
    (115, 'IL2026040115', 1, 1, 3, 'INBOUND', 39, 27.900, 18.600, 46.500, 38, '仓库岗003', '由入库单 IN2026040039 触发的库存变更', '2026-04-06 10:00:00'),
    (116, 'IL2026040116', 3, 2, 3, 'INBOUND', 39, 32.400, 21.600, 54.000, 38, '仓库岗003', '由入库单 IN2026040039 触发的库存变更', '2026-04-06 10:00:00'),
    (117, 'IL2026040117', 5, 3, 3, 'INBOUND', 39, 8.100, 5.400, 13.500, 38, '仓库岗003', '由入库单 IN2026040039 触发的库存变更', '2026-04-06 10:00:00'),
    (118, 'IL2026040118', 7, 4, 4, 'INBOUND', 40, 0.000, 15.450, 15.450, 39, '仓库岗004', '由入库单 IN2026040040 触发的库存变更', '2026-04-01 10:00:00'),
    (119, 'IL2026040119', 9, 5, 4, 'INBOUND', 40, 0.000, 3.300, 3.300, 39, '仓库岗004', '由入库单 IN2026040040 触发的库存变更', '2026-04-01 10:00:00'),
    (120, 'IL2026040120', 11, 6, 4, 'INBOUND', 40, 0.000, 5.550, 5.550, 39, '仓库岗004', '由入库单 IN2026040040 触发的库存变更', '2026-04-01 10:00:00'),
    (121, 'IL2026040121', 7, 4, 4, 'INBOUND', 41, 15.450, 15.450, 30.900, 39, '仓库岗004', '由入库单 IN2026040041 触发的库存变更', '2026-04-04 10:00:00'),
    (122, 'IL2026040122', 9, 5, 4, 'INBOUND', 41, 3.300, 3.300, 6.600, 39, '仓库岗004', '由入库单 IN2026040041 触发的库存变更', '2026-04-04 10:00:00'),
    (123, 'IL2026040123', 11, 6, 4, 'INBOUND', 41, 5.550, 5.550, 11.100, 39, '仓库岗004', '由入库单 IN2026040041 触发的库存变更', '2026-04-04 10:00:00'),
    (124, 'IL2026040124', 7, 4, 4, 'INBOUND', 42, 30.900, 20.600, 51.500, 39, '仓库岗004', '由入库单 IN2026040042 触发的库存变更', '2026-04-07 10:00:00'),
    (125, 'IL2026040125', 9, 5, 4, 'INBOUND', 42, 6.600, 4.400, 11.000, 39, '仓库岗004', '由入库单 IN2026040042 触发的库存变更', '2026-04-07 10:00:00'),
    (126, 'IL2026040126', 11, 6, 4, 'INBOUND', 42, 11.100, 7.400, 18.500, 39, '仓库岗004', '由入库单 IN2026040042 触发的库存变更', '2026-04-07 10:00:00'),
    (127, 'IL2026040127', 13, 7, 5, 'INBOUND', 43, 0.000, 16.950, 16.950, 40, '仓库岗005', '由入库单 IN2026040043 触发的库存变更', '2026-04-02 10:00:00'),
    (128, 'IL2026040128', 15, 8, 5, 'INBOUND', 43, 0.000, 4.800, 4.800, 40, '仓库岗005', '由入库单 IN2026040043 触发的库存变更', '2026-04-02 10:00:00'),
    (129, 'IL2026040129', 17, 9, 5, 'INBOUND', 43, 0.000, 7.050, 7.050, 40, '仓库岗005', '由入库单 IN2026040043 触发的库存变更', '2026-04-02 10:00:00'),
    (130, 'IL2026040130', 13, 7, 5, 'INBOUND', 44, 16.950, 16.950, 33.900, 40, '仓库岗005', '由入库单 IN2026040044 触发的库存变更', '2026-04-05 10:00:00'),
    (131, 'IL2026040131', 15, 8, 5, 'INBOUND', 44, 4.800, 4.800, 9.600, 40, '仓库岗005', '由入库单 IN2026040044 触发的库存变更', '2026-04-05 10:00:00'),
    (132, 'IL2026040132', 17, 9, 5, 'INBOUND', 44, 7.050, 7.050, 14.100, 40, '仓库岗005', '由入库单 IN2026040044 触发的库存变更', '2026-04-05 10:00:00'),
    (133, 'IL2026040133', 13, 7, 5, 'INBOUND', 45, 33.900, 22.600, 56.500, 40, '仓库岗005', '由入库单 IN2026040045 触发的库存变更', '2026-04-08 10:00:00'),
    (134, 'IL2026040134', 15, 8, 5, 'INBOUND', 45, 9.600, 6.400, 16.000, 40, '仓库岗005', '由入库单 IN2026040045 触发的库存变更', '2026-04-08 10:00:00'),
    (135, 'IL2026040135', 17, 9, 5, 'INBOUND', 45, 14.100, 9.400, 23.500, 40, '仓库岗005', '由入库单 IN2026040045 触发的库存变更', '2026-04-08 10:00:00'),
    (136, 'IL2026040136', 64, 91, 1, 'INBOUND', 46, 0.000, 9.975, 9.975, 36, '仓库岗001', '由入库单 IN2026040046 触发的库存变更', '2026-03-21 10:00:00'),
    (137, 'IL2026040137', 66, 92, 1, 'INBOUND', 46, 0.000, 12.600, 12.600, 36, '仓库岗001', '由入库单 IN2026040046 触发的库存变更', '2026-03-21 10:00:00'),
    (138, 'IL2026040138', 68, 93, 1, 'INBOUND', 46, 0.000, 15.225, 15.225, 36, '仓库岗001', '由入库单 IN2026040046 触发的库存变更', '2026-03-21 10:00:00'),
    (139, 'IL2026040139', 64, 91, 1, 'INBOUND', 47, 9.975, 18.525, 28.500, 36, '仓库岗001', '由入库单 IN2026040047 触发的库存变更', '2026-03-25 10:00:00'),
    (140, 'IL2026040140', 66, 92, 1, 'INBOUND', 47, 12.600, 23.400, 36.000, 36, '仓库岗001', '由入库单 IN2026040047 触发的库存变更', '2026-03-25 10:00:00'),
    (141, 'IL2026040141', 68, 93, 1, 'INBOUND', 47, 15.225, 28.275, 43.500, 36, '仓库岗001', '由入库单 IN2026040047 触发的库存变更', '2026-03-25 10:00:00'),
    (142, 'IL2026040142', 70, 94, 2, 'INBOUND', 48, 0.000, 11.725, 11.725, 37, '仓库岗002', '由入库单 IN2026040048 触发的库存变更', '2026-03-22 10:00:00'),
    (143, 'IL2026040143', 72, 95, 2, 'INBOUND', 48, 0.000, 14.350, 14.350, 37, '仓库岗002', '由入库单 IN2026040048 触发的库存变更', '2026-03-22 10:00:00'),
    (144, 'IL2026040144', 74, 96, 2, 'INBOUND', 48, 0.000, 16.975, 16.975, 37, '仓库岗002', '由入库单 IN2026040048 触发的库存变更', '2026-03-22 10:00:00'),
    (145, 'IL2026040145', 70, 94, 2, 'INBOUND', 49, 11.725, 21.775, 33.500, 37, '仓库岗002', '由入库单 IN2026040049 触发的库存变更', '2026-03-26 10:00:00'),
    (146, 'IL2026040146', 72, 95, 2, 'INBOUND', 49, 14.350, 26.650, 41.000, 37, '仓库岗002', '由入库单 IN2026040049 触发的库存变更', '2026-03-26 10:00:00'),
    (147, 'IL2026040147', 74, 96, 2, 'INBOUND', 49, 16.975, 31.525, 48.500, 37, '仓库岗002', '由入库单 IN2026040049 触发的库存变更', '2026-03-26 10:00:00'),
    (148, 'IL2026040148', 76, 97, 3, 'INBOUND', 50, 0.000, 12.397, 12.397, 38, '仓库岗003', '由入库单 IN2026040050 触发的库存变更', '2026-03-23 10:00:00'),
    (149, 'IL2026040149', 78, 98, 3, 'INBOUND', 50, 0.000, 14.812, 14.812, 38, '仓库岗003', '由入库单 IN2026040050 触发的库存变更', '2026-03-23 10:00:00'),
    (150, 'IL2026040150', 80, 99, 3, 'INBOUND', 50, 0.000, 17.227, 17.227, 38, '仓库岗003', '由入库单 IN2026040050 触发的库存变更', '2026-03-23 10:00:00'),
    (151, 'IL2026040151', 76, 97, 3, 'INBOUND', 51, 12.397, 25.025, 37.422, 38, '仓库岗003', '由入库单 IN2026040051 触发的库存变更', '2026-03-27 10:00:00'),
    (152, 'IL2026040152', 78, 98, 3, 'INBOUND', 51, 14.812, 29.900, 44.712, 38, '仓库岗003', '由入库单 IN2026040051 触发的库存变更', '2026-03-27 10:00:00'),
    (153, 'IL2026040153', 80, 99, 3, 'INBOUND', 51, 17.227, 34.775, 52.002, 38, '仓库岗003', '由入库单 IN2026040051 触发的库存变更', '2026-03-27 10:00:00'),
    (154, 'IL2026040154', 82, 100, 4, 'INBOUND', 52, 0.000, 15.225, 15.225, 39, '仓库岗004', '由入库单 IN2026040052 触发的库存变更', '2026-03-24 10:00:00'),
    (155, 'IL2026040155', 84, 101, 4, 'INBOUND', 52, 0.000, 17.850, 17.850, 39, '仓库岗004', '由入库单 IN2026040052 触发的库存变更', '2026-03-24 10:00:00'),
    (156, 'IL2026040156', 86, 102, 4, 'INBOUND', 52, 0.000, 20.475, 20.475, 39, '仓库岗004', '由入库单 IN2026040052 触发的库存变更', '2026-03-24 10:00:00'),
    (157, 'IL2026040157', 82, 100, 4, 'INBOUND', 53, 15.225, 28.275, 43.500, 39, '仓库岗004', '由入库单 IN2026040053 触发的库存变更', '2026-03-28 10:00:00'),
    (158, 'IL2026040158', 84, 101, 4, 'INBOUND', 53, 17.850, 33.150, 51.000, 39, '仓库岗004', '由入库单 IN2026040053 触发的库存变更', '2026-03-28 10:00:00'),
    (159, 'IL2026040159', 86, 102, 4, 'INBOUND', 53, 20.475, 38.025, 58.500, 39, '仓库岗004', '由入库单 IN2026040053 触发的库存变更', '2026-03-28 10:00:00'),
    (160, 'IL2026040160', 89, 103, 5, 'INBOUND', 54, 0.000, 16.975, 16.975, 40, '仓库岗005', '由入库单 IN2026040054 触发的库存变更', '2026-03-22 10:00:00'),
    (161, 'IL2026040161', 91, 104, 5, 'INBOUND', 54, 0.000, 19.600, 19.600, 40, '仓库岗005', '由入库单 IN2026040054 触发的库存变更', '2026-03-22 10:00:00'),
    (162, 'IL2026040162', 93, 105, 5, 'INBOUND', 54, 0.000, 5.425, 5.425, 40, '仓库岗005', '由入库单 IN2026040054 触发的库存变更', '2026-03-22 10:00:00'),
    (163, 'IL2026040163', 89, 103, 5, 'INBOUND', 55, 16.975, 29.003, 45.978, 40, '仓库岗005', '由入库单 IN2026040055 触发的库存变更', '2026-03-26 10:00:00'),
    (164, 'IL2026040164', 91, 104, 5, 'INBOUND', 55, 19.600, 33.488, 53.088, 40, '仓库岗005', '由入库单 IN2026040055 触发的库存变更', '2026-03-26 10:00:00'),
    (165, 'IL2026040165', 93, 105, 5, 'INBOUND', 55, 5.425, 9.269, 14.694, 40, '仓库岗005', '由入库单 IN2026040055 触发的库存变更', '2026-03-26 10:00:00'),
    (166, 'IL2026040166', 95, 106, 6, 'INBOUND', 56, 0.000, 18.725, 18.725, 41, '仓库岗006', '由入库单 IN2026040056 触发的库存变更', '2026-03-23 10:00:00'),
    (167, 'IL2026040167', 97, 107, 6, 'INBOUND', 56, 0.000, 4.550, 4.550, 41, '仓库岗006', '由入库单 IN2026040056 触发的库存变更', '2026-03-23 10:00:00'),
    (168, 'IL2026040168', 99, 108, 6, 'INBOUND', 56, 0.000, 7.175, 7.175, 41, '仓库岗006', '由入库单 IN2026040056 触发的库存变更', '2026-03-23 10:00:00'),
    (169, 'IL2026040169', 95, 106, 6, 'INBOUND', 57, 18.725, 34.775, 53.500, 41, '仓库岗006', '由入库单 IN2026040057 触发的库存变更', '2026-03-27 10:00:00'),
    (170, 'IL2026040170', 97, 107, 6, 'INBOUND', 57, 4.550, 8.450, 13.000, 41, '仓库岗006', '由入库单 IN2026040057 触发的库存变更', '2026-03-27 10:00:00'),
    (171, 'IL2026040171', 99, 108, 6, 'INBOUND', 57, 7.175, 13.325, 20.500, 41, '仓库岗006', '由入库单 IN2026040057 触发的库存变更', '2026-03-27 10:00:00'),
    (172, 'IL2026040172', 2, 1, 7, 'INBOUND', 58, 0.000, 3.675, 3.675, 42, '仓库岗007', '由入库单 IN2026040058 触发的库存变更', '2026-03-24 10:00:00'),
    (173, 'IL2026040173', 4, 2, 7, 'INBOUND', 58, 0.000, 6.300, 6.300, 42, '仓库岗007', '由入库单 IN2026040058 触发的库存变更', '2026-03-24 10:00:00'),
    (174, 'IL2026040174', 6, 3, 7, 'INBOUND', 58, 0.000, 8.925, 8.925, 42, '仓库岗007', '由入库单 IN2026040058 触发的库存变更', '2026-03-24 10:00:00'),
    (175, 'IL2026040175', 2, 1, 7, 'INBOUND', 59, 3.675, 6.825, 10.500, 42, '仓库岗007', '由入库单 IN2026040059 触发的库存变更', '2026-03-28 10:00:00'),
    (176, 'IL2026040176', 4, 2, 7, 'INBOUND', 59, 6.300, 11.700, 18.000, 42, '仓库岗007', '由入库单 IN2026040059 触发的库存变更', '2026-03-28 10:00:00'),
    (177, 'IL2026040177', 6, 3, 7, 'INBOUND', 59, 8.925, 16.575, 25.500, 42, '仓库岗007', '由入库单 IN2026040059 触发的库存变更', '2026-03-28 10:00:00'),
    (178, 'IL2026040178', 8, 4, 8, 'INBOUND', 60, 0.000, 4.991, 4.991, 43, '仓库岗008', '由入库单 IN2026040060 触发的库存变更', '2026-03-25 10:00:00'),
    (179, 'IL2026040179', 10, 5, 8, 'INBOUND', 60, 0.000, 7.406, 7.406, 43, '仓库岗008', '由入库单 IN2026040060 触发的库存变更', '2026-03-25 10:00:00'),
    (180, 'IL2026040180', 12, 6, 8, 'INBOUND', 60, 0.000, 9.821, 9.821, 43, '仓库岗008', '由入库单 IN2026040060 触发的库存变更', '2026-03-25 10:00:00'),
    (181, 'IL2026040181', 8, 4, 8, 'INBOUND', 61, 4.991, 10.075, 15.066, 43, '仓库岗008', '由入库单 IN2026040061 触发的库存变更', '2026-03-29 10:00:00'),
    (182, 'IL2026040182', 10, 5, 8, 'INBOUND', 61, 7.406, 14.950, 22.356, 43, '仓库岗008', '由入库单 IN2026040061 触发的库存变更', '2026-03-29 10:00:00'),
    (183, 'IL2026040183', 12, 6, 8, 'INBOUND', 61, 9.821, 19.825, 29.646, 43, '仓库岗008', '由入库单 IN2026040061 触发的库存变更', '2026-03-29 10:00:00'),
    (184, 'IL2026040184', 14, 7, 9, 'INBOUND', 62, 0.000, 7.175, 7.175, 44, '仓库岗009', '由入库单 IN2026040062 触发的库存变更', '2026-03-23 10:00:00'),
    (185, 'IL2026040185', 16, 8, 9, 'INBOUND', 62, 0.000, 9.800, 9.800, 44, '仓库岗009', '由入库单 IN2026040062 触发的库存变更', '2026-03-23 10:00:00'),
    (186, 'IL2026040186', 18, 9, 9, 'INBOUND', 62, 0.000, 12.425, 12.425, 44, '仓库岗009', '由入库单 IN2026040062 触发的库存变更', '2026-03-23 10:00:00'),
    (187, 'IL2026040187', 14, 7, 9, 'INBOUND', 63, 7.175, 13.325, 20.500, 44, '仓库岗009', '由入库单 IN2026040063 触发的库存变更', '2026-03-27 10:00:00'),
    (188, 'IL2026040188', 16, 8, 9, 'INBOUND', 63, 9.800, 18.200, 28.000, 44, '仓库岗009', '由入库单 IN2026040063 触发的库存变更', '2026-03-27 10:00:00'),
    (189, 'IL2026040189', 18, 9, 9, 'INBOUND', 63, 12.425, 23.075, 35.500, 44, '仓库岗009', '由入库单 IN2026040063 触发的库存变更', '2026-03-27 10:00:00'),
    (190, 'IL2026040190', 19, 10, 10, 'INBOUND', 64, 0.000, 8.925, 8.925, 45, '仓库岗010', '由入库单 IN2026040064 触发的库存变更', '2026-03-24 10:00:00'),
    (191, 'IL2026040191', 20, 11, 10, 'INBOUND', 64, 0.000, 11.550, 11.550, 45, '仓库岗010', '由入库单 IN2026040064 触发的库存变更', '2026-03-24 10:00:00'),
    (192, 'IL2026040192', 21, 12, 10, 'INBOUND', 64, 0.000, 14.175, 14.175, 45, '仓库岗010', '由入库单 IN2026040064 触发的库存变更', '2026-03-24 10:00:00'),
    (193, 'IL2026040193', 19, 10, 10, 'INBOUND', 65, 8.925, 15.249, 24.174, 45, '仓库岗010', '由入库单 IN2026040065 触发的库存变更', '2026-03-28 10:00:00'),
    (194, 'IL2026040194', 20, 11, 10, 'INBOUND', 65, 11.550, 19.734, 31.284, 45, '仓库岗010', '由入库单 IN2026040065 触发的库存变更', '2026-03-28 10:00:00'),
    (195, 'IL2026040195', 21, 12, 10, 'INBOUND', 65, 14.175, 24.219, 38.394, 45, '仓库岗010', '由入库单 IN2026040065 触发的库存变更', '2026-03-28 10:00:00'),
    (196, 'IL2026040196', 22, 13, 1, 'INBOUND', 66, 0.000, 10.675, 10.675, 36, '仓库岗001', '由入库单 IN2026040066 触发的库存变更', '2026-03-25 10:00:00'),
    (197, 'IL2026040197', 23, 14, 1, 'INBOUND', 66, 0.000, 13.300, 13.300, 36, '仓库岗001', '由入库单 IN2026040066 触发的库存变更', '2026-03-25 10:00:00'),
    (198, 'IL2026040198', 24, 15, 1, 'INBOUND', 66, 0.000, 15.925, 15.925, 36, '仓库岗001', '由入库单 IN2026040066 触发的库存变更', '2026-03-25 10:00:00'),
    (199, 'IL2026040199', 22, 13, 1, 'INBOUND', 67, 10.675, 19.825, 30.500, 36, '仓库岗001', '由入库单 IN2026040067 触发的库存变更', '2026-03-29 10:00:00'),
    (200, 'IL2026040200', 23, 14, 1, 'INBOUND', 67, 13.300, 24.700, 38.000, 36, '仓库岗001', '由入库单 IN2026040067 触发的库存变更', '2026-03-29 10:00:00');

INSERT INTO `inventory_log` (`id`, `log_no`, `inventory_id`, `material_id`, `warehouse_id`, `biz_type`, `biz_id`, `before_number`, `change_number`, `after_number`, `operator_id`, `operator_name`, `remark`, `operate_time`) VALUES
    (201, 'IL2026040201', 24, 15, 1, 'INBOUND', 67, 15.925, 29.575, 45.500, 36, '仓库岗001', '由入库单 IN2026040067 触发的库存变更', '2026-03-29 10:00:00'),
    (202, 'IL2026040202', 25, 16, 2, 'INBOUND', 68, 0.000, 12.425, 12.425, 37, '仓库岗002', '由入库单 IN2026040068 触发的库存变更', '2026-03-26 10:00:00'),
    (203, 'IL2026040203', 26, 17, 2, 'INBOUND', 68, 0.000, 15.050, 15.050, 37, '仓库岗002', '由入库单 IN2026040068 触发的库存变更', '2026-03-26 10:00:00'),
    (204, 'IL2026040204', 27, 18, 2, 'INBOUND', 68, 0.000, 17.675, 17.675, 37, '仓库岗002', '由入库单 IN2026040068 触发的库存变更', '2026-03-26 10:00:00'),
    (205, 'IL2026040205', 25, 16, 2, 'INBOUND', 69, 12.425, 23.075, 35.500, 37, '仓库岗002', '由入库单 IN2026040069 触发的库存变更', '2026-03-30 10:00:00'),
    (206, 'IL2026040206', 26, 17, 2, 'INBOUND', 69, 15.050, 27.950, 43.000, 37, '仓库岗002', '由入库单 IN2026040069 触发的库存变更', '2026-03-30 10:00:00'),
    (207, 'IL2026040207', 27, 18, 2, 'INBOUND', 69, 17.675, 32.825, 50.500, 37, '仓库岗002', '由入库单 IN2026040069 触发的库存变更', '2026-03-30 10:00:00'),
    (208, 'IL2026040208', 28, 19, 3, 'INBOUND', 70, 0.000, 13.041, 13.041, 38, '仓库岗003', '由入库单 IN2026040070 触发的库存变更', '2026-03-24 10:00:00'),
    (209, 'IL2026040209', 29, 20, 3, 'INBOUND', 70, 0.000, 15.456, 15.456, 38, '仓库岗003', '由入库单 IN2026040070 触发的库存变更', '2026-03-24 10:00:00'),
    (210, 'IL2026040210', 30, 21, 3, 'INBOUND', 70, 0.000, 17.871, 17.871, 38, '仓库岗003', '由入库单 IN2026040070 触发的库存变更', '2026-03-24 10:00:00'),
    (211, 'IL2026040211', 28, 19, 3, 'INBOUND', 71, 13.041, 26.325, 39.366, 38, '仓库岗003', '由入库单 IN2026040071 触发的库存变更', '2026-03-28 10:00:00'),
    (212, 'IL2026040212', 29, 20, 3, 'INBOUND', 71, 15.456, 31.200, 46.656, 38, '仓库岗003', '由入库单 IN2026040071 触发的库存变更', '2026-03-28 10:00:00'),
    (213, 'IL2026040213', 30, 21, 3, 'INBOUND', 71, 17.871, 36.075, 53.946, 38, '仓库岗003', '由入库单 IN2026040071 触发的库存变更', '2026-03-28 10:00:00'),
    (214, 'IL2026040214', 31, 22, 4, 'INBOUND', 72, 0.000, 15.925, 15.925, 39, '仓库岗004', '由入库单 IN2026040072 触发的库存变更', '2026-03-25 10:00:00'),
    (215, 'IL2026040215', 32, 23, 4, 'INBOUND', 72, 0.000, 18.550, 18.550, 39, '仓库岗004', '由入库单 IN2026040072 触发的库存变更', '2026-03-25 10:00:00'),
    (216, 'IL2026040216', 33, 24, 4, 'INBOUND', 72, 0.000, 4.375, 4.375, 39, '仓库岗004', '由入库单 IN2026040072 触发的库存变更', '2026-03-25 10:00:00'),
    (217, 'IL2026040217', 31, 22, 4, 'INBOUND', 73, 15.925, 29.575, 45.500, 39, '仓库岗004', '由入库单 IN2026040073 触发的库存变更', '2026-03-29 10:00:00'),
    (218, 'IL2026040218', 32, 23, 4, 'INBOUND', 73, 18.550, 34.450, 53.000, 39, '仓库岗004', '由入库单 IN2026040073 触发的库存变更', '2026-03-29 10:00:00'),
    (219, 'IL2026040219', 33, 24, 4, 'INBOUND', 73, 4.375, 8.125, 12.500, 39, '仓库岗004', '由入库单 IN2026040073 触发的库存变更', '2026-03-29 10:00:00'),
    (220, 'IL2026040220', 34, 25, 5, 'INBOUND', 74, 0.000, 17.675, 17.675, 40, '仓库岗005', '由入库单 IN2026040074 触发的库存变更', '2026-03-26 10:00:00'),
    (221, 'IL2026040221', 35, 26, 5, 'INBOUND', 74, 0.000, 20.300, 20.300, 40, '仓库岗005', '由入库单 IN2026040074 触发的库存变更', '2026-03-26 10:00:00'),
    (222, 'IL2026040222', 36, 27, 5, 'INBOUND', 74, 0.000, 6.125, 6.125, 40, '仓库岗005', '由入库单 IN2026040074 触发的库存变更', '2026-03-26 10:00:00'),
    (223, 'IL2026040223', 34, 25, 5, 'INBOUND', 75, 17.675, 30.199, 47.874, 40, '仓库岗005', '由入库单 IN2026040075 触发的库存变更', '2026-03-30 10:00:00'),
    (224, 'IL2026040224', 35, 26, 5, 'INBOUND', 75, 20.300, 34.684, 54.984, 40, '仓库岗005', '由入库单 IN2026040075 触发的库存变更', '2026-03-30 10:00:00'),
    (225, 'IL2026040225', 36, 27, 5, 'INBOUND', 75, 6.125, 10.465, 16.590, 40, '仓库岗005', '由入库单 IN2026040075 触发的库存变更', '2026-03-30 10:00:00'),
    (226, 'IL2026040226', 37, 28, 6, 'INBOUND', 76, 0.000, 19.425, 19.425, 41, '仓库岗006', '由入库单 IN2026040076 触发的库存变更', '2026-03-27 10:00:00'),
    (227, 'IL2026040227', 38, 29, 6, 'INBOUND', 76, 0.000, 5.250, 5.250, 41, '仓库岗006', '由入库单 IN2026040076 触发的库存变更', '2026-03-27 10:00:00'),
    (228, 'IL2026040228', 39, 30, 6, 'INBOUND', 76, 0.000, 7.875, 7.875, 41, '仓库岗006', '由入库单 IN2026040076 触发的库存变更', '2026-03-27 10:00:00'),
    (229, 'IL2026040229', 37, 28, 6, 'INBOUND', 77, 19.425, 36.075, 55.500, 41, '仓库岗006', '由入库单 IN2026040077 触发的库存变更', '2026-03-31 10:00:00'),
    (230, 'IL2026040230', 38, 29, 6, 'INBOUND', 77, 5.250, 9.750, 15.000, 41, '仓库岗006', '由入库单 IN2026040077 触发的库存变更', '2026-03-31 10:00:00'),
    (231, 'IL2026040231', 39, 30, 6, 'INBOUND', 77, 7.875, 14.625, 22.500, 41, '仓库岗006', '由入库单 IN2026040077 触发的库存变更', '2026-03-31 10:00:00'),
    (232, 'IL2026040232', 40, 31, 7, 'INBOUND', 78, 0.000, 4.375, 4.375, 42, '仓库岗007', '由入库单 IN2026040078 触发的库存变更', '2026-03-25 10:00:00'),
    (233, 'IL2026040233', 41, 32, 7, 'INBOUND', 78, 0.000, 7.000, 7.000, 42, '仓库岗007', '由入库单 IN2026040078 触发的库存变更', '2026-03-25 10:00:00'),
    (234, 'IL2026040234', 42, 33, 7, 'INBOUND', 78, 0.000, 9.625, 9.625, 42, '仓库岗007', '由入库单 IN2026040078 触发的库存变更', '2026-03-25 10:00:00'),
    (235, 'IL2026040235', 40, 31, 7, 'INBOUND', 79, 4.375, 8.125, 12.500, 42, '仓库岗007', '由入库单 IN2026040079 触发的库存变更', '2026-03-29 10:00:00'),
    (236, 'IL2026040236', 41, 32, 7, 'INBOUND', 79, 7.000, 13.000, 20.000, 42, '仓库岗007', '由入库单 IN2026040079 触发的库存变更', '2026-03-29 10:00:00'),
    (237, 'IL2026040237', 42, 33, 7, 'INBOUND', 79, 9.625, 17.875, 27.500, 42, '仓库岗007', '由入库单 IN2026040079 触发的库存变更', '2026-03-29 10:00:00'),
    (238, 'IL2026040238', 43, 34, 8, 'INBOUND', 80, 0.000, 5.635, 5.635, 43, '仓库岗008', '由入库单 IN2026040080 触发的库存变更', '2026-03-26 10:00:00'),
    (239, 'IL2026040239', 44, 35, 8, 'INBOUND', 80, 0.000, 8.050, 8.050, 43, '仓库岗008', '由入库单 IN2026040080 触发的库存变更', '2026-03-26 10:00:00'),
    (240, 'IL2026040240', 45, 36, 8, 'INBOUND', 80, 0.000, 10.465, 10.465, 43, '仓库岗008', '由入库单 IN2026040080 触发的库存变更', '2026-03-26 10:00:00');

SET FOREIGN_KEY_CHECKS = 1;

-- 验收查询示例
-- SELECT 'user' AS table_name, COUNT(*) AS total FROM `user`;
-- SELECT status, COUNT(*) FROM supplier GROUP BY status;
-- SELECT status, COUNT(*) FROM purchase_request GROUP BY status;
-- SELECT status, COUNT(*) FROM purchase_order GROUP BY status;
-- SELECT status, COUNT(*) FROM arrival GROUP BY status;
-- SELECT status, COUNT(*) FROM inbound GROUP BY status;
-- SELECT COUNT(*) FROM inventory_log;
-- SELECT request_id, COUNT(*) FROM purchase_order GROUP BY request_id HAVING COUNT(*) > 1;
-- SELECT arrival_id, COUNT(*) FROM inbound GROUP BY arrival_id HAVING COUNT(*) > 1;